<?xml version="1.0" encoding="UTF-8"?> 
<beans xmlns="http://www.springframework.org/schema/beans"
	xmlns:xsi="http://www.w3.org/2001/XMLSchema-instance"
	xmlns:tx="http://www.springframework.org/schema/tx"
	xmlns:aop="http://www.springframework.org/schema/aop"
	xmlns:mvc="http://www.springframework.org/schema/mvc"
	xmlns:context="http://www.springframework.org/schema/context"
	xmlns:util="http://www.springframework.org/schema/util"
	xsi:schemaLocation="http://www.springframework.org/schema/beans  
	http://www.springframework.org/schema/beans/spring-beans-3.0.xsd  
	http://www.springframework.org/schema/context http://www.springframework.org/schema/context/spring-context-3.0.xsd
	http://www.springframework.org/schema/tx http://www.springframework.org/schema/tx/spring-tx-3.0.xsd  
	http://www.springframework.org/schema/aop http://www.springframework.org/schema/aop/spring-aop-3.0.xsd
	http://www.springframework.org/schema/mvc http://www.springframework.org/schema/mvc/spring-mvc-3.0.xsd
	http://www.springframework.org/schema/util http://www.springframework.org/schema/util/spring-util-3.0.xsd">
	
<!-- 	<bean id="dataSource"
		class="org.springframework.jdbc.datasource.DriverManagerDataSource">
		<property name="driverClassName" value="org.gjt.mm.mysql.Driver" />
		<property name="url"
			value="jdbc:mysql://10.10.21.140:4307/ud?useUnicode=true&amp;characterEncoding=UTF-8" />
		<property name="username" value="billing" />
		<property name="password" value="billing" />
	</bean> -->
	<bean id="dataSource" class="com.ailk.emcc.util.common.SpringDataSource">
		<constructor-arg value="360wechat" />
	</bean>
	
	<util:map id="backupDataSources">		
		<entry key="dbkey1" value-ref="dataSource" />
	</util:map>	
</beans>