<?xml version="1.0" encoding="UTF-8" standalone="no"?>
<module xsi:noNamespaceSchemaLocation="http://10.10.10.149/easyframe/schema/biz.xsd">
  <service name="userServ" bind-entity="false" scope="both" ejb="true" session-bean-type="stateless">
    <method name="getMyProfile" scope="both">
      <parameter name="wechatId" type="String" primitive="false" collection="none" output="false" input="true"/>
      <return-type type="entity" ref="ref://com.ailk.emcc.busi.user.UserInfo" collection="none" primitive="false"/>
    </method>
    <method name="bindWechat" scope="both">
      <parameter name="openId" type="String" primitive="false" collection="none" output="false" input="true"/>
      <parameter name="acctId" type="Long" primitive="false" collection="none" output="false" input="true"/>
      <return-type type="entity" ref="ref://java.lang.Boolean" collection="none" primitive="false"/>
    </method>
    <method name="getActList" scope="both">
      <parameter name="mobile" type="String" primitive="false" collection="none" output="false" input="true"/>
      <parameter name="code" type="String" primitive="false" collection="none" output="false" input="true"/>
      <return-type type="List&lt;entity&gt;" ref="ref://com.ailk.emcc.busi.user.UserInfo" collection="none" primitive="false"/>
    </method>
  </service>
</module>