<?xml version="1.0" encoding="UTF-8" standalone="no"?>
<module xsi:noNamespaceSchemaLocation="http://10.10.10.149/easyframe/schema/biz.xsd">
  <service name="billServ" bind-entity="false" scope="both" ejb="true" session-bean-type="stateless">
    <method name="qryBillByWechatId" scope="both">
      <parameter name="startMonth" type="String" primitive="false" collection="none" output="false" input="true"/>
      <parameter name="endMonth" type="String" primitive="false" collection="none" output="false" input="true"/>
      <parameter name="wechatId" type="String" primitive="false" collection="none" output="false" input="true"/>
      <return-type type="Map&lt;String,entity&gt;" ref="ref://java.util.List" collection="none" primitive="false"/>
    </method>
    <method name="qryBillHisByWechatId" scope="both">
      <parameter name="wechatId" type="String" primitive="false" collection="none" output="false" input="true"/>
      <parameter name="startMonth" type="String" primitive="false" collection="none" output="false" input="true"/>
      <parameter name="endMonth" type="String" primitive="false" collection="none" output="false" input="true"/>
      <return-type type="Map&lt;String,entity&gt;" ref="ref://java.util.List" collection="none" primitive="false"/>
    </method>
    <method name="qryBillByAct" scope="both">
      <parameter name="startMonth" type="String" primitive="false" collection="none" output="false" input="true"/>
      <parameter name="endMonth" type="String" primitive="false" collection="none" output="false" input="true"/>
      <parameter name="acctId" type="Long" primitive="false" collection="none" output="false" input="true"/>
      <return-type type="List&lt;entity&gt;" ref="ref://com.ailk.emcc.busi.bill.BillDis" collection="none" primitive="false"/>
    </method>
  </service>
</module>