<?xml version="1.0" encoding="UTF-8"?>
<!DOCTYPE mapper PUBLIC "-//mybatis.org//DTD Mapper 3.0//EN" "http://mybatis.org/dtd/mybatis-3-mapper.dtd">
<mapper namespace="com.wwwarehouse.xdw.datasync.dao.mapper.AmAppkeyMapper">
  <resultMap id="BaseResultMap" type="com.wwwarehouse.xdw.datasync.dao.model.AmAppkeyDO">
    <id column="APP_UKID" jdbcType="DECIMAL" property="appUkid" />
    <result column="APP_NAME" jdbcType="VARCHAR" property="appName" />
    <result column="PLATFORM_ID" jdbcType="DECIMAL" property="platformId" />
    <result column="OWNER_BU_ID" jdbcType="DECIMAL" property="ownerBuId" />
    <result column="APP_TYPE" jdbcType="VARCHAR" property="appType" />
    <result column="STATUS" jdbcType="DECIMAL" property="status" />
    <result column="AUTH_TYPE" jdbcType="VARCHAR" property="authType" />
    <result column="API_URL" jdbcType="VARCHAR" property="apiUrl" />
    <result column="APP_KEY" jdbcType="VARCHAR" property="appKey" />
    <result column="APP_SECRET" jdbcType="VARCHAR" property="appSecret" />
    <result column="DATA_FORMAT" jdbcType="VARCHAR" property="dataFormat" />
    <result column="CHARSET" jdbcType="VARCHAR" property="charset" />
    <result column="SIGN_METHOD" jdbcType="VARCHAR" property="signMethod" />
    <result column="DATA_ENCRYPT" jdbcType="DECIMAL" property="dataEncrypt" />
    <result column="DATA_ENCRYPT_TYPE" jdbcType="VARCHAR" property="dataEncryptType" />
    <result column="AUTH_FILE_PATH" jdbcType="VARCHAR" property="authFilePath" />
    <result column="WHITE_IP" jdbcType="VARCHAR" property="whiteIp" />
    <result column="BLACK_IP" jdbcType="VARCHAR" property="blackIp" />
    <result column="SYS_PARAM_FORMAT" jdbcType="VARCHAR" property="sysParamFormat" />
    <result column="SERVICE_CODE" jdbcType="VARCHAR" property="serviceCode" />
    <result column="PLATFORM_ACCOUNT_ID" jdbcType="VARCHAR" property="platformAccountId" />
    <result column="CREATE_TIME" jdbcType="TIMESTAMP" property="createTime" />
    <result column="CREATE_USER_ID" jdbcType="DECIMAL" property="createUserId" />
    <result column="UPDATE_TIME" jdbcType="TIMESTAMP" property="updateTime" />
    <result column="UPDATE_USER_ID" jdbcType="DECIMAL" property="updateUserId" />
  </resultMap>
  <sql id="Example_Where_Clause">
    <where>
      <foreach collection="oredCriteria" item="criteria" separator="or">
        <if test="criteria.valid">
          <trim prefix="(" prefixOverrides="and" suffix=")">
            <foreach collection="criteria.criteria" item="criterion">
              <choose>
                <when test="criterion.noValue">
                  and ${criterion.condition}
                </when>
                <when test="criterion.singleValue">
                  and ${criterion.condition} #{criterion.value}
                </when>
                <when test="criterion.betweenValue">
                  and ${criterion.condition} #{criterion.value} and #{criterion.secondValue}
                </when>
                <when test="criterion.listValue">
                  and ${criterion.condition}
                  <foreach close=")" collection="criterion.value" item="listItem" open="(" separator=",">
                    #{listItem}
                  </foreach>
                </when>
              </choose>
            </foreach>
          </trim>
        </if>
      </foreach>
    </where>
  </sql>
  <sql id="Update_By_Example_Where_Clause">
    <where>
      <foreach collection="example.oredCriteria" item="criteria" separator="or">
        <if test="criteria.valid">
          <trim prefix="(" prefixOverrides="and" suffix=")">
            <foreach collection="criteria.criteria" item="criterion">
              <choose>
                <when test="criterion.noValue">
                  and ${criterion.condition}
                </when>
                <when test="criterion.singleValue">
                  and ${criterion.condition} #{criterion.value}
                </when>
                <when test="criterion.betweenValue">
                  and ${criterion.condition} #{criterion.value} and #{criterion.secondValue}
                </when>
                <when test="criterion.listValue">
                  and ${criterion.condition}
                  <foreach close=")" collection="criterion.value" item="listItem" open="(" separator=",">
                    #{listItem}
                  </foreach>
                </when>
              </choose>
            </foreach>
          </trim>
        </if>
      </foreach>
    </where>
  </sql>
  <sql id="Base_Column_List">
    APP_UKID, APP_NAME, PLATFORM_ID, OWNER_BU_ID, APP_TYPE, STATUS, AUTH_TYPE, API_URL, 
    APP_KEY, APP_SECRET, DATA_FORMAT, CHARSET, SIGN_METHOD, DATA_ENCRYPT, DATA_ENCRYPT_TYPE, 
    AUTH_FILE_PATH, WHITE_IP, BLACK_IP, SYS_PARAM_FORMAT, SERVICE_CODE, PLATFORM_ACCOUNT_ID, 
    CREATE_TIME, CREATE_USER_ID, UPDATE_TIME, UPDATE_USER_ID
  </sql>
  <select id="selectByExample" parameterType="com.wwwarehouse.xdw.datasync.dao.model.AmAppkeyExample" resultMap="BaseResultMap">
    select
    <if test="distinct">
      distinct
    </if>
    <include refid="Base_Column_List" />
    from AM_APPKEY
    <if test="_parameter != null">
      <include refid="Example_Where_Clause" />
    </if>
    <if test="orderByClause != null">
      order by ${orderByClause}
    </if>
    <if test="limit != null">
      <if test="offset != null">
        OFFSET ${offset} rows fetch first ${limit} rows only
      </if>
      <if test="offset == null">
        fetch first ${limit} rows only
      </if>
    </if>
  </select>
  <select id="selectByPrimaryKey" parameterType="java.lang.Long" resultMap="BaseResultMap">
    select 
    <include refid="Base_Column_List" />
    from AM_APPKEY
    where APP_UKID = #{appUkid,jdbcType=DECIMAL}
  </select>
  <delete id="deleteByPrimaryKey" parameterType="java.lang.Long">
    delete from AM_APPKEY
    where APP_UKID = #{appUkid,jdbcType=DECIMAL}
  </delete>
  <delete id="deleteByExample" parameterType="com.wwwarehouse.xdw.datasync.dao.model.AmAppkeyExample">
    delete from AM_APPKEY
    <if test="_parameter != null">
      <include refid="Example_Where_Clause" />
    </if>
  </delete>
  <insert id="insert" parameterType="com.wwwarehouse.xdw.datasync.dao.model.AmAppkeyDO">
    insert into AM_APPKEY (APP_UKID, APP_NAME, PLATFORM_ID, 
      OWNER_BU_ID, APP_TYPE, STATUS, 
      AUTH_TYPE, API_URL, APP_KEY, 
      APP_SECRET, DATA_FORMAT, CHARSET, 
      SIGN_METHOD, DATA_ENCRYPT, DATA_ENCRYPT_TYPE, 
      AUTH_FILE_PATH, WHITE_IP, BLACK_IP, 
      SYS_PARAM_FORMAT, SERVICE_CODE, PLATFORM_ACCOUNT_ID, 
      CREATE_TIME, CREATE_USER_ID, UPDATE_TIME, 
      UPDATE_USER_ID)
    values (#{appUkid,jdbcType=DECIMAL}, #{appName,jdbcType=VARCHAR}, #{platformId,jdbcType=DECIMAL}, 
      #{ownerBuId,jdbcType=DECIMAL}, #{appType,jdbcType=VARCHAR}, #{status,jdbcType=DECIMAL}, 
      #{authType,jdbcType=VARCHAR}, #{apiUrl,jdbcType=VARCHAR}, #{appKey,jdbcType=VARCHAR}, 
      #{appSecret,jdbcType=VARCHAR}, #{dataFormat,jdbcType=VARCHAR}, #{charset,jdbcType=VARCHAR}, 
      #{signMethod,jdbcType=VARCHAR}, #{dataEncrypt,jdbcType=DECIMAL}, #{dataEncryptType,jdbcType=VARCHAR}, 
      #{authFilePath,jdbcType=VARCHAR}, #{whiteIp,jdbcType=VARCHAR}, #{blackIp,jdbcType=VARCHAR}, 
      #{sysParamFormat,jdbcType=VARCHAR}, #{serviceCode,jdbcType=VARCHAR}, #{platformAccountId,jdbcType=VARCHAR}, 
      #{createTime,jdbcType=TIMESTAMP}, #{createUserId,jdbcType=DECIMAL}, #{updateTime,jdbcType=TIMESTAMP}, 
      #{updateUserId,jdbcType=DECIMAL})
  </insert>
  <insert id="insertSelective" parameterType="com.wwwarehouse.xdw.datasync.dao.model.AmAppkeyDO">
    insert into AM_APPKEY
    <trim prefix="(" suffix=")" suffixOverrides=",">
      <if test="appUkid != null">
        APP_UKID,
      </if>
      <if test="appName != null">
        APP_NAME,
      </if>
      <if test="platformId != null">
        PLATFORM_ID,
      </if>
      <if test="ownerBuId != null">
        OWNER_BU_ID,
      </if>
      <if test="appType != null">
        APP_TYPE,
      </if>
      <if test="status != null">
        STATUS,
      </if>
      <if test="authType != null">
        AUTH_TYPE,
      </if>
      <if test="apiUrl != null">
        API_URL,
      </if>
      <if test="appKey != null">
        APP_KEY,
      </if>
      <if test="appSecret != null">
        APP_SECRET,
      </if>
      <if test="dataFormat != null">
        DATA_FORMAT,
      </if>
      <if test="charset != null">
        CHARSET,
      </if>
      <if test="signMethod != null">
        SIGN_METHOD,
      </if>
      <if test="dataEncrypt != null">
        DATA_ENCRYPT,
      </if>
      <if test="dataEncryptType != null">
        DATA_ENCRYPT_TYPE,
      </if>
      <if test="authFilePath != null">
        AUTH_FILE_PATH,
      </if>
      <if test="whiteIp != null">
        WHITE_IP,
      </if>
      <if test="blackIp != null">
        BLACK_IP,
      </if>
      <if test="sysParamFormat != null">
        SYS_PARAM_FORMAT,
      </if>
      <if test="serviceCode != null">
        SERVICE_CODE,
      </if>
      <if test="platformAccountId != null">
        PLATFORM_ACCOUNT_ID,
      </if>
      <if test="createTime != null">
        CREATE_TIME,
      </if>
      <if test="createUserId != null">
        CREATE_USER_ID,
      </if>
      <if test="updateTime != null">
        UPDATE_TIME,
      </if>
      <if test="updateUserId != null">
        UPDATE_USER_ID,
      </if>
    </trim>
    <trim prefix="values (" suffix=")" suffixOverrides=",">
      <if test="appUkid != null">
        #{appUkid,jdbcType=DECIMAL},
      </if>
      <if test="appName != null">
        #{appName,jdbcType=VARCHAR},
      </if>
      <if test="platformId != null">
        #{platformId,jdbcType=DECIMAL},
      </if>
      <if test="ownerBuId != null">
        #{ownerBuId,jdbcType=DECIMAL},
      </if>
      <if test="appType != null">
        #{appType,jdbcType=VARCHAR},
      </if>
      <if test="status != null">
        #{status,jdbcType=DECIMAL},
      </if>
      <if test="authType != null">
        #{authType,jdbcType=VARCHAR},
      </if>
      <if test="apiUrl != null">
        #{apiUrl,jdbcType=VARCHAR},
      </if>
      <if test="appKey != null">
        #{appKey,jdbcType=VARCHAR},
      </if>
      <if test="appSecret != null">
        #{appSecret,jdbcType=VARCHAR},
      </if>
      <if test="dataFormat != null">
        #{dataFormat,jdbcType=VARCHAR},
      </if>
      <if test="charset != null">
        #{charset,jdbcType=VARCHAR},
      </if>
      <if test="signMethod != null">
        #{signMethod,jdbcType=VARCHAR},
      </if>
      <if test="dataEncrypt != null">
        #{dataEncrypt,jdbcType=DECIMAL},
      </if>
      <if test="dataEncryptType != null">
        #{dataEncryptType,jdbcType=VARCHAR},
      </if>
      <if test="authFilePath != null">
        #{authFilePath,jdbcType=VARCHAR},
      </if>
      <if test="whiteIp != null">
        #{whiteIp,jdbcType=VARCHAR},
      </if>
      <if test="blackIp != null">
        #{blackIp,jdbcType=VARCHAR},
      </if>
      <if test="sysParamFormat != null">
        #{sysParamFormat,jdbcType=VARCHAR},
      </if>
      <if test="serviceCode != null">
        #{serviceCode,jdbcType=VARCHAR},
      </if>
      <if test="platformAccountId != null">
        #{platformAccountId,jdbcType=VARCHAR},
      </if>
      <if test="createTime != null">
        #{createTime,jdbcType=TIMESTAMP},
      </if>
      <if test="createUserId != null">
        #{createUserId,jdbcType=DECIMAL},
      </if>
      <if test="updateTime != null">
        #{updateTime,jdbcType=TIMESTAMP},
      </if>
      <if test="updateUserId != null">
        #{updateUserId,jdbcType=DECIMAL},
      </if>
    </trim>
  </insert>
  <select id="countByExample" parameterType="com.wwwarehouse.xdw.datasync.dao.model.AmAppkeyExample" resultType="java.lang.Long">
    select count(*) from AM_APPKEY
    <if test="_parameter != null">
      <include refid="Example_Where_Clause" />
    </if>
  </select>
  <update id="updateByExampleSelective" parameterType="map">
    update AM_APPKEY
    <set>
      <if test="record.appUkid != null">
        APP_UKID = #{record.appUkid,jdbcType=DECIMAL},
      </if>
      <if test="record.appName != null">
        APP_NAME = #{record.appName,jdbcType=VARCHAR},
      </if>
      <if test="record.platformId != null">
        PLATFORM_ID = #{record.platformId,jdbcType=DECIMAL},
      </if>
      <if test="record.ownerBuId != null">
        OWNER_BU_ID = #{record.ownerBuId,jdbcType=DECIMAL},
      </if>
      <if test="record.appType != null">
        APP_TYPE = #{record.appType,jdbcType=VARCHAR},
      </if>
      <if test="record.status != null">
        STATUS = #{record.status,jdbcType=DECIMAL},
      </if>
      <if test="record.authType != null">
        AUTH_TYPE = #{record.authType,jdbcType=VARCHAR},
      </if>
      <if test="record.apiUrl != null">
        API_URL = #{record.apiUrl,jdbcType=VARCHAR},
      </if>
      <if test="record.appKey != null">
        APP_KEY = #{record.appKey,jdbcType=VARCHAR},
      </if>
      <if test="record.appSecret != null">
        APP_SECRET = #{record.appSecret,jdbcType=VARCHAR},
      </if>
      <if test="record.dataFormat != null">
        DATA_FORMAT = #{record.dataFormat,jdbcType=VARCHAR},
      </if>
      <if test="record.charset != null">
        CHARSET = #{record.charset,jdbcType=VARCHAR},
      </if>
      <if test="record.signMethod != null">
        SIGN_METHOD = #{record.signMethod,jdbcType=VARCHAR},
      </if>
      <if test="record.dataEncrypt != null">
        DATA_ENCRYPT = #{record.dataEncrypt,jdbcType=DECIMAL},
      </if>
      <if test="record.dataEncryptType != null">
        DATA_ENCRYPT_TYPE = #{record.dataEncryptType,jdbcType=VARCHAR},
      </if>
      <if test="record.authFilePath != null">
        AUTH_FILE_PATH = #{record.authFilePath,jdbcType=VARCHAR},
      </if>
      <if test="record.whiteIp != null">
        WHITE_IP = #{record.whiteIp,jdbcType=VARCHAR},
      </if>
      <if test="record.blackIp != null">
        BLACK_IP = #{record.blackIp,jdbcType=VARCHAR},
      </if>
      <if test="record.sysParamFormat != null">
        SYS_PARAM_FORMAT = #{record.sysParamFormat,jdbcType=VARCHAR},
      </if>
      <if test="record.serviceCode != null">
        SERVICE_CODE = #{record.serviceCode,jdbcType=VARCHAR},
      </if>
      <if test="record.platformAccountId != null">
        PLATFORM_ACCOUNT_ID = #{record.platformAccountId,jdbcType=VARCHAR},
      </if>
      <if test="record.createTime != null">
        CREATE_TIME = #{record.createTime,jdbcType=TIMESTAMP},
      </if>
      <if test="record.createUserId != null">
        CREATE_USER_ID = #{record.createUserId,jdbcType=DECIMAL},
      </if>
      <if test="record.updateTime != null">
        UPDATE_TIME = #{record.updateTime,jdbcType=TIMESTAMP},
      </if>
      <if test="record.updateUserId != null">
        UPDATE_USER_ID = #{record.updateUserId,jdbcType=DECIMAL},
      </if>
    </set>
    <if test="_parameter != null">
      <include refid="Update_By_Example_Where_Clause" />
    </if>
  </update>
  <update id="updateByExample" parameterType="map">
    update AM_APPKEY
    set APP_UKID = #{record.appUkid,jdbcType=DECIMAL},
      APP_NAME = #{record.appName,jdbcType=VARCHAR},
      PLATFORM_ID = #{record.platformId,jdbcType=DECIMAL},
      OWNER_BU_ID = #{record.ownerBuId,jdbcType=DECIMAL},
      APP_TYPE = #{record.appType,jdbcType=VARCHAR},
      STATUS = #{record.status,jdbcType=DECIMAL},
      AUTH_TYPE = #{record.authType,jdbcType=VARCHAR},
      API_URL = #{record.apiUrl,jdbcType=VARCHAR},
      APP_KEY = #{record.appKey,jdbcType=VARCHAR},
      APP_SECRET = #{record.appSecret,jdbcType=VARCHAR},
      DATA_FORMAT = #{record.dataFormat,jdbcType=VARCHAR},
      CHARSET = #{record.charset,jdbcType=VARCHAR},
      SIGN_METHOD = #{record.signMethod,jdbcType=VARCHAR},
      DATA_ENCRYPT = #{record.dataEncrypt,jdbcType=DECIMAL},
      DATA_ENCRYPT_TYPE = #{record.dataEncryptType,jdbcType=VARCHAR},
      AUTH_FILE_PATH = #{record.authFilePath,jdbcType=VARCHAR},
      WHITE_IP = #{record.whiteIp,jdbcType=VARCHAR},
      BLACK_IP = #{record.blackIp,jdbcType=VARCHAR},
      SYS_PARAM_FORMAT = #{record.sysParamFormat,jdbcType=VARCHAR},
      SERVICE_CODE = #{record.serviceCode,jdbcType=VARCHAR},
      PLATFORM_ACCOUNT_ID = #{record.platformAccountId,jdbcType=VARCHAR},
      CREATE_TIME = #{record.createTime,jdbcType=TIMESTAMP},
      CREATE_USER_ID = #{record.createUserId,jdbcType=DECIMAL},
      UPDATE_TIME = #{record.updateTime,jdbcType=TIMESTAMP},
      UPDATE_USER_ID = #{record.updateUserId,jdbcType=DECIMAL}
    <if test="_parameter != null">
      <include refid="Update_By_Example_Where_Clause" />
    </if>
  </update>
  <update id="updateByPrimaryKeySelective" parameterType="com.wwwarehouse.xdw.datasync.dao.model.AmAppkeyDO">
    update AM_APPKEY
    <set>
      <if test="appName != null">
        APP_NAME = #{appName,jdbcType=VARCHAR},
      </if>
      <if test="platformId != null">
        PLATFORM_ID = #{platformId,jdbcType=DECIMAL},
      </if>
      <if test="ownerBuId != null">
        OWNER_BU_ID = #{ownerBuId,jdbcType=DECIMAL},
      </if>
      <if test="appType != null">
        APP_TYPE = #{appType,jdbcType=VARCHAR},
      </if>
      <if test="status != null">
        STATUS = #{status,jdbcType=DECIMAL},
      </if>
      <if test="authType != null">
        AUTH_TYPE = #{authType,jdbcType=VARCHAR},
      </if>
      <if test="apiUrl != null">
        API_URL = #{apiUrl,jdbcType=VARCHAR},
      </if>
      <if test="appKey != null">
        APP_KEY = #{appKey,jdbcType=VARCHAR},
      </if>
      <if test="appSecret != null">
        APP_SECRET = #{appSecret,jdbcType=VARCHAR},
      </if>
      <if test="dataFormat != null">
        DATA_FORMAT = #{dataFormat,jdbcType=VARCHAR},
      </if>
      <if test="charset != null">
        CHARSET = #{charset,jdbcType=VARCHAR},
      </if>
      <if test="signMethod != null">
        SIGN_METHOD = #{signMethod,jdbcType=VARCHAR},
      </if>
      <if test="dataEncrypt != null">
        DATA_ENCRYPT = #{dataEncrypt,jdbcType=DECIMAL},
      </if>
      <if test="dataEncryptType != null">
        DATA_ENCRYPT_TYPE = #{dataEncryptType,jdbcType=VARCHAR},
      </if>
      <if test="authFilePath != null">
        AUTH_FILE_PATH = #{authFilePath,jdbcType=VARCHAR},
      </if>
      <if test="whiteIp != null">
        WHITE_IP = #{whiteIp,jdbcType=VARCHAR},
      </if>
      <if test="blackIp != null">
        BLACK_IP = #{blackIp,jdbcType=VARCHAR},
      </if>
      <if test="sysParamFormat != null">
        SYS_PARAM_FORMAT = #{sysParamFormat,jdbcType=VARCHAR},
      </if>
      <if test="serviceCode != null">
        SERVICE_CODE = #{serviceCode,jdbcType=VARCHAR},
      </if>
      <if test="platformAccountId != null">
        PLATFORM_ACCOUNT_ID = #{platformAccountId,jdbcType=VARCHAR},
      </if>
      <if test="createTime != null">
        CREATE_TIME = #{createTime,jdbcType=TIMESTAMP},
      </if>
      <if test="createUserId != null">
        CREATE_USER_ID = #{createUserId,jdbcType=DECIMAL},
      </if>
      <if test="updateTime != null">
        UPDATE_TIME = #{updateTime,jdbcType=TIMESTAMP},
      </if>
      <if test="updateUserId != null">
        UPDATE_USER_ID = #{updateUserId,jdbcType=DECIMAL},
      </if>
    </set>
    where APP_UKID = #{appUkid,jdbcType=DECIMAL}
  </update>
  <update id="updateByPrimaryKey" parameterType="com.wwwarehouse.xdw.datasync.dao.model.AmAppkeyDO">
    update AM_APPKEY
    set APP_NAME = #{appName,jdbcType=VARCHAR},
      PLATFORM_ID = #{platformId,jdbcType=DECIMAL},
      OWNER_BU_ID = #{ownerBuId,jdbcType=DECIMAL},
      APP_TYPE = #{appType,jdbcType=VARCHAR},
      STATUS = #{status,jdbcType=DECIMAL},
      AUTH_TYPE = #{authType,jdbcType=VARCHAR},
      API_URL = #{apiUrl,jdbcType=VARCHAR},
      APP_KEY = #{appKey,jdbcType=VARCHAR},
      APP_SECRET = #{appSecret,jdbcType=VARCHAR},
      DATA_FORMAT = #{dataFormat,jdbcType=VARCHAR},
      CHARSET = #{charset,jdbcType=VARCHAR},
      SIGN_METHOD = #{signMethod,jdbcType=VARCHAR},
      DATA_ENCRYPT = #{dataEncrypt,jdbcType=DECIMAL},
      DATA_ENCRYPT_TYPE = #{dataEncryptType,jdbcType=VARCHAR},
      AUTH_FILE_PATH = #{authFilePath,jdbcType=VARCHAR},
      WHITE_IP = #{whiteIp,jdbcType=VARCHAR},
      BLACK_IP = #{blackIp,jdbcType=VARCHAR},
      SYS_PARAM_FORMAT = #{sysParamFormat,jdbcType=VARCHAR},
      SERVICE_CODE = #{serviceCode,jdbcType=VARCHAR},
      PLATFORM_ACCOUNT_ID = #{platformAccountId,jdbcType=VARCHAR},
      CREATE_TIME = #{createTime,jdbcType=TIMESTAMP},
      CREATE_USER_ID = #{createUserId,jdbcType=DECIMAL},
      UPDATE_TIME = #{updateTime,jdbcType=TIMESTAMP},
      UPDATE_USER_ID = #{updateUserId,jdbcType=DECIMAL}
    where APP_UKID = #{appUkid,jdbcType=DECIMAL}
  </update>
  <cache />
</mapper>