<?xml version="1.0" encoding="UTF-8"?>
<!DOCTYPE mapper PUBLIC "-//mybatis.org//DTD Mapper 3.0//EN" "http://mybatis.org/dtd/mybatis-3-mapper.dtd">
<mapper namespace="com.wwwarehouse.xdw.datasync.dao.mapper.AmAuthRecordDOMapper">
  <resultMap id="BaseResultMap" type="com.wwwarehouse.xdw.datasync.dao.model.AmAuthRecordDO">
    <id column="AUTH_RECORD_UKID" jdbcType="DECIMAL" property="authRecordUkid" />
    <result column="RELATED_ID" jdbcType="DECIMAL" property="relatedId" />
    <result column="CREATE_TIME" jdbcType="TIMESTAMP" property="createTime" />
    <result column="ACCESS_TOKEN" jdbcType="VARCHAR" property="accessToken" />
    <result column="REFRESH_TOKEN" jdbcType="VARCHAR" property="refreshToken" />
    <result column="EXPIRES_IN" jdbcType="DECIMAL" property="expiresIn" />
    <result column="RE_EXPIRES_IN" jdbcType="DECIMAL" property="reExpiresIn" />
    <result column="R1_EXPIRES_IN" jdbcType="DECIMAL" property="r1ExpiresIn" />
    <result column="R2_EXPIRES_IN" jdbcType="DECIMAL" property="r2ExpiresIn" />
    <result column="W1_EXPIRES_IN" jdbcType="DECIMAL" property="w1ExpiresIn" />
    <result column="W2_EXPIRES_IN" jdbcType="DECIMAL" property="w2ExpiresIn" />
    <result column="TOKEN_TYPE" jdbcType="VARCHAR" property="tokenType" />
    <result column="PLATFORM_USER_NICK" jdbcType="VARCHAR" property="platformUserNick" />
    <result column="PLATFORM_USER_ID" jdbcType="VARCHAR" property="platformUserId" />
    <result column="IS_LAST_AUTH" jdbcType="DECIMAL" property="isLastAuth" />
    <result column="CREATE_USER_ID" jdbcType="DECIMAL" property="createUserId" />
    <result column="APP_UKID" jdbcType="DECIMAL" property="appUkid" />
    <result column="UPDATE_TIME" jdbcType="TIMESTAMP" property="updateTime" />
    <result column="UPDATE_USER_ID" jdbcType="DECIMAL" property="updateUserId" />
  </resultMap>
  <sql id="Example_Where_Clause">
    <where>
      <foreach collection="oredCriteria" item="criteria" separator="or">
        <if test="criteria.valid">
          <trim prefix="(" prefixOverrides="and" suffix=")">
            <foreach collection="criteria.criteria" item="criterion">
              <choose>
                <when test="criterion.noValue">
                  and ${criterion.condition}
                </when>
                <when test="criterion.singleValue">
                  and ${criterion.condition} #{criterion.value}
                </when>
                <when test="criterion.betweenValue">
                  and ${criterion.condition} #{criterion.value} and #{criterion.secondValue}
                </when>
                <when test="criterion.listValue">
                  and ${criterion.condition}
                  <foreach close=")" collection="criterion.value" item="listItem" open="(" separator=",">
                    #{listItem}
                  </foreach>
                </when>
              </choose>
            </foreach>
          </trim>
        </if>
      </foreach>
    </where>
  </sql>
  <sql id="Update_By_Example_Where_Clause">
    <where>
      <foreach collection="example.oredCriteria" item="criteria" separator="or">
        <if test="criteria.valid">
          <trim prefix="(" prefixOverrides="and" suffix=")">
            <foreach collection="criteria.criteria" item="criterion">
              <choose>
                <when test="criterion.noValue">
                  and ${criterion.condition}
                </when>
                <when test="criterion.singleValue">
                  and ${criterion.condition} #{criterion.value}
                </when>
                <when test="criterion.betweenValue">
                  and ${criterion.condition} #{criterion.value} and #{criterion.secondValue}
                </when>
                <when test="criterion.listValue">
                  and ${criterion.condition}
                  <foreach close=")" collection="criterion.value" item="listItem" open="(" separator=",">
                    #{listItem}
                  </foreach>
                </when>
              </choose>
            </foreach>
          </trim>
        </if>
      </foreach>
    </where>
  </sql>
  <sql id="Base_Column_List">
    AUTH_RECORD_UKID, RELATED_ID, CREATE_TIME, ACCESS_TOKEN, REFRESH_TOKEN, EXPIRES_IN, 
    RE_EXPIRES_IN, R1_EXPIRES_IN, R2_EXPIRES_IN, W1_EXPIRES_IN, W2_EXPIRES_IN, TOKEN_TYPE, 
    PLATFORM_USER_NICK, PLATFORM_USER_ID, IS_LAST_AUTH, CREATE_USER_ID, APP_UKID, UPDATE_TIME, 
    UPDATE_USER_ID
  </sql>
  <select id="selectByExample" parameterType="com.wwwarehouse.xdw.datasync.dao.model.AmAuthRecordDOExample" resultMap="BaseResultMap">
    select
    <if test="distinct">
      distinct
    </if>
    <include refid="Base_Column_List" />
    from AM_AUTH_RECORD
    <if test="_parameter != null">
      <include refid="Example_Where_Clause" />
    </if>
    <if test="orderByClause != null">
      order by ${orderByClause}
    </if>
    <if test="limit != null">
      <if test="offset != null">
        OFFSET ${offset} rows fetch first ${limit} rows only
      </if>
      <if test="offset == null">
        fetch first ${limit} rows only
      </if>
    </if>
  </select>
  <select id="selectByPrimaryKey" parameterType="java.lang.Short" resultMap="BaseResultMap">
    select 
    <include refid="Base_Column_List" />
    from AM_AUTH_RECORD
    where AUTH_RECORD_UKID = #{authRecordUkid,jdbcType=DECIMAL}
  </select>
  <delete id="deleteByPrimaryKey" parameterType="java.lang.Short">
    delete from AM_AUTH_RECORD
    where AUTH_RECORD_UKID = #{authRecordUkid,jdbcType=DECIMAL}
  </delete>
  <delete id="deleteByExample" parameterType="com.wwwarehouse.xdw.datasync.dao.model.AmAuthRecordDOExample">
    delete from AM_AUTH_RECORD
    <if test="_parameter != null">
      <include refid="Example_Where_Clause" />
    </if>
  </delete>
  <insert id="insert" parameterType="com.wwwarehouse.xdw.datasync.dao.model.AmAuthRecordDO">
    insert into AM_AUTH_RECORD (AUTH_RECORD_UKID, RELATED_ID, CREATE_TIME, 
      ACCESS_TOKEN, REFRESH_TOKEN, EXPIRES_IN, 
      RE_EXPIRES_IN, R1_EXPIRES_IN, R2_EXPIRES_IN, 
      W1_EXPIRES_IN, W2_EXPIRES_IN, TOKEN_TYPE, 
      PLATFORM_USER_NICK, PLATFORM_USER_ID, IS_LAST_AUTH, 
      CREATE_USER_ID, APP_UKID, UPDATE_TIME, 
      UPDATE_USER_ID)
    values (#{authRecordUkid,jdbcType=DECIMAL}, #{relatedId,jdbcType=DECIMAL}, #{createTime,jdbcType=TIMESTAMP}, 
      #{accessToken,jdbcType=VARCHAR}, #{refreshToken,jdbcType=VARCHAR}, #{expiresIn,jdbcType=DECIMAL}, 
      #{reExpiresIn,jdbcType=DECIMAL}, #{r1ExpiresIn,jdbcType=DECIMAL}, #{r2ExpiresIn,jdbcType=DECIMAL}, 
      #{w1ExpiresIn,jdbcType=DECIMAL}, #{w2ExpiresIn,jdbcType=DECIMAL}, #{tokenType,jdbcType=VARCHAR}, 
      #{platformUserNick,jdbcType=VARCHAR}, #{platformUserId,jdbcType=VARCHAR}, #{isLastAuth,jdbcType=DECIMAL}, 
      #{createUserId,jdbcType=DECIMAL}, #{appUkid,jdbcType=DECIMAL}, #{updateTime,jdbcType=TIMESTAMP}, 
      #{updateUserId,jdbcType=DECIMAL})
  </insert>
  <insert id="insertSelective" parameterType="com.wwwarehouse.xdw.datasync.dao.model.AmAuthRecordDO">
    insert into AM_AUTH_RECORD
    <trim prefix="(" suffix=")" suffixOverrides=",">
      <if test="authRecordUkid != null">
        AUTH_RECORD_UKID,
      </if>
      <if test="relatedId != null">
        RELATED_ID,
      </if>
      <if test="createTime != null">
        CREATE_TIME,
      </if>
      <if test="accessToken != null">
        ACCESS_TOKEN,
      </if>
      <if test="refreshToken != null">
        REFRESH_TOKEN,
      </if>
      <if test="expiresIn != null">
        EXPIRES_IN,
      </if>
      <if test="reExpiresIn != null">
        RE_EXPIRES_IN,
      </if>
      <if test="r1ExpiresIn != null">
        R1_EXPIRES_IN,
      </if>
      <if test="r2ExpiresIn != null">
        R2_EXPIRES_IN,
      </if>
      <if test="w1ExpiresIn != null">
        W1_EXPIRES_IN,
      </if>
      <if test="w2ExpiresIn != null">
        W2_EXPIRES_IN,
      </if>
      <if test="tokenType != null">
        TOKEN_TYPE,
      </if>
      <if test="platformUserNick != null">
        PLATFORM_USER_NICK,
      </if>
      <if test="platformUserId != null">
        PLATFORM_USER_ID,
      </if>
      <if test="isLastAuth != null">
        IS_LAST_AUTH,
      </if>
      <if test="createUserId != null">
        CREATE_USER_ID,
      </if>
      <if test="appUkid != null">
        APP_UKID,
      </if>
      <if test="updateTime != null">
        UPDATE_TIME,
      </if>
      <if test="updateUserId != null">
        UPDATE_USER_ID,
      </if>
    </trim>
    <trim prefix="values (" suffix=")" suffixOverrides=",">
      <if test="authRecordUkid != null">
        #{authRecordUkid,jdbcType=DECIMAL},
      </if>
      <if test="relatedId != null">
        #{relatedId,jdbcType=DECIMAL},
      </if>
      <if test="createTime != null">
        #{createTime,jdbcType=TIMESTAMP},
      </if>
      <if test="accessToken != null">
        #{accessToken,jdbcType=VARCHAR},
      </if>
      <if test="refreshToken != null">
        #{refreshToken,jdbcType=VARCHAR},
      </if>
      <if test="expiresIn != null">
        #{expiresIn,jdbcType=DECIMAL},
      </if>
      <if test="reExpiresIn != null">
        #{reExpiresIn,jdbcType=DECIMAL},
      </if>
      <if test="r1ExpiresIn != null">
        #{r1ExpiresIn,jdbcType=DECIMAL},
      </if>
      <if test="r2ExpiresIn != null">
        #{r2ExpiresIn,jdbcType=DECIMAL},
      </if>
      <if test="w1ExpiresIn != null">
        #{w1ExpiresIn,jdbcType=DECIMAL},
      </if>
      <if test="w2ExpiresIn != null">
        #{w2ExpiresIn,jdbcType=DECIMAL},
      </if>
      <if test="tokenType != null">
        #{tokenType,jdbcType=VARCHAR},
      </if>
      <if test="platformUserNick != null">
        #{platformUserNick,jdbcType=VARCHAR},
      </if>
      <if test="platformUserId != null">
        #{platformUserId,jdbcType=VARCHAR},
      </if>
      <if test="isLastAuth != null">
        #{isLastAuth,jdbcType=DECIMAL},
      </if>
      <if test="createUserId != null">
        #{createUserId,jdbcType=DECIMAL},
      </if>
      <if test="appUkid != null">
        #{appUkid,jdbcType=DECIMAL},
      </if>
      <if test="updateTime != null">
        #{updateTime,jdbcType=TIMESTAMP},
      </if>
      <if test="updateUserId != null">
        #{updateUserId,jdbcType=DECIMAL},
      </if>
    </trim>
  </insert>
  <select id="countByExample" parameterType="com.wwwarehouse.xdw.datasync.dao.model.AmAuthRecordDOExample" resultType="java.lang.Long">
    select count(*) from AM_AUTH_RECORD
    <if test="_parameter != null">
      <include refid="Example_Where_Clause" />
    </if>
  </select>
  <update id="updateByExampleSelective" parameterType="map">
    update AM_AUTH_RECORD
    <set>
      <if test="record.authRecordUkid != null">
        AUTH_RECORD_UKID = #{record.authRecordUkid,jdbcType=DECIMAL},
      </if>
      <if test="record.relatedId != null">
        RELATED_ID = #{record.relatedId,jdbcType=DECIMAL},
      </if>
      <if test="record.createTime != null">
        CREATE_TIME = #{record.createTime,jdbcType=TIMESTAMP},
      </if>
      <if test="record.accessToken != null">
        ACCESS_TOKEN = #{record.accessToken,jdbcType=VARCHAR},
      </if>
      <if test="record.refreshToken != null">
        REFRESH_TOKEN = #{record.refreshToken,jdbcType=VARCHAR},
      </if>
      <if test="record.expiresIn != null">
        EXPIRES_IN = #{record.expiresIn,jdbcType=DECIMAL},
      </if>
      <if test="record.reExpiresIn != null">
        RE_EXPIRES_IN = #{record.reExpiresIn,jdbcType=DECIMAL},
      </if>
      <if test="record.r1ExpiresIn != null">
        R1_EXPIRES_IN = #{record.r1ExpiresIn,jdbcType=DECIMAL},
      </if>
      <if test="record.r2ExpiresIn != null">
        R2_EXPIRES_IN = #{record.r2ExpiresIn,jdbcType=DECIMAL},
      </if>
      <if test="record.w1ExpiresIn != null">
        W1_EXPIRES_IN = #{record.w1ExpiresIn,jdbcType=DECIMAL},
      </if>
      <if test="record.w2ExpiresIn != null">
        W2_EXPIRES_IN = #{record.w2ExpiresIn,jdbcType=DECIMAL},
      </if>
      <if test="record.tokenType != null">
        TOKEN_TYPE = #{record.tokenType,jdbcType=VARCHAR},
      </if>
      <if test="record.platformUserNick != null">
        PLATFORM_USER_NICK = #{record.platformUserNick,jdbcType=VARCHAR},
      </if>
      <if test="record.platformUserId != null">
        PLATFORM_USER_ID = #{record.platformUserId,jdbcType=VARCHAR},
      </if>
      <if test="record.isLastAuth != null">
        IS_LAST_AUTH = #{record.isLastAuth,jdbcType=DECIMAL},
      </if>
      <if test="record.createUserId != null">
        CREATE_USER_ID = #{record.createUserId,jdbcType=DECIMAL},
      </if>
      <if test="record.appUkid != null">
        APP_UKID = #{record.appUkid,jdbcType=DECIMAL},
      </if>
      <if test="record.updateTime != null">
        UPDATE_TIME = #{record.updateTime,jdbcType=TIMESTAMP},
      </if>
      <if test="record.updateUserId != null">
        UPDATE_USER_ID = #{record.updateUserId,jdbcType=DECIMAL},
      </if>
    </set>
    <if test="_parameter != null">
      <include refid="Update_By_Example_Where_Clause" />
    </if>
  </update>
  <update id="updateByExample" parameterType="map">
    update AM_AUTH_RECORD
    set AUTH_RECORD_UKID = #{record.authRecordUkid,jdbcType=DECIMAL},
      RELATED_ID = #{record.relatedId,jdbcType=DECIMAL},
      CREATE_TIME = #{record.createTime,jdbcType=TIMESTAMP},
      ACCESS_TOKEN = #{record.accessToken,jdbcType=VARCHAR},
      REFRESH_TOKEN = #{record.refreshToken,jdbcType=VARCHAR},
      EXPIRES_IN = #{record.expiresIn,jdbcType=DECIMAL},
      RE_EXPIRES_IN = #{record.reExpiresIn,jdbcType=DECIMAL},
      R1_EXPIRES_IN = #{record.r1ExpiresIn,jdbcType=DECIMAL},
      R2_EXPIRES_IN = #{record.r2ExpiresIn,jdbcType=DECIMAL},
      W1_EXPIRES_IN = #{record.w1ExpiresIn,jdbcType=DECIMAL},
      W2_EXPIRES_IN = #{record.w2ExpiresIn,jdbcType=DECIMAL},
      TOKEN_TYPE = #{record.tokenType,jdbcType=VARCHAR},
      PLATFORM_USER_NICK = #{record.platformUserNick,jdbcType=VARCHAR},
      PLATFORM_USER_ID = #{record.platformUserId,jdbcType=VARCHAR},
      IS_LAST_AUTH = #{record.isLastAuth,jdbcType=DECIMAL},
      CREATE_USER_ID = #{record.createUserId,jdbcType=DECIMAL},
      APP_UKID = #{record.appUkid,jdbcType=DECIMAL},
      UPDATE_TIME = #{record.updateTime,jdbcType=TIMESTAMP},
      UPDATE_USER_ID = #{record.updateUserId,jdbcType=DECIMAL}
    <if test="_parameter != null">
      <include refid="Update_By_Example_Where_Clause" />
    </if>
  </update>
  <update id="updateByPrimaryKeySelective" parameterType="com.wwwarehouse.xdw.datasync.dao.model.AmAuthRecordDO">
    update AM_AUTH_RECORD
    <set>
      <if test="relatedId != null">
        RELATED_ID = #{relatedId,jdbcType=DECIMAL},
      </if>
      <if test="createTime != null">
        CREATE_TIME = #{createTime,jdbcType=TIMESTAMP},
      </if>
      <if test="accessToken != null">
        ACCESS_TOKEN = #{accessToken,jdbcType=VARCHAR},
      </if>
      <if test="refreshToken != null">
        REFRESH_TOKEN = #{refreshToken,jdbcType=VARCHAR},
      </if>
      <if test="expiresIn != null">
        EXPIRES_IN = #{expiresIn,jdbcType=DECIMAL},
      </if>
      <if test="reExpiresIn != null">
        RE_EXPIRES_IN = #{reExpiresIn,jdbcType=DECIMAL},
      </if>
      <if test="r1ExpiresIn != null">
        R1_EXPIRES_IN = #{r1ExpiresIn,jdbcType=DECIMAL},
      </if>
      <if test="r2ExpiresIn != null">
        R2_EXPIRES_IN = #{r2ExpiresIn,jdbcType=DECIMAL},
      </if>
      <if test="w1ExpiresIn != null">
        W1_EXPIRES_IN = #{w1ExpiresIn,jdbcType=DECIMAL},
      </if>
      <if test="w2ExpiresIn != null">
        W2_EXPIRES_IN = #{w2ExpiresIn,jdbcType=DECIMAL},
      </if>
      <if test="tokenType != null">
        TOKEN_TYPE = #{tokenType,jdbcType=VARCHAR},
      </if>
      <if test="platformUserNick != null">
        PLATFORM_USER_NICK = #{platformUserNick,jdbcType=VARCHAR},
      </if>
      <if test="platformUserId != null">
        PLATFORM_USER_ID = #{platformUserId,jdbcType=VARCHAR},
      </if>
      <if test="isLastAuth != null">
        IS_LAST_AUTH = #{isLastAuth,jdbcType=DECIMAL},
      </if>
      <if test="createUserId != null">
        CREATE_USER_ID = #{createUserId,jdbcType=DECIMAL},
      </if>
      <if test="appUkid != null">
        APP_UKID = #{appUkid,jdbcType=DECIMAL},
      </if>
      <if test="updateTime != null">
        UPDATE_TIME = #{updateTime,jdbcType=TIMESTAMP},
      </if>
      <if test="updateUserId != null">
        UPDATE_USER_ID = #{updateUserId,jdbcType=DECIMAL},
      </if>
    </set>
    where AUTH_RECORD_UKID = #{authRecordUkid,jdbcType=DECIMAL}
  </update>
  <update id="updateByPrimaryKey" parameterType="com.wwwarehouse.xdw.datasync.dao.model.AmAuthRecordDO">
    update AM_AUTH_RECORD
    set RELATED_ID = #{relatedId,jdbcType=DECIMAL},
      CREATE_TIME = #{createTime,jdbcType=TIMESTAMP},
      ACCESS_TOKEN = #{accessToken,jdbcType=VARCHAR},
      REFRESH_TOKEN = #{refreshToken,jdbcType=VARCHAR},
      EXPIRES_IN = #{expiresIn,jdbcType=DECIMAL},
      RE_EXPIRES_IN = #{reExpiresIn,jdbcType=DECIMAL},
      R1_EXPIRES_IN = #{r1ExpiresIn,jdbcType=DECIMAL},
      R2_EXPIRES_IN = #{r2ExpiresIn,jdbcType=DECIMAL},
      W1_EXPIRES_IN = #{w1ExpiresIn,jdbcType=DECIMAL},
      W2_EXPIRES_IN = #{w2ExpiresIn,jdbcType=DECIMAL},
      TOKEN_TYPE = #{tokenType,jdbcType=VARCHAR},
      PLATFORM_USER_NICK = #{platformUserNick,jdbcType=VARCHAR},
      PLATFORM_USER_ID = #{platformUserId,jdbcType=VARCHAR},
      IS_LAST_AUTH = #{isLastAuth,jdbcType=DECIMAL},
      CREATE_USER_ID = #{createUserId,jdbcType=DECIMAL},
      APP_UKID = #{appUkid,jdbcType=DECIMAL},
      UPDATE_TIME = #{updateTime,jdbcType=TIMESTAMP},
      UPDATE_USER_ID = #{updateUserId,jdbcType=DECIMAL}
    where AUTH_RECORD_UKID = #{authRecordUkid,jdbcType=DECIMAL}
  </update>
  <cache />
</mapper>