<?xml version="1.0" encoding="UTF-8"?>
<!DOCTYPE mapper PUBLIC "-//mybatis.org//DTD Mapper 3.0//EN"
	"http://mybatis.org/dtd/mybatis-3-mapper.dtd">
<mapper namespace="com.wwwarehouse.xdw.datasync.dao.mapper.AmDownTimeMapper">
	<resultMap id="AmDownTimeMap" type="com.wwwarehouse.xdw.datasync.dao.model.AmDownTimeDO">
		<id property="ukid" column="ukid"/>
		<result property="relatedId" column="related_id"/>
		<result property="startDownTime" column="start_down_time"/>
		<result property="endDownTime" column="end_down_time"/>
		<result property="createTime" column="create_time"/>
		<result property="closeTime" column="close_time"/>
		<result property="updateTime" column="update_time"/>
		<result property="openUserId" column="open_user_id"/>
		<result property="closeUserId" column="close_user_id"/>
		<result property="isValid" column="is_valid"/>
	</resultMap>
	<sql id="base_fields">ukid,related_id,start_down_time,end_down_time,create_time,close_time,update_time,open_user_id,close_user_id,is_valid</sql>
	<sql id="sql_view">
		select <include refid="base_fields"/> 
		from am_down_time
	</sql>
	<insert id="insert" parameterType="com.wwwarehouse.xdw.datasync.dao.model.AmDownTimeDO">
	insert into am_down_time(
		ukid,related_id,start_down_time,end_down_time,create_time,close_time,update_time,open_user_id,close_user_id,is_valid
	) values(
		#{ukid},#{relatedId},#{startDownTime},#{endDownTime},sysdate,#{closeTime},sysdate,#{openUserId},#{closeUserId},#{isValid}
	)
	</insert>

	<update id="update" parameterType="com.wwwarehouse.xdw.datasync.dao.model.AmDownTimeDO">
	update am_down_time set
		related_id=#{relatedId},start_down_time=#{startDownTime},end_down_time=#{endDownTime},close_time=#{closeTime},update_time=sysdate,
		open_user_id=#{openUserId},close_user_id=#{closeUserId},is_valid=#{isValid}
	where ukid = #{ukid}
	</update>

	<delete id="delete" parameterType="java.lang.Long">
	delete from am_down_time where ukid=#{ukid}
	</delete>

	<select id="get" resultMap="AmDownTimeMap" parameterType="java.lang.Long">
	<include refid="sql_view"/> where ukid=#{ukid}
	</select>

	<!--<select id="gets" resultMap="AmDownTimeMap" parameterType="PageParameter">-->
	<!--<include refid="sql_view"/> where ${where} order by ${sort} -->
	<!--</select>-->

	<!--<select id="getCount" resultType="java.lang.Integer" parameterType="PageParameter">-->
	<!--select count(1) from am_down_time where ${where}-->
	<!--</select>-->
	
	<select id="getsByMap" resultMap="AmDownTimeMap" parameterType="java.util.HashMap">
        <include refid="sql_view"/>
        where 1=1
        <foreach collection="map.keys" item="_itemKey">
            <!-- _itemKey这里要写的复杂一点，不然会在#{} ${}里被解析掉-->
            <if test="null != map[_itemKey]">
               and ${_itemKey} = #{map[${_itemKey}]}
            </if>
        </foreach>
    </select>
	<select id="getCountByMap" resultMap="AmDownTimeMap" parameterType="java.util.HashMap">
		<include refid="sql_view"/>
		where 1=1
		<foreach collection="map.keys" item="_itemKey">
			<!-- _itemKey这里要写的复杂一点，不然会在#{} ${}里被解析掉-->
			<if test="null != map[_itemKey]">
				and ${_itemKey} = #{map[${_itemKey}]}
			</if>
		</foreach>
	</select>
	<update id="updateInvalid">
		update am_down_time set
		close_time=sysdate,update_time=sysdate,close_user_id=#{closeUserId},is_valid=9
		where related_id=#{relatedId} and is_valid=1
	</update>
</mapper>