<?xml version="1.0" encoding="UTF-8"?>
<!DOCTYPE mapper PUBLIC "-//mybatis.org//DTD Mapper 3.0//EN" "http://mybatis.org/dtd/mybatis-3-mapper.dtd">
<mapper namespace="com.wwwarehouse.xdw.datasync.dao.mapper.AmSmsSortDOMapper">
    <resultMap id="BaseResultMap" type="com.wwwarehouse.xdw.datasync.dao.model.AmSmsSortDO">
        <id column="SMS_SORT_UKID" jdbcType="DECIMAL" property="smsSortUkid"/>
        <result column="APP_UKID" jdbcType="DECIMAL" property="appUkid"/>
        <result column="SORT_INDEX" jdbcType="DECIMAL" property="sortIndex"/>
        <result column="CREATE_TIME" jdbcType="TIMESTAMP" property="createTime"/>
        <result column="CREATE_USER_ID" jdbcType="DECIMAL" property="createUserId"/>
        <result column="UPDATE_TIME" jdbcType="TIMESTAMP" property="updateTime"/>
        <result column="UPDATE_USER_ID" jdbcType="DECIMAL" property="updateUserId"/>
    </resultMap>
    <sql id="Example_Where_Clause">
        <where>
            <foreach collection="oredCriteria" item="criteria" separator="or">
                <if test="criteria.valid">
                    <trim prefix="(" prefixOverrides="and" suffix=")">
                        <foreach collection="criteria.criteria" item="criterion">
                            <choose>
                                <when test="criterion.noValue">
                                    and ${criterion.condition}
                                </when>
                                <when test="criterion.singleValue">
                                    and ${criterion.condition} #{criterion.value}
                                </when>
                                <when test="criterion.betweenValue">
                                    and ${criterion.condition} #{criterion.value} and #{criterion.secondValue}
                                </when>
                                <when test="criterion.listValue">
                                    and ${criterion.condition}
                                    <foreach close=")" collection="criterion.value" item="listItem" open="("
                                             separator=",">
                                        #{listItem}
                                    </foreach>
                                </when>
                            </choose>
                        </foreach>
                    </trim>
                </if>
            </foreach>
        </where>
    </sql>
    <sql id="Update_By_Example_Where_Clause">
        <where>
            <foreach collection="example.oredCriteria" item="criteria" separator="or">
                <if test="criteria.valid">
                    <trim prefix="(" prefixOverrides="and" suffix=")">
                        <foreach collection="criteria.criteria" item="criterion">
                            <choose>
                                <when test="criterion.noValue">
                                    and ${criterion.condition}
                                </when>
                                <when test="criterion.singleValue">
                                    and ${criterion.condition} #{criterion.value}
                                </when>
                                <when test="criterion.betweenValue">
                                    and ${criterion.condition} #{criterion.value} and #{criterion.secondValue}
                                </when>
                                <when test="criterion.listValue">
                                    and ${criterion.condition}
                                    <foreach close=")" collection="criterion.value" item="listItem" open="("
                                             separator=",">
                                        #{listItem}
                                    </foreach>
                                </when>
                            </choose>
                        </foreach>
                    </trim>
                </if>
            </foreach>
        </where>
    </sql>
    <sql id="Base_Column_List">
    SMS_SORT_UKID, APP_UKID, SORT_INDEX, CREATE_TIME, CREATE_USER_ID, UPDATE_TIME, UPDATE_USER_ID
  </sql>
    <select id="selectByExample" parameterType="com.wwwarehouse.xdw.datasync.dao.model.AmSmsSortDOExample"
            resultMap="BaseResultMap">
        select
        <if test="distinct">
            distinct
        </if>
        <include refid="Base_Column_List"/>
        from AM_SMS_SORT
        <if test="_parameter != null">
            <include refid="Example_Where_Clause"/>
        </if>
        <if test="orderByClause != null">
            order by ${orderByClause}
        </if>
        <if test="limit != null">
            <if test="offset != null">
                OFFSET ${offset} rows fetch first ${limit} rows only
            </if>
            <if test="offset == null">
                fetch first ${limit} rows only
            </if>
        </if>
    </select>
    <select id="selectByPrimaryKey" parameterType="java.lang.Long" resultMap="BaseResultMap">
        select
        <include refid="Base_Column_List"/>
        from AM_SMS_SORT
        where SMS_SORT_UKID = #{smsSortUkid,jdbcType=DECIMAL}
    </select>
    <delete id="deleteByPrimaryKey" parameterType="java.lang.Long">
    delete from AM_SMS_SORT
    where SMS_SORT_UKID = #{smsSortUkid,jdbcType=DECIMAL}
  </delete>
    <delete id="deleteByExample" parameterType="com.wwwarehouse.xdw.datasync.dao.model.AmSmsSortDOExample">
        delete from AM_SMS_SORT
        <if test="_parameter != null">
            <include refid="Example_Where_Clause"/>
        </if>
    </delete>
    <insert id="insert" parameterType="com.wwwarehouse.xdw.datasync.dao.model.AmSmsSortDO">
    insert into AM_SMS_SORT (SMS_SORT_UKID, APP_UKID, SORT_INDEX, 
      CREATE_TIME, CREATE_USER_ID, UPDATE_TIME, 
      UPDATE_USER_ID)
    values (#{smsSortUkid,jdbcType=DECIMAL}, #{appUkid,jdbcType=DECIMAL}, #{sortIndex,jdbcType=DECIMAL}, 
      #{createTime,jdbcType=TIMESTAMP}, #{createUserId,jdbcType=DECIMAL}, #{updateTime,jdbcType=TIMESTAMP}, 
      #{updateUserId,jdbcType=DECIMAL})
  </insert>
    <insert id="insertSelective" parameterType="com.wwwarehouse.xdw.datasync.dao.model.AmSmsSortDO">
        insert into AM_SMS_SORT
        <trim prefix="(" suffix=")" suffixOverrides=",">
            <if test="smsSortUkid != null">
                SMS_SORT_UKID,
            </if>
            <if test="appUkid != null">
                APP_UKID,
            </if>
            <if test="sortIndex != null">
                SORT_INDEX,
            </if>
            <if test="createTime != null">
                CREATE_TIME,
            </if>
            <if test="createUserId != null">
                CREATE_USER_ID,
            </if>
            <if test="updateTime != null">
                UPDATE_TIME,
            </if>
            <if test="updateUserId != null">
                UPDATE_USER_ID,
            </if>
        </trim>
        <trim prefix="values (" suffix=")" suffixOverrides=",">
            <if test="smsSortUkid != null">
                #{smsSortUkid,jdbcType=DECIMAL},
            </if>
            <if test="appUkid != null">
                #{appUkid,jdbcType=DECIMAL},
            </if>
            <if test="sortIndex != null">
                #{sortIndex,jdbcType=DECIMAL},
            </if>
            <if test="createTime != null">
                #{createTime,jdbcType=TIMESTAMP},
            </if>
            <if test="createUserId != null">
                #{createUserId,jdbcType=DECIMAL},
            </if>
            <if test="updateTime != null">
                #{updateTime,jdbcType=TIMESTAMP},
            </if>
            <if test="updateUserId != null">
                #{updateUserId,jdbcType=DECIMAL},
            </if>
        </trim>
    </insert>
    <select id="countByExample" parameterType="com.wwwarehouse.xdw.datasync.dao.model.AmSmsSortDOExample"
            resultType="java.lang.Long">
        select count(*) from AM_SMS_SORT
        <if test="_parameter != null">
            <include refid="Example_Where_Clause"/>
        </if>
    </select>
    <update id="updateByExampleSelective" parameterType="map">
        update AM_SMS_SORT
        <set>
            <if test="record.smsSortUkid != null">
                SMS_SORT_UKID = #{record.smsSortUkid,jdbcType=DECIMAL},
            </if>
            <if test="record.appUkid != null">
                APP_UKID = #{record.appUkid,jdbcType=DECIMAL},
            </if>
            <if test="record.sortIndex != null">
                SORT_INDEX = #{record.sortIndex,jdbcType=DECIMAL},
            </if>
            <if test="record.createTime != null">
                CREATE_TIME = #{record.createTime,jdbcType=TIMESTAMP},
            </if>
            <if test="record.createUserId != null">
                CREATE_USER_ID = #{record.createUserId,jdbcType=DECIMAL},
            </if>
            <if test="record.updateTime != null">
                UPDATE_TIME = #{record.updateTime,jdbcType=TIMESTAMP},
            </if>
            <if test="record.updateUserId != null">
                UPDATE_USER_ID = #{record.updateUserId,jdbcType=DECIMAL},
            </if>
        </set>
        <if test="_parameter != null">
            <include refid="Update_By_Example_Where_Clause"/>
        </if>
    </update>
    <update id="updateByExample" parameterType="map">
        update AM_SMS_SORT
        set SMS_SORT_UKID = #{record.smsSortUkid,jdbcType=DECIMAL},
        APP_UKID = #{record.appUkid,jdbcType=DECIMAL},
        SORT_INDEX = #{record.sortIndex,jdbcType=DECIMAL},
        CREATE_TIME = #{record.createTime,jdbcType=TIMESTAMP},
        CREATE_USER_ID = #{record.createUserId,jdbcType=DECIMAL},
        UPDATE_TIME = #{record.updateTime,jdbcType=TIMESTAMP},
        UPDATE_USER_ID = #{record.updateUserId,jdbcType=DECIMAL}
        <if test="_parameter != null">
            <include refid="Update_By_Example_Where_Clause"/>
        </if>
    </update>
    <update id="updateByPrimaryKeySelective" parameterType="com.wwwarehouse.xdw.datasync.dao.model.AmSmsSortDO">
        update AM_SMS_SORT
        <set>
            <if test="appUkid != null">
                APP_UKID = #{appUkid,jdbcType=DECIMAL},
            </if>
            <if test="sortIndex != null">
                SORT_INDEX = #{sortIndex,jdbcType=DECIMAL},
            </if>
            <if test="createTime != null">
                CREATE_TIME = #{createTime,jdbcType=TIMESTAMP},
            </if>
            <if test="createUserId != null">
                CREATE_USER_ID = #{createUserId,jdbcType=DECIMAL},
            </if>
            <if test="updateTime != null">
                UPDATE_TIME = #{updateTime,jdbcType=TIMESTAMP},
            </if>
            <if test="updateUserId != null">
                UPDATE_USER_ID = #{updateUserId,jdbcType=DECIMAL},
            </if>
        </set>
        where SMS_SORT_UKID = #{smsSortUkid,jdbcType=DECIMAL}
    </update>
    <update id="updateByPrimaryKey" parameterType="com.wwwarehouse.xdw.datasync.dao.model.AmSmsSortDO">
    update AM_SMS_SORT
    set APP_UKID = #{appUkid,jdbcType=DECIMAL},
      SORT_INDEX = #{sortIndex,jdbcType=DECIMAL},
      CREATE_TIME = #{createTime,jdbcType=TIMESTAMP},
      CREATE_USER_ID = #{createUserId,jdbcType=DECIMAL},
      UPDATE_TIME = #{updateTime,jdbcType=TIMESTAMP},
      UPDATE_USER_ID = #{updateUserId,jdbcType=DECIMAL}
    where SMS_SORT_UKID = #{smsSortUkid,jdbcType=DECIMAL}
  </update>
    <select id="getAmSmsSortByAppUkids" resultMap="BaseResultMap">
    Select
    <include refid="Base_Column_List"/>
    from AM_SMS_SORT where SORT_INDEX=(Select max(sort_index) from AM_SMS_SORT WHERE APP_UKID in
    <foreach item="item" index="index" collection="list" open="(" separator="," close=")">
        #{item}
    </foreach>
    ) AND rownum=1
  </select>
    <cache/>
</mapper>