<?xml version="1.0" encoding="UTF-8"?>
<!DOCTYPE mapper PUBLIC "-//mybatis.org//DTD Mapper 3.0//EN" "http://mybatis.org/dtd/mybatis-3-mapper.dtd">
<mapper namespace="com.wwwarehouse.xdw.datasync.dao.mapper.BaAreaDOMapper">
  <resultMap id="BaseResultMap" type="com.wwwarehouse.xdw.datasync.dao.model.BaAreaDO">
    <id column="AREA_ID" jdbcType="VARCHAR" property="areaId" />
    <id column="COUNTRY_ID" jdbcType="VARCHAR" property="countryId" />
    <result column="AREA_NAME" jdbcType="VARCHAR" property="areaName" />
    <result column="AREA_TYPE" jdbcType="DECIMAL" property="areaType" />
    <result column="PARENT_AREA_ID" jdbcType="VARCHAR" property="parentAreaId" />
    <result column="UPDATE_USER_ID" jdbcType="DECIMAL" property="updateUserId" />
    <result column="UPDATE_TIME" jdbcType="TIMESTAMP" property="updateTime" />
    <result column="CREATE_TIME" jdbcType="TIMESTAMP" property="createTime" />
    <result column="CREATE_USER_ID" jdbcType="DECIMAL" property="createUserId" />
    <result column="COORDINATE_POINT_UKID" jdbcType="DECIMAL" property="coordinatePointUkid" />
    <result column="ZIP_CODE" jdbcType="VARCHAR" property="zipCode" />
  </resultMap>
  <sql id="Example_Where_Clause">
    <where>
      <foreach collection="oredCriteria" item="criteria" separator="or">
        <if test="criteria.valid">
          <trim prefix="(" prefixOverrides="and" suffix=")">
            <foreach collection="criteria.criteria" item="criterion">
              <choose>
                <when test="criterion.noValue">
                  and ${criterion.condition}
                </when>
                <when test="criterion.singleValue">
                  and ${criterion.condition} #{criterion.value}
                </when>
                <when test="criterion.betweenValue">
                  and ${criterion.condition} #{criterion.value} and #{criterion.secondValue}
                </when>
                <when test="criterion.listValue">
                  and ${criterion.condition}
                  <foreach close=")" collection="criterion.value" item="listItem" open="(" separator=",">
                    #{listItem}
                  </foreach>
                </when>
              </choose>
            </foreach>
          </trim>
        </if>
      </foreach>
    </where>
  </sql>
  <sql id="Update_By_Example_Where_Clause">
    <where>
      <foreach collection="example.oredCriteria" item="criteria" separator="or">
        <if test="criteria.valid">
          <trim prefix="(" prefixOverrides="and" suffix=")">
            <foreach collection="criteria.criteria" item="criterion">
              <choose>
                <when test="criterion.noValue">
                  and ${criterion.condition}
                </when>
                <when test="criterion.singleValue">
                  and ${criterion.condition} #{criterion.value}
                </when>
                <when test="criterion.betweenValue">
                  and ${criterion.condition} #{criterion.value} and #{criterion.secondValue}
                </when>
                <when test="criterion.listValue">
                  and ${criterion.condition}
                  <foreach close=")" collection="criterion.value" item="listItem" open="(" separator=",">
                    #{listItem}
                  </foreach>
                </when>
              </choose>
            </foreach>
          </trim>
        </if>
      </foreach>
    </where>
  </sql>
  <sql id="Base_Column_List">
    AREA_ID, COUNTRY_ID, AREA_NAME, AREA_TYPE, PARENT_AREA_ID, UPDATE_USER_ID, UPDATE_TIME, 
    CREATE_TIME, CREATE_USER_ID, COORDINATE_POINT_UKID, ZIP_CODE
  </sql>
  <select id="selectByExample" parameterType="com.wwwarehouse.xdw.datasync.dao.model.BaAreaDOExample" resultMap="BaseResultMap">
    select
    <if test="distinct">
      distinct
    </if>
    <include refid="Base_Column_List" />
    from BA_AREA
    <if test="_parameter != null">
      <include refid="Example_Where_Clause" />
    </if>
    <if test="orderByClause != null">
      order by ${orderByClause}
    </if>
    <if test="limit != null">
      <if test="offset != null">
        OFFSET ${offset} rows fetch first ${limit} rows only
      </if>
      <if test="offset == null">
        fetch first ${limit} rows only
      </if>
    </if>
  </select>
  <select id="selectByPrimaryKey" parameterType="map" resultMap="BaseResultMap">
    select 
    <include refid="Base_Column_List" />
    from BA_AREA
    where AREA_ID = #{areaId,jdbcType=VARCHAR}
      and COUNTRY_ID = #{countryId,jdbcType=VARCHAR}
  </select>
  <delete id="deleteByPrimaryKey" parameterType="map">
    delete from BA_AREA
    where AREA_ID = #{areaId,jdbcType=VARCHAR}
      and COUNTRY_ID = #{countryId,jdbcType=VARCHAR}
  </delete>
  <delete id="deleteByExample" parameterType="com.wwwarehouse.xdw.datasync.dao.model.BaAreaDOExample">
    delete from BA_AREA
    <if test="_parameter != null">
      <include refid="Example_Where_Clause" />
    </if>
  </delete>
  <insert id="insert" parameterType="com.wwwarehouse.xdw.datasync.dao.model.BaAreaDO">
    insert into BA_AREA (AREA_ID, COUNTRY_ID, AREA_NAME, 
      AREA_TYPE, PARENT_AREA_ID, UPDATE_USER_ID, 
      UPDATE_TIME, CREATE_TIME, CREATE_USER_ID, 
      COORDINATE_POINT_UKID, ZIP_CODE)
    values (#{areaId,jdbcType=VARCHAR}, #{countryId,jdbcType=VARCHAR}, #{areaName,jdbcType=VARCHAR}, 
      #{areaType,jdbcType=DECIMAL}, #{parentAreaId,jdbcType=VARCHAR}, #{updateUserId,jdbcType=DECIMAL}, 
      sysdate, sysdate, #{createUserId,jdbcType=DECIMAL}, 
      #{coordinatePointUkid,jdbcType=DECIMAL}, #{zipCode,jdbcType=VARCHAR})
  </insert>
  <insert id="insertSelective" parameterType="com.wwwarehouse.xdw.datasync.dao.model.BaAreaDO">
    insert into BA_AREA
    <trim prefix="(" suffix=")" suffixOverrides=",">
      <if test="areaId != null">
        AREA_ID,
      </if>
      <if test="countryId != null">
        COUNTRY_ID,
      </if>
      <if test="areaName != null">
        AREA_NAME,
      </if>
      <if test="areaType != null">
        AREA_TYPE,
      </if>
      <if test="parentAreaId != null">
        PARENT_AREA_ID,
      </if>
      <if test="updateUserId != null">
        UPDATE_USER_ID,
      </if>
      <if test="updateTime != null">
        UPDATE_TIME,
      </if>
      <if test="createTime != null">
        CREATE_TIME,
      </if>
      <if test="createUserId != null">
        CREATE_USER_ID,
      </if>
      <if test="coordinatePointUkid != null">
        COORDINATE_POINT_UKID,
      </if>
      <if test="zipCode != null">
        ZIP_CODE,
      </if>
    </trim>
    <trim prefix="values (" suffix=")" suffixOverrides=",">
      <if test="areaId != null">
        #{areaId,jdbcType=VARCHAR},
      </if>
      <if test="countryId != null">
        #{countryId,jdbcType=VARCHAR},
      </if>
      <if test="areaName != null">
        #{areaName,jdbcType=VARCHAR},
      </if>
      <if test="areaType != null">
        #{areaType,jdbcType=DECIMAL},
      </if>
      <if test="parentAreaId != null">
        #{parentAreaId,jdbcType=VARCHAR},
      </if>
      <if test="updateUserId != null">
        #{updateUserId,jdbcType=DECIMAL},
      </if>
      sysdate,
      sysdate,
      <if test="createUserId != null">
        #{createUserId,jdbcType=DECIMAL},
      </if>
      <if test="coordinatePointUkid != null">
        #{coordinatePointUkid,jdbcType=DECIMAL},
      </if>
      <if test="zipCode != null">
        #{zipCode,jdbcType=VARCHAR},
      </if>
    </trim>
  </insert>
  <select id="countByExample" parameterType="com.wwwarehouse.xdw.datasync.dao.model.BaAreaDOExample" resultType="java.lang.Long">
    select count(*) from BA_AREA
    <if test="_parameter != null">
      <include refid="Example_Where_Clause" />
    </if>
  </select>
  <update id="updateByExampleSelective" parameterType="map">
    update BA_AREA
    <set>
      <if test="record.areaId != null">
        AREA_ID = #{record.areaId,jdbcType=VARCHAR},
      </if>
      <if test="record.countryId != null">
        COUNTRY_ID = #{record.countryId,jdbcType=VARCHAR},
      </if>
      <if test="record.areaName != null">
        AREA_NAME = #{record.areaName,jdbcType=VARCHAR},
      </if>
      <if test="record.areaType != null">
        AREA_TYPE = #{record.areaType,jdbcType=DECIMAL},
      </if>
      <if test="record.parentAreaId != null">
        PARENT_AREA_ID = #{record.parentAreaId,jdbcType=VARCHAR},
      </if>
      <if test="record.updateUserId != null">
        UPDATE_USER_ID = #{record.updateUserId,jdbcType=DECIMAL},
      </if>
      sysdate,
      <if test="record.createUserId != null">
        CREATE_USER_ID = #{record.createUserId,jdbcType=DECIMAL},
      </if>
      <if test="record.coordinatePointUkid != null">
        COORDINATE_POINT_UKID = #{record.coordinatePointUkid,jdbcType=DECIMAL},
      </if>
      <if test="record.zipCode != null">
        ZIP_CODE = #{record.zipCode,jdbcType=VARCHAR},
      </if>
    </set>
    <if test="_parameter != null">
      <include refid="Update_By_Example_Where_Clause" />
    </if>
  </update>
  <update id="updateByExample" parameterType="map">
    update BA_AREA
    set AREA_ID = #{record.areaId,jdbcType=VARCHAR},
      COUNTRY_ID = #{record.countryId,jdbcType=VARCHAR},
      AREA_NAME = #{record.areaName,jdbcType=VARCHAR},
      AREA_TYPE = #{record.areaType,jdbcType=DECIMAL},
      PARENT_AREA_ID = #{record.parentAreaId,jdbcType=VARCHAR},
      UPDATE_USER_ID = #{record.updateUserId,jdbcType=DECIMAL},
    sysdate,
      CREATE_USER_ID = #{record.createUserId,jdbcType=DECIMAL},
      COORDINATE_POINT_UKID = #{record.coordinatePointUkid,jdbcType=DECIMAL},
      ZIP_CODE = #{record.zipCode,jdbcType=VARCHAR}
    <if test="_parameter != null">
      <include refid="Update_By_Example_Where_Clause" />
    </if>
  </update>
  <update id="updateByPrimaryKeySelective" parameterType="com.wwwarehouse.xdw.datasync.dao.model.BaAreaDO">
    update BA_AREA
    <set>
      <if test="areaName != null">
        AREA_NAME = #{areaName,jdbcType=VARCHAR},
      </if>
      <if test="areaType != null">
        AREA_TYPE = #{areaType,jdbcType=DECIMAL},
      </if>
      <if test="parentAreaId != null">
        PARENT_AREA_ID = #{parentAreaId,jdbcType=VARCHAR},
      </if>
      <if test="updateUserId != null">
        UPDATE_USER_ID = #{updateUserId,jdbcType=DECIMAL},
      </if>
      sysdate,
      <if test="createUserId != null">
        CREATE_USER_ID = #{createUserId,jdbcType=DECIMAL},
      </if>
      <if test="coordinatePointUkid != null">
        COORDINATE_POINT_UKID = #{coordinatePointUkid,jdbcType=DECIMAL},
      </if>
      <if test="zipCode != null">
        ZIP_CODE = #{zipCode,jdbcType=VARCHAR},
      </if>
    </set>
    where AREA_ID = #{areaId,jdbcType=VARCHAR}
      and COUNTRY_ID = #{countryId,jdbcType=VARCHAR}
  </update>
  <update id="updateByPrimaryKey" parameterType="com.wwwarehouse.xdw.datasync.dao.model.BaAreaDO">
    update BA_AREA
    set AREA_NAME = #{areaName,jdbcType=VARCHAR},
      AREA_TYPE = #{areaType,jdbcType=DECIMAL},
      PARENT_AREA_ID = #{parentAreaId,jdbcType=VARCHAR},
      UPDATE_USER_ID = #{updateUserId,jdbcType=DECIMAL},
    sysdate,
      CREATE_USER_ID = #{createUserId,jdbcType=DECIMAL},
      COORDINATE_POINT_UKID = #{coordinatePointUkid,jdbcType=DECIMAL},
      ZIP_CODE = #{zipCode,jdbcType=VARCHAR}
    where AREA_ID = #{areaId,jdbcType=VARCHAR}
      and COUNTRY_ID = #{countryId,jdbcType=VARCHAR}
  </update>
  <cache />
</mapper>