<?xml version="1.0" encoding="UTF-8"?>
<!DOCTYPE mapper PUBLIC "-//mybatis.org//DTD Mapper 3.0//EN" "http://mybatis.org/dtd/mybatis-3-mapper.dtd">
<mapper namespace="com.wwwarehouse.xdw.datasync.dao.mapper.BaCountryDOMapper">
  <resultMap id="BaseResultMap" type="com.wwwarehouse.xdw.datasync.dao.model.BaCountryDO">
    <id column="COUNTRY_ID" jdbcType="VARCHAR" property="countryId" />
    <result column="COUNTRY_NAME_EN" jdbcType="VARCHAR" property="countryNameEn" />
    <result column="COUNTRY_NAME_ZH" jdbcType="VARCHAR" property="countryNameZh" />
    <result column="COUNTRY_CALLING_CODE" jdbcType="VARCHAR" property="countryCallingCode" />
    <result column="TIME_ZONE" jdbcType="VARCHAR" property="timeZone" />
    <result column="JET_LAG" jdbcType="DECIMAL" property="jetLag" />
    <result column="EXTRA_COUNTRY_ID" jdbcType="VARCHAR" property="extraCountryId" />
    <result column="CREATE_TIME" jdbcType="TIMESTAMP" property="createTime" />
    <result column="UPDATE_TIME" jdbcType="TIMESTAMP" property="updateTime" />
    <result column="UPDATE_USER_ID" jdbcType="DECIMAL" property="updateUserId" />
    <result column="CREATE_USER_ID" jdbcType="DECIMAL" property="createUserId" />
  </resultMap>
  <sql id="Example_Where_Clause">
    <where>
      <foreach collection="oredCriteria" item="criteria" separator="or">
        <if test="criteria.valid">
          <trim prefix="(" prefixOverrides="and" suffix=")">
            <foreach collection="criteria.criteria" item="criterion">
              <choose>
                <when test="criterion.noValue">
                  and ${criterion.condition}
                </when>
                <when test="criterion.singleValue">
                  and ${criterion.condition} #{criterion.value}
                </when>
                <when test="criterion.betweenValue">
                  and ${criterion.condition} #{criterion.value} and #{criterion.secondValue}
                </when>
                <when test="criterion.listValue">
                  and ${criterion.condition}
                  <foreach close=")" collection="criterion.value" item="listItem" open="(" separator=",">
                    #{listItem}
                  </foreach>
                </when>
              </choose>
            </foreach>
          </trim>
        </if>
      </foreach>
    </where>
  </sql>
  <sql id="Update_By_Example_Where_Clause">
    <where>
      <foreach collection="example.oredCriteria" item="criteria" separator="or">
        <if test="criteria.valid">
          <trim prefix="(" prefixOverrides="and" suffix=")">
            <foreach collection="criteria.criteria" item="criterion">
              <choose>
                <when test="criterion.noValue">
                  and ${criterion.condition}
                </when>
                <when test="criterion.singleValue">
                  and ${criterion.condition} #{criterion.value}
                </when>
                <when test="criterion.betweenValue">
                  and ${criterion.condition} #{criterion.value} and #{criterion.secondValue}
                </when>
                <when test="criterion.listValue">
                  and ${criterion.condition}
                  <foreach close=")" collection="criterion.value" item="listItem" open="(" separator=",">
                    #{listItem}
                  </foreach>
                </when>
              </choose>
            </foreach>
          </trim>
        </if>
      </foreach>
    </where>
  </sql>
  <sql id="Base_Column_List">
    COUNTRY_ID, COUNTRY_NAME_EN, COUNTRY_NAME_ZH, COUNTRY_CALLING_CODE, TIME_ZONE, JET_LAG, 
    EXTRA_COUNTRY_ID, CREATE_TIME, UPDATE_TIME, UPDATE_USER_ID, CREATE_USER_ID
  </sql>
  <select id="selectByExample" parameterType="com.wwwarehouse.xdw.datasync.dao.model.BaCountryDOExample" resultMap="BaseResultMap">
    select
    <if test="distinct">
      distinct
    </if>
    <include refid="Base_Column_List" />
    from BA_COUNTRY
    <if test="_parameter != null">
      <include refid="Example_Where_Clause" />
    </if>
    <if test="orderByClause != null">
      order by ${orderByClause}
    </if>
    <if test="limit != null">
      <if test="offset != null">
        OFFSET ${offset} rows fetch first ${limit} rows only
      </if>
      <if test="offset == null">
        fetch first ${limit} rows only
      </if>
    </if>
  </select>
  <select id="selectByPrimaryKey" parameterType="java.lang.String" resultMap="BaseResultMap">
    select 
    <include refid="Base_Column_List" />
    from BA_COUNTRY
    where COUNTRY_ID = #{countryId,jdbcType=VARCHAR}
  </select>
  <delete id="deleteByPrimaryKey" parameterType="java.lang.String">
    delete from BA_COUNTRY
    where COUNTRY_ID = #{countryId,jdbcType=VARCHAR}
  </delete>
  <delete id="deleteByExample" parameterType="com.wwwarehouse.xdw.datasync.dao.model.BaCountryDOExample">
    delete from BA_COUNTRY
    <if test="_parameter != null">
      <include refid="Example_Where_Clause" />
    </if>
  </delete>
  <insert id="insert" parameterType="com.wwwarehouse.xdw.datasync.dao.model.BaCountryDO">
    insert into BA_COUNTRY (COUNTRY_ID, COUNTRY_NAME_EN, COUNTRY_NAME_ZH, 
      COUNTRY_CALLING_CODE, TIME_ZONE, JET_LAG, 
      EXTRA_COUNTRY_ID, CREATE_TIME, UPDATE_TIME, 
      UPDATE_USER_ID, CREATE_USER_ID)
    values (#{countryId,jdbcType=VARCHAR}, #{countryNameEn,jdbcType=VARCHAR}, #{countryNameZh,jdbcType=VARCHAR}, 
      #{countryCallingCode,jdbcType=VARCHAR}, #{timeZone,jdbcType=VARCHAR}, #{jetLag,jdbcType=DECIMAL}, 
      #{extraCountryId,jdbcType=VARCHAR}, #{createTime,jdbcType=TIMESTAMP}, #{updateTime,jdbcType=TIMESTAMP}, 
      #{updateUserId,jdbcType=DECIMAL}, #{createUserId,jdbcType=DECIMAL})
  </insert>
  <insert id="insertSelective" parameterType="com.wwwarehouse.xdw.datasync.dao.model.BaCountryDO">
    insert into BA_COUNTRY
    <trim prefix="(" suffix=")" suffixOverrides=",">
      <if test="countryId != null">
        COUNTRY_ID,
      </if>
      <if test="countryNameEn != null">
        COUNTRY_NAME_EN,
      </if>
      <if test="countryNameZh != null">
        COUNTRY_NAME_ZH,
      </if>
      <if test="countryCallingCode != null">
        COUNTRY_CALLING_CODE,
      </if>
      <if test="timeZone != null">
        TIME_ZONE,
      </if>
      <if test="jetLag != null">
        JET_LAG,
      </if>
      <if test="extraCountryId != null">
        EXTRA_COUNTRY_ID,
      </if>
      <if test="createTime != null">
        CREATE_TIME,
      </if>
      <if test="updateTime != null">
        UPDATE_TIME,
      </if>
      <if test="updateUserId != null">
        UPDATE_USER_ID,
      </if>
      <if test="createUserId != null">
        CREATE_USER_ID,
      </if>
    </trim>
    <trim prefix="values (" suffix=")" suffixOverrides=",">
      <if test="countryId != null">
        #{countryId,jdbcType=VARCHAR},
      </if>
      <if test="countryNameEn != null">
        #{countryNameEn,jdbcType=VARCHAR},
      </if>
      <if test="countryNameZh != null">
        #{countryNameZh,jdbcType=VARCHAR},
      </if>
      <if test="countryCallingCode != null">
        #{countryCallingCode,jdbcType=VARCHAR},
      </if>
      <if test="timeZone != null">
        #{timeZone,jdbcType=VARCHAR},
      </if>
      <if test="jetLag != null">
        #{jetLag,jdbcType=DECIMAL},
      </if>
      <if test="extraCountryId != null">
        #{extraCountryId,jdbcType=VARCHAR},
      </if>
      <if test="createTime != null">
        #{createTime,jdbcType=TIMESTAMP},
      </if>
      <if test="updateTime != null">
        #{updateTime,jdbcType=TIMESTAMP},
      </if>
      <if test="updateUserId != null">
        #{updateUserId,jdbcType=DECIMAL},
      </if>
      <if test="createUserId != null">
        #{createUserId,jdbcType=DECIMAL},
      </if>
    </trim>
  </insert>
  <select id="countByExample" parameterType="com.wwwarehouse.xdw.datasync.dao.model.BaCountryDOExample" resultType="java.lang.Long">
    select count(*) from BA_COUNTRY
    <if test="_parameter != null">
      <include refid="Example_Where_Clause" />
    </if>
  </select>
  <update id="updateByExampleSelective" parameterType="map">
    update BA_COUNTRY
    <set>
      <if test="record.countryId != null">
        COUNTRY_ID = #{record.countryId,jdbcType=VARCHAR},
      </if>
      <if test="record.countryNameEn != null">
        COUNTRY_NAME_EN = #{record.countryNameEn,jdbcType=VARCHAR},
      </if>
      <if test="record.countryNameZh != null">
        COUNTRY_NAME_ZH = #{record.countryNameZh,jdbcType=VARCHAR},
      </if>
      <if test="record.countryCallingCode != null">
        COUNTRY_CALLING_CODE = #{record.countryCallingCode,jdbcType=VARCHAR},
      </if>
      <if test="record.timeZone != null">
        TIME_ZONE = #{record.timeZone,jdbcType=VARCHAR},
      </if>
      <if test="record.jetLag != null">
        JET_LAG = #{record.jetLag,jdbcType=DECIMAL},
      </if>
      <if test="record.extraCountryId != null">
        EXTRA_COUNTRY_ID = #{record.extraCountryId,jdbcType=VARCHAR},
      </if>
      <if test="record.createTime != null">
        CREATE_TIME = #{record.createTime,jdbcType=TIMESTAMP},
      </if>
      <if test="record.updateTime != null">
        UPDATE_TIME = #{record.updateTime,jdbcType=TIMESTAMP},
      </if>
      <if test="record.updateUserId != null">
        UPDATE_USER_ID = #{record.updateUserId,jdbcType=DECIMAL},
      </if>
      <if test="record.createUserId != null">
        CREATE_USER_ID = #{record.createUserId,jdbcType=DECIMAL},
      </if>
    </set>
    <if test="_parameter != null">
      <include refid="Update_By_Example_Where_Clause" />
    </if>
  </update>
  <update id="updateByExample" parameterType="map">
    update BA_COUNTRY
    set COUNTRY_ID = #{record.countryId,jdbcType=VARCHAR},
      COUNTRY_NAME_EN = #{record.countryNameEn,jdbcType=VARCHAR},
      COUNTRY_NAME_ZH = #{record.countryNameZh,jdbcType=VARCHAR},
      COUNTRY_CALLING_CODE = #{record.countryCallingCode,jdbcType=VARCHAR},
      TIME_ZONE = #{record.timeZone,jdbcType=VARCHAR},
      JET_LAG = #{record.jetLag,jdbcType=DECIMAL},
      EXTRA_COUNTRY_ID = #{record.extraCountryId,jdbcType=VARCHAR},
      CREATE_TIME = #{record.createTime,jdbcType=TIMESTAMP},
      UPDATE_TIME = #{record.updateTime,jdbcType=TIMESTAMP},
      UPDATE_USER_ID = #{record.updateUserId,jdbcType=DECIMAL},
      CREATE_USER_ID = #{record.createUserId,jdbcType=DECIMAL}
    <if test="_parameter != null">
      <include refid="Update_By_Example_Where_Clause" />
    </if>
  </update>
  <update id="updateByPrimaryKeySelective" parameterType="com.wwwarehouse.xdw.datasync.dao.model.BaCountryDO">
    update BA_COUNTRY
    <set>
      <if test="countryNameEn != null">
        COUNTRY_NAME_EN = #{countryNameEn,jdbcType=VARCHAR},
      </if>
      <if test="countryNameZh != null">
        COUNTRY_NAME_ZH = #{countryNameZh,jdbcType=VARCHAR},
      </if>
      <if test="countryCallingCode != null">
        COUNTRY_CALLING_CODE = #{countryCallingCode,jdbcType=VARCHAR},
      </if>
      <if test="timeZone != null">
        TIME_ZONE = #{timeZone,jdbcType=VARCHAR},
      </if>
      <if test="jetLag != null">
        JET_LAG = #{jetLag,jdbcType=DECIMAL},
      </if>
      <if test="extraCountryId != null">
        EXTRA_COUNTRY_ID = #{extraCountryId,jdbcType=VARCHAR},
      </if>
      <if test="createTime != null">
        CREATE_TIME = #{createTime,jdbcType=TIMESTAMP},
      </if>
      <if test="updateTime != null">
        UPDATE_TIME = #{updateTime,jdbcType=TIMESTAMP},
      </if>
      <if test="updateUserId != null">
        UPDATE_USER_ID = #{updateUserId,jdbcType=DECIMAL},
      </if>
      <if test="createUserId != null">
        CREATE_USER_ID = #{createUserId,jdbcType=DECIMAL},
      </if>
    </set>
    where COUNTRY_ID = #{countryId,jdbcType=VARCHAR}
  </update>
  <update id="updateByPrimaryKey" parameterType="com.wwwarehouse.xdw.datasync.dao.model.BaCountryDO">
    update BA_COUNTRY
    set COUNTRY_NAME_EN = #{countryNameEn,jdbcType=VARCHAR},
      COUNTRY_NAME_ZH = #{countryNameZh,jdbcType=VARCHAR},
      COUNTRY_CALLING_CODE = #{countryCallingCode,jdbcType=VARCHAR},
      TIME_ZONE = #{timeZone,jdbcType=VARCHAR},
      JET_LAG = #{jetLag,jdbcType=DECIMAL},
      EXTRA_COUNTRY_ID = #{extraCountryId,jdbcType=VARCHAR},
      CREATE_TIME = #{createTime,jdbcType=TIMESTAMP},
      UPDATE_TIME = #{updateTime,jdbcType=TIMESTAMP},
      UPDATE_USER_ID = #{updateUserId,jdbcType=DECIMAL},
      CREATE_USER_ID = #{createUserId,jdbcType=DECIMAL}
    where COUNTRY_ID = #{countryId,jdbcType=VARCHAR}
  </update>
  <cache />
</mapper>