<?xml version="1.0" encoding="UTF-8"?>
<!DOCTYPE mapper PUBLIC "-//mybatis.org//DTD Mapper 3.0//EN" "http://mybatis.org/dtd/mybatis-3-mapper.dtd">
<mapper namespace="com.wwwarehouse.xdw.datasync.dao.mapper.ImPlatformItemDOMapper">
  <resultMap id="BaseResultMap" type="com.wwwarehouse.xdw.datasync.dao.model.ImPlatformItemDO">
    <id column="PLATFORM_ITEM_UKID" jdbcType="DECIMAL" property="platformItemUkid" />
    <result column="PLATFORM_ID" jdbcType="DECIMAL" property="platformId" />
    <result column="SHOP_ID" jdbcType="DECIMAL" property="shopId" />
    <result column="OWNER_ID" jdbcType="DECIMAL" property="ownerId" />
    <result column="IDENTIFY_CODE" jdbcType="VARCHAR" property="identifyCode" />
    <result column="IDENTIFY_UKID" jdbcType="DECIMAL" property="identifyUkid" />
    <result column="ITEM_STATUS" jdbcType="DECIMAL" property="itemStatus" />
    <result column="PRODUCT_NUM_ID" jdbcType="VARCHAR" property="productNumId" />
    <result column="PRODUCT_OUTER_ID" jdbcType="VARCHAR" property="productOuterId" />
    <result column="SKU_NUM_ID" jdbcType="VARCHAR" property="skuNumId" />
    <result column="SKU_OUTER_ID" jdbcType="VARCHAR" property="skuOuterId" />
    <result column="PRODUCT_TITLE" jdbcType="VARCHAR" property="productTitle" />
    <result column="SKU_NAME" jdbcType="VARCHAR" property="skuName" />
    <result column="SELL_PRICE" jdbcType="DECIMAL" property="sellPrice" />
    <result column="PLATFORM_IMG_URL" jdbcType="VARCHAR" property="platformImgUrl" />
    <result column="BRAND_NAME" jdbcType="VARCHAR" property="brandName" />
    <result column="CATEGORY" jdbcType="VARCHAR" property="category" />
    <result column="CREATE_TIME" jdbcType="TIMESTAMP" property="createTime" />
    <result column="CREATE_USER_ID" jdbcType="DECIMAL" property="createUserId" />
    <result column="UPDATE_TIME" jdbcType="TIMESTAMP" property="updateTime" />
    <result column="UPDATE_USER_ID" jdbcType="DECIMAL" property="updateUserId" />
    <result column="ITEM_COUNT" jdbcType="DECIMAL" property="itemCount" />
    <result column="CATEGORY_ID" jdbcType="VARCHAR" property="categoryId" />
    <result column="STATUS" jdbcType="DECIMAL" property="status" />
  </resultMap>
  <sql id="Example_Where_Clause">
    <where>
      <foreach collection="oredCriteria" item="criteria" separator="or">
        <if test="criteria.valid">
          <trim prefix="(" prefixOverrides="and" suffix=")">
            <foreach collection="criteria.criteria" item="criterion">
              <choose>
                <when test="criterion.noValue">
                  and ${criterion.condition}
                </when>
                <when test="criterion.singleValue">
                  and ${criterion.condition} #{criterion.value}
                </when>
                <when test="criterion.betweenValue">
                  and ${criterion.condition} #{criterion.value} and #{criterion.secondValue}
                </when>
                <when test="criterion.listValue">
                  and ${criterion.condition}
                  <foreach close=")" collection="criterion.value" item="listItem" open="(" separator=",">
                    #{listItem}
                  </foreach>
                </when>
              </choose>
            </foreach>
          </trim>
        </if>
      </foreach>
    </where>
  </sql>
  <sql id="Update_By_Example_Where_Clause">
    <where>
      <foreach collection="example.oredCriteria" item="criteria" separator="or">
        <if test="criteria.valid">
          <trim prefix="(" prefixOverrides="and" suffix=")">
            <foreach collection="criteria.criteria" item="criterion">
              <choose>
                <when test="criterion.noValue">
                  and ${criterion.condition}
                </when>
                <when test="criterion.singleValue">
                  and ${criterion.condition} #{criterion.value}
                </when>
                <when test="criterion.betweenValue">
                  and ${criterion.condition} #{criterion.value} and #{criterion.secondValue}
                </when>
                <when test="criterion.listValue">
                  and ${criterion.condition}
                  <foreach close=")" collection="criterion.value" item="listItem" open="(" separator=",">
                    #{listItem}
                  </foreach>
                </when>
              </choose>
            </foreach>
          </trim>
        </if>
      </foreach>
    </where>
  </sql>
  <sql id="Base_Column_List">
    PLATFORM_ITEM_UKID, PLATFORM_ID, SHOP_ID, OWNER_ID, IDENTIFY_CODE, IDENTIFY_UKID, 
    ITEM_STATUS, PRODUCT_NUM_ID, PRODUCT_OUTER_ID, SKU_NUM_ID, SKU_OUTER_ID, PRODUCT_TITLE, 
    SKU_NAME, SELL_PRICE, PLATFORM_IMG_URL, BRAND_NAME, CATEGORY, CREATE_TIME, CREATE_USER_ID, 
    UPDATE_TIME, UPDATE_USER_ID, ITEM_COUNT, CATEGORY_ID, STATUS
  </sql>
  <select id="selectByExample" parameterType="com.wwwarehouse.xdw.datasync.dao.model.ImPlatformItemDOExample" resultMap="BaseResultMap">
    select
    <if test="distinct">
      distinct
    </if>
    <include refid="Base_Column_List" />
    from IM_PLATFORM_ITEM
    <if test="_parameter != null">
      <include refid="Example_Where_Clause" />
    </if>
    <if test="orderByClause != null">
      order by ${orderByClause}
    </if>
    <if test="limit != null">
      <if test="offset != null">
        OFFSET ${offset} rows fetch first ${limit} rows only
      </if>
      <if test="offset == null">
        fetch first ${limit} rows only
      </if>
    </if>
  </select>
  <select id="selectByPrimaryKey" parameterType="java.lang.Short" resultMap="BaseResultMap">
    select 
    <include refid="Base_Column_List" />
    from IM_PLATFORM_ITEM
    where PLATFORM_ITEM_UKID = #{platformItemUkid,jdbcType=DECIMAL}
  </select>
  <delete id="deleteByPrimaryKey" parameterType="java.lang.Short">
    delete from IM_PLATFORM_ITEM
    where PLATFORM_ITEM_UKID = #{platformItemUkid,jdbcType=DECIMAL}
  </delete>
  <delete id="deleteByExample" parameterType="com.wwwarehouse.xdw.datasync.dao.model.ImPlatformItemDOExample">
    delete from IM_PLATFORM_ITEM
    <if test="_parameter != null">
      <include refid="Example_Where_Clause" />
    </if>
  </delete>
  <insert id="insert" parameterType="com.wwwarehouse.xdw.datasync.dao.model.ImPlatformItemDO">
    insert into IM_PLATFORM_ITEM (PLATFORM_ITEM_UKID, PLATFORM_ID, SHOP_ID, 
      OWNER_ID, IDENTIFY_CODE, IDENTIFY_UKID, 
      ITEM_STATUS, PRODUCT_NUM_ID, PRODUCT_OUTER_ID, 
      SKU_NUM_ID, SKU_OUTER_ID, PRODUCT_TITLE, 
      SKU_NAME, SELL_PRICE, PLATFORM_IMG_URL, 
      BRAND_NAME, CATEGORY, CREATE_TIME, 
      CREATE_USER_ID, UPDATE_TIME, UPDATE_USER_ID, 
      ITEM_COUNT, CATEGORY_ID, STATUS
      )
    values (#{platformItemUkid,jdbcType=DECIMAL}, #{platformId,jdbcType=DECIMAL}, #{shopId,jdbcType=DECIMAL}, 
      #{ownerId,jdbcType=DECIMAL}, #{identifyCode,jdbcType=VARCHAR}, #{identifyUkid,jdbcType=DECIMAL}, 
      #{itemStatus,jdbcType=DECIMAL}, #{productNumId,jdbcType=VARCHAR}, #{productOuterId,jdbcType=VARCHAR}, 
      #{skuNumId,jdbcType=VARCHAR}, #{skuOuterId,jdbcType=VARCHAR}, #{productTitle,jdbcType=VARCHAR}, 
      #{skuName,jdbcType=VARCHAR}, #{sellPrice,jdbcType=DECIMAL}, #{platformImgUrl,jdbcType=VARCHAR}, 
      #{brandName,jdbcType=VARCHAR}, #{category,jdbcType=VARCHAR}, #{createTime,jdbcType=TIMESTAMP}, 
      #{createUserId,jdbcType=DECIMAL}, #{updateTime,jdbcType=TIMESTAMP}, #{updateUserId,jdbcType=DECIMAL}, 
      #{itemCount,jdbcType=DECIMAL}, #{categoryId,jdbcType=VARCHAR}, #{status,jdbcType=DECIMAL}
      )
  </insert>
  <insert id="insertSelective" parameterType="com.wwwarehouse.xdw.datasync.dao.model.ImPlatformItemDO">
    insert into IM_PLATFORM_ITEM
    <trim prefix="(" suffix=")" suffixOverrides=",">
      <if test="platformItemUkid != null">
        PLATFORM_ITEM_UKID,
      </if>
      <if test="platformId != null">
        PLATFORM_ID,
      </if>
      <if test="shopId != null">
        SHOP_ID,
      </if>
      <if test="ownerId != null">
        OWNER_ID,
      </if>
      <if test="identifyCode != null">
        IDENTIFY_CODE,
      </if>
      <if test="identifyUkid != null">
        IDENTIFY_UKID,
      </if>
      <if test="itemStatus != null">
        ITEM_STATUS,
      </if>
      <if test="productNumId != null">
        PRODUCT_NUM_ID,
      </if>
      <if test="productOuterId != null">
        PRODUCT_OUTER_ID,
      </if>
      <if test="skuNumId != null">
        SKU_NUM_ID,
      </if>
      <if test="skuOuterId != null">
        SKU_OUTER_ID,
      </if>
      <if test="productTitle != null">
        PRODUCT_TITLE,
      </if>
      <if test="skuName != null">
        SKU_NAME,
      </if>
      <if test="sellPrice != null">
        SELL_PRICE,
      </if>
      <if test="platformImgUrl != null">
        PLATFORM_IMG_URL,
      </if>
      <if test="brandName != null">
        BRAND_NAME,
      </if>
      <if test="category != null">
        CATEGORY,
      </if>
      <if test="createTime != null">
        CREATE_TIME,
      </if>
      <if test="createUserId != null">
        CREATE_USER_ID,
      </if>
      <if test="updateTime != null">
        UPDATE_TIME,
      </if>
      <if test="updateUserId != null">
        UPDATE_USER_ID,
      </if>
      <if test="itemCount != null">
        ITEM_COUNT,
      </if>
      <if test="categoryId != null">
        CATEGORY_ID,
      </if>
      <if test="status != null">
        STATUS,
      </if>
    </trim>
    <trim prefix="values (" suffix=")" suffixOverrides=",">
      <if test="platformItemUkid != null">
        #{platformItemUkid,jdbcType=DECIMAL},
      </if>
      <if test="platformId != null">
        #{platformId,jdbcType=DECIMAL},
      </if>
      <if test="shopId != null">
        #{shopId,jdbcType=DECIMAL},
      </if>
      <if test="ownerId != null">
        #{ownerId,jdbcType=DECIMAL},
      </if>
      <if test="identifyCode != null">
        #{identifyCode,jdbcType=VARCHAR},
      </if>
      <if test="identifyUkid != null">
        #{identifyUkid,jdbcType=DECIMAL},
      </if>
      <if test="itemStatus != null">
        #{itemStatus,jdbcType=DECIMAL},
      </if>
      <if test="productNumId != null">
        #{productNumId,jdbcType=VARCHAR},
      </if>
      <if test="productOuterId != null">
        #{productOuterId,jdbcType=VARCHAR},
      </if>
      <if test="skuNumId != null">
        #{skuNumId,jdbcType=VARCHAR},
      </if>
      <if test="skuOuterId != null">
        #{skuOuterId,jdbcType=VARCHAR},
      </if>
      <if test="productTitle != null">
        #{productTitle,jdbcType=VARCHAR},
      </if>
      <if test="skuName != null">
        #{skuName,jdbcType=VARCHAR},
      </if>
      <if test="sellPrice != null">
        #{sellPrice,jdbcType=DECIMAL},
      </if>
      <if test="platformImgUrl != null">
        #{platformImgUrl,jdbcType=VARCHAR},
      </if>
      <if test="brandName != null">
        #{brandName,jdbcType=VARCHAR},
      </if>
      <if test="category != null">
        #{category,jdbcType=VARCHAR},
      </if>
      <if test="createTime != null">
        #{createTime,jdbcType=TIMESTAMP},
      </if>
      <if test="createUserId != null">
        #{createUserId,jdbcType=DECIMAL},
      </if>
      <if test="updateTime != null">
        #{updateTime,jdbcType=TIMESTAMP},
      </if>
      <if test="updateUserId != null">
        #{updateUserId,jdbcType=DECIMAL},
      </if>
      <if test="itemCount != null">
        #{itemCount,jdbcType=DECIMAL},
      </if>
      <if test="categoryId != null">
        #{categoryId,jdbcType=VARCHAR},
      </if>
      <if test="status != null">
        #{status,jdbcType=DECIMAL},
      </if>
    </trim>
  </insert>
  <select id="countByExample" parameterType="com.wwwarehouse.xdw.datasync.dao.model.ImPlatformItemDOExample" resultType="java.lang.Long">
    select count(*) from IM_PLATFORM_ITEM
    <if test="_parameter != null">
      <include refid="Example_Where_Clause" />
    </if>
  </select>
  <update id="updateByExampleSelective" parameterType="map">
    update IM_PLATFORM_ITEM
    <set>
      <if test="record.platformItemUkid != null">
        PLATFORM_ITEM_UKID = #{record.platformItemUkid,jdbcType=DECIMAL},
      </if>
      <if test="record.platformId != null">
        PLATFORM_ID = #{record.platformId,jdbcType=DECIMAL},
      </if>
      <if test="record.shopId != null">
        SHOP_ID = #{record.shopId,jdbcType=DECIMAL},
      </if>
      <if test="record.ownerId != null">
        OWNER_ID = #{record.ownerId,jdbcType=DECIMAL},
      </if>
      <if test="record.identifyCode != null">
        IDENTIFY_CODE = #{record.identifyCode,jdbcType=VARCHAR},
      </if>
      <if test="record.identifyUkid != null">
        IDENTIFY_UKID = #{record.identifyUkid,jdbcType=DECIMAL},
      </if>
      <if test="record.itemStatus != null">
        ITEM_STATUS = #{record.itemStatus,jdbcType=DECIMAL},
      </if>
      <if test="record.productNumId != null">
        PRODUCT_NUM_ID = #{record.productNumId,jdbcType=VARCHAR},
      </if>
      <if test="record.productOuterId != null">
        PRODUCT_OUTER_ID = #{record.productOuterId,jdbcType=VARCHAR},
      </if>
      <if test="record.skuNumId != null">
        SKU_NUM_ID = #{record.skuNumId,jdbcType=VARCHAR},
      </if>
      <if test="record.skuOuterId != null">
        SKU_OUTER_ID = #{record.skuOuterId,jdbcType=VARCHAR},
      </if>
      <if test="record.productTitle != null">
        PRODUCT_TITLE = #{record.productTitle,jdbcType=VARCHAR},
      </if>
      <if test="record.skuName != null">
        SKU_NAME = #{record.skuName,jdbcType=VARCHAR},
      </if>
      <if test="record.sellPrice != null">
        SELL_PRICE = #{record.sellPrice,jdbcType=DECIMAL},
      </if>
      <if test="record.platformImgUrl != null">
        PLATFORM_IMG_URL = #{record.platformImgUrl,jdbcType=VARCHAR},
      </if>
      <if test="record.brandName != null">
        BRAND_NAME = #{record.brandName,jdbcType=VARCHAR},
      </if>
      <if test="record.category != null">
        CATEGORY = #{record.category,jdbcType=VARCHAR},
      </if>
      <if test="record.createTime != null">
        CREATE_TIME = #{record.createTime,jdbcType=TIMESTAMP},
      </if>
      <if test="record.createUserId != null">
        CREATE_USER_ID = #{record.createUserId,jdbcType=DECIMAL},
      </if>
      <if test="record.updateTime != null">
        UPDATE_TIME = #{record.updateTime,jdbcType=TIMESTAMP},
      </if>
      <if test="record.updateUserId != null">
        UPDATE_USER_ID = #{record.updateUserId,jdbcType=DECIMAL},
      </if>
      <if test="record.itemCount != null">
        ITEM_COUNT = #{record.itemCount,jdbcType=DECIMAL},
      </if>
      <if test="record.categoryId != null">
        CATEGORY_ID = #{record.categoryId,jdbcType=VARCHAR},
      </if>
      <if test="record.status != null">
        STATUS = #{record.status,jdbcType=DECIMAL},
      </if>
    </set>
    <if test="_parameter != null">
      <include refid="Update_By_Example_Where_Clause" />
    </if>
  </update>
  <update id="updateByExample" parameterType="map">
    update IM_PLATFORM_ITEM
    set PLATFORM_ITEM_UKID = #{record.platformItemUkid,jdbcType=DECIMAL},
      PLATFORM_ID = #{record.platformId,jdbcType=DECIMAL},
      SHOP_ID = #{record.shopId,jdbcType=DECIMAL},
      OWNER_ID = #{record.ownerId,jdbcType=DECIMAL},
      IDENTIFY_CODE = #{record.identifyCode,jdbcType=VARCHAR},
      IDENTIFY_UKID = #{record.identifyUkid,jdbcType=DECIMAL},
      ITEM_STATUS = #{record.itemStatus,jdbcType=DECIMAL},
      PRODUCT_NUM_ID = #{record.productNumId,jdbcType=VARCHAR},
      PRODUCT_OUTER_ID = #{record.productOuterId,jdbcType=VARCHAR},
      SKU_NUM_ID = #{record.skuNumId,jdbcType=VARCHAR},
      SKU_OUTER_ID = #{record.skuOuterId,jdbcType=VARCHAR},
      PRODUCT_TITLE = #{record.productTitle,jdbcType=VARCHAR},
      SKU_NAME = #{record.skuName,jdbcType=VARCHAR},
      SELL_PRICE = #{record.sellPrice,jdbcType=DECIMAL},
      PLATFORM_IMG_URL = #{record.platformImgUrl,jdbcType=VARCHAR},
      BRAND_NAME = #{record.brandName,jdbcType=VARCHAR},
      CATEGORY = #{record.category,jdbcType=VARCHAR},
      CREATE_TIME = #{record.createTime,jdbcType=TIMESTAMP},
      CREATE_USER_ID = #{record.createUserId,jdbcType=DECIMAL},
      UPDATE_TIME = #{record.updateTime,jdbcType=TIMESTAMP},
      UPDATE_USER_ID = #{record.updateUserId,jdbcType=DECIMAL},
      ITEM_COUNT = #{record.itemCount,jdbcType=DECIMAL},
      CATEGORY_ID = #{record.categoryId,jdbcType=VARCHAR},
      STATUS = #{record.status,jdbcType=DECIMAL}
    <if test="_parameter != null">
      <include refid="Update_By_Example_Where_Clause" />
    </if>
  </update>
  <update id="updateByPrimaryKeySelective" parameterType="com.wwwarehouse.xdw.datasync.dao.model.ImPlatformItemDO">
    update IM_PLATFORM_ITEM
    <set>
      <if test="platformId != null">
        PLATFORM_ID = #{platformId,jdbcType=DECIMAL},
      </if>
      <if test="shopId != null">
        SHOP_ID = #{shopId,jdbcType=DECIMAL},
      </if>
      <if test="ownerId != null">
        OWNER_ID = #{ownerId,jdbcType=DECIMAL},
      </if>
      <if test="identifyCode != null">
        IDENTIFY_CODE = #{identifyCode,jdbcType=VARCHAR},
      </if>
      <if test="identifyUkid != null">
        IDENTIFY_UKID = #{identifyUkid,jdbcType=DECIMAL},
      </if>
      <if test="itemStatus != null">
        ITEM_STATUS = #{itemStatus,jdbcType=DECIMAL},
      </if>
      <if test="productNumId != null">
        PRODUCT_NUM_ID = #{productNumId,jdbcType=VARCHAR},
      </if>
      <if test="productOuterId != null">
        PRODUCT_OUTER_ID = #{productOuterId,jdbcType=VARCHAR},
      </if>
      <if test="skuNumId != null">
        SKU_NUM_ID = #{skuNumId,jdbcType=VARCHAR},
      </if>
      <if test="skuOuterId != null">
        SKU_OUTER_ID = #{skuOuterId,jdbcType=VARCHAR},
      </if>
      <if test="productTitle != null">
        PRODUCT_TITLE = #{productTitle,jdbcType=VARCHAR},
      </if>
      <if test="skuName != null">
        SKU_NAME = #{skuName,jdbcType=VARCHAR},
      </if>
      <if test="sellPrice != null">
        SELL_PRICE = #{sellPrice,jdbcType=DECIMAL},
      </if>
      <if test="platformImgUrl != null">
        PLATFORM_IMG_URL = #{platformImgUrl,jdbcType=VARCHAR},
      </if>
      <if test="brandName != null">
        BRAND_NAME = #{brandName,jdbcType=VARCHAR},
      </if>
      <if test="category != null">
        CATEGORY = #{category,jdbcType=VARCHAR},
      </if>
      <if test="createTime != null">
        CREATE_TIME = #{createTime,jdbcType=TIMESTAMP},
      </if>
      <if test="createUserId != null">
        CREATE_USER_ID = #{createUserId,jdbcType=DECIMAL},
      </if>
      <if test="updateTime != null">
        UPDATE_TIME = #{updateTime,jdbcType=TIMESTAMP},
      </if>
      <if test="updateUserId != null">
        UPDATE_USER_ID = #{updateUserId,jdbcType=DECIMAL},
      </if>
      <if test="itemCount != null">
        ITEM_COUNT = #{itemCount,jdbcType=DECIMAL},
      </if>
      <if test="categoryId != null">
        CATEGORY_ID = #{categoryId,jdbcType=VARCHAR},
      </if>
      <if test="status != null">
        STATUS = #{status,jdbcType=DECIMAL},
      </if>
    </set>
    where PLATFORM_ITEM_UKID = #{platformItemUkid,jdbcType=DECIMAL}
  </update>
  <update id="updateByPrimaryKey" parameterType="com.wwwarehouse.xdw.datasync.dao.model.ImPlatformItemDO">
    update IM_PLATFORM_ITEM
    set PLATFORM_ID = #{platformId,jdbcType=DECIMAL},
      SHOP_ID = #{shopId,jdbcType=DECIMAL},
      OWNER_ID = #{ownerId,jdbcType=DECIMAL},
      IDENTIFY_CODE = #{identifyCode,jdbcType=VARCHAR},
      IDENTIFY_UKID = #{identifyUkid,jdbcType=DECIMAL},
      ITEM_STATUS = #{itemStatus,jdbcType=DECIMAL},
      PRODUCT_NUM_ID = #{productNumId,jdbcType=VARCHAR},
      PRODUCT_OUTER_ID = #{productOuterId,jdbcType=VARCHAR},
      SKU_NUM_ID = #{skuNumId,jdbcType=VARCHAR},
      SKU_OUTER_ID = #{skuOuterId,jdbcType=VARCHAR},
      PRODUCT_TITLE = #{productTitle,jdbcType=VARCHAR},
      SKU_NAME = #{skuName,jdbcType=VARCHAR},
      SELL_PRICE = #{sellPrice,jdbcType=DECIMAL},
      PLATFORM_IMG_URL = #{platformImgUrl,jdbcType=VARCHAR},
      BRAND_NAME = #{brandName,jdbcType=VARCHAR},
      CATEGORY = #{category,jdbcType=VARCHAR},
      CREATE_TIME = #{createTime,jdbcType=TIMESTAMP},
      CREATE_USER_ID = #{createUserId,jdbcType=DECIMAL},
      UPDATE_TIME = #{updateTime,jdbcType=TIMESTAMP},
      UPDATE_USER_ID = #{updateUserId,jdbcType=DECIMAL},
      ITEM_COUNT = #{itemCount,jdbcType=DECIMAL},
      CATEGORY_ID = #{categoryId,jdbcType=VARCHAR},
      STATUS = #{status,jdbcType=DECIMAL}
    where PLATFORM_ITEM_UKID = #{platformItemUkid,jdbcType=DECIMAL}
  </update>
  <cache />
</mapper>