<?xml version="1.0" encoding="UTF-8"?>
<!DOCTYPE mapper PUBLIC "-//mybatis.org//DTD Mapper 3.0//EN" "http://mybatis.org/dtd/mybatis-3-mapper.dtd">
<mapper namespace="com.wwwarehouse.xdw.datasync.dao.mapper.PayNotifyRecordDOMapper">
  <resultMap id="BaseResultMap" type="com.wwwarehouse.xdw.datasync.dao.model.PayNotifyRecordDO">
    <id column="PAY_RECORD_UKID" jdbcType="DECIMAL" property="payRecordUkid" />
    <result column="OUT_TRADE_NO" jdbcType="VARCHAR" property="outTradeNo" />
    <result column="PLATFORM_ID" jdbcType="DECIMAL" property="platformId" />
    <result column="RESULT_CODE" jdbcType="VARCHAR" property="resultCode" />
    <result column="RETURN_MSG" jdbcType="VARCHAR" property="returnMsg" />
    <result column="TRANSACTION_ID" jdbcType="VARCHAR" property="transactionId" />
    <result column="TOTAL_FEE" jdbcType="DECIMAL" property="totalFee" />
    <result column="TIME_END" jdbcType="TIMESTAMP" property="timeEnd" />
    <result column="BUYER_ID" jdbcType="VARCHAR" property="buyerId" />
    <result column="ATTACH" jdbcType="VARCHAR" property="attach" />
    <result column="NOTIFY_MSG" jdbcType="VARCHAR" property="notifyMsg" />
    <result column="PUSH_STATUS" jdbcType="DECIMAL" property="pushStatus" />
    <result column="CREATE_TIME" jdbcType="TIMESTAMP" property="createTime" />
    <result column="CREATE_USER_ID" jdbcType="DECIMAL" property="createUserId" />
    <result column="UPDATE_TIME" jdbcType="TIMESTAMP" property="updateTime" />
    <result column="UPDATE_USER_ID" jdbcType="DECIMAL" property="updateUserId" />
  </resultMap>
  <sql id="Example_Where_Clause">
    <where>
      <foreach collection="oredCriteria" item="criteria" separator="or">
        <if test="criteria.valid">
          <trim prefix="(" prefixOverrides="and" suffix=")">
            <foreach collection="criteria.criteria" item="criterion">
              <choose>
                <when test="criterion.noValue">
                  and ${criterion.condition}
                </when>
                <when test="criterion.singleValue">
                  and ${criterion.condition} #{criterion.value}
                </when>
                <when test="criterion.betweenValue">
                  and ${criterion.condition} #{criterion.value} and #{criterion.secondValue}
                </when>
                <when test="criterion.listValue">
                  and ${criterion.condition}
                  <foreach close=")" collection="criterion.value" item="listItem" open="(" separator=",">
                    #{listItem}
                  </foreach>
                </when>
              </choose>
            </foreach>
          </trim>
        </if>
      </foreach>
    </where>
  </sql>
  <sql id="Update_By_Example_Where_Clause">
    <where>
      <foreach collection="example.oredCriteria" item="criteria" separator="or">
        <if test="criteria.valid">
          <trim prefix="(" prefixOverrides="and" suffix=")">
            <foreach collection="criteria.criteria" item="criterion">
              <choose>
                <when test="criterion.noValue">
                  and ${criterion.condition}
                </when>
                <when test="criterion.singleValue">
                  and ${criterion.condition} #{criterion.value}
                </when>
                <when test="criterion.betweenValue">
                  and ${criterion.condition} #{criterion.value} and #{criterion.secondValue}
                </when>
                <when test="criterion.listValue">
                  and ${criterion.condition}
                  <foreach close=")" collection="criterion.value" item="listItem" open="(" separator=",">
                    #{listItem}
                  </foreach>
                </when>
              </choose>
            </foreach>
          </trim>
        </if>
      </foreach>
    </where>
  </sql>
  <sql id="Base_Column_List">
    PAY_RECORD_UKID, OUT_TRADE_NO, PLATFORM_ID, RESULT_CODE, RETURN_MSG, TRANSACTION_ID, 
    TOTAL_FEE, TIME_END, BUYER_ID, ATTACH, NOTIFY_MSG, PUSH_STATUS, CREATE_TIME, CREATE_USER_ID, 
    UPDATE_TIME, UPDATE_USER_ID
  </sql>
  <select id="selectByExample" parameterType="com.wwwarehouse.xdw.datasync.dao.model.PayNotifyRecordDOExample" resultMap="BaseResultMap">
    select
    <if test="distinct">
      distinct
    </if>
    <include refid="Base_Column_List" />
    from PAY_NOTIFY_RECORD
    <if test="_parameter != null">
      <include refid="Example_Where_Clause" />
    </if>
    <if test="orderByClause != null">
      order by ${orderByClause}
    </if>
    <if test="limit != null">
      <if test="offset != null">
        OFFSET ${offset} rows fetch first ${limit} rows only
      </if>
      <if test="offset == null">
        fetch first ${limit} rows only
      </if>
    </if>
  </select>
  <select id="selectByPrimaryKey" parameterType="java.lang.Long" resultMap="BaseResultMap">
    select 
    <include refid="Base_Column_List" />
    from PAY_NOTIFY_RECORD
    where PAY_RECORD_UKID = #{payRecordUkid,jdbcType=DECIMAL}
  </select>
  <delete id="deleteByPrimaryKey" parameterType="java.lang.Long">
    delete from PAY_NOTIFY_RECORD
    where PAY_RECORD_UKID = #{payRecordUkid,jdbcType=DECIMAL}
  </delete>
  <delete id="deleteByExample" parameterType="com.wwwarehouse.xdw.datasync.dao.model.PayNotifyRecordDOExample">
    delete from PAY_NOTIFY_RECORD
    <if test="_parameter != null">
      <include refid="Example_Where_Clause" />
    </if>
  </delete>
  <insert id="insert" parameterType="com.wwwarehouse.xdw.datasync.dao.model.PayNotifyRecordDO">
    insert into PAY_NOTIFY_RECORD (PAY_RECORD_UKID, OUT_TRADE_NO, PLATFORM_ID, 
      RESULT_CODE, RETURN_MSG, TRANSACTION_ID, 
      TOTAL_FEE, TIME_END, BUYER_ID, 
      ATTACH, NOTIFY_MSG, PUSH_STATUS, 
      CREATE_TIME, CREATE_USER_ID, UPDATE_TIME, 
      UPDATE_USER_ID)
    values (#{payRecordUkid,jdbcType=DECIMAL}, #{outTradeNo,jdbcType=VARCHAR}, #{platformId,jdbcType=DECIMAL}, 
      #{resultCode,jdbcType=VARCHAR}, #{returnMsg,jdbcType=VARCHAR}, #{transactionId,jdbcType=VARCHAR}, 
      #{totalFee,jdbcType=DECIMAL}, #{timeEnd,jdbcType=TIMESTAMP}, #{buyerId,jdbcType=VARCHAR}, 
      #{attach,jdbcType=VARCHAR}, #{notifyMsg,jdbcType=VARCHAR}, #{pushStatus,jdbcType=DECIMAL}, 
      #{createTime,jdbcType=TIMESTAMP}, #{createUserId,jdbcType=DECIMAL}, #{updateTime,jdbcType=TIMESTAMP}, 
      #{updateUserId,jdbcType=DECIMAL})
  </insert>
  <insert id="insertSelective" parameterType="com.wwwarehouse.xdw.datasync.dao.model.PayNotifyRecordDO">
    insert into PAY_NOTIFY_RECORD
    <trim prefix="(" suffix=")" suffixOverrides=",">
      <if test="payRecordUkid != null">
        PAY_RECORD_UKID,
      </if>
      <if test="outTradeNo != null">
        OUT_TRADE_NO,
      </if>
      <if test="platformId != null">
        PLATFORM_ID,
      </if>
      <if test="resultCode != null">
        RESULT_CODE,
      </if>
      <if test="returnMsg != null">
        RETURN_MSG,
      </if>
      <if test="transactionId != null">
        TRANSACTION_ID,
      </if>
      <if test="totalFee != null">
        TOTAL_FEE,
      </if>
      <if test="timeEnd != null">
        TIME_END,
      </if>
      <if test="buyerId != null">
        BUYER_ID,
      </if>
      <if test="attach != null">
        ATTACH,
      </if>
      <if test="notifyMsg != null">
        NOTIFY_MSG,
      </if>
      <if test="pushStatus != null">
        PUSH_STATUS,
      </if>
      <if test="createTime != null">
        CREATE_TIME,
      </if>
      <if test="createUserId != null">
        CREATE_USER_ID,
      </if>
      <if test="updateTime != null">
        UPDATE_TIME,
      </if>
      <if test="updateUserId != null">
        UPDATE_USER_ID,
      </if>
    </trim>
    <trim prefix="values (" suffix=")" suffixOverrides=",">
      <if test="payRecordUkid != null">
        #{payRecordUkid,jdbcType=DECIMAL},
      </if>
      <if test="outTradeNo != null">
        #{outTradeNo,jdbcType=VARCHAR},
      </if>
      <if test="platformId != null">
        #{platformId,jdbcType=DECIMAL},
      </if>
      <if test="resultCode != null">
        #{resultCode,jdbcType=VARCHAR},
      </if>
      <if test="returnMsg != null">
        #{returnMsg,jdbcType=VARCHAR},
      </if>
      <if test="transactionId != null">
        #{transactionId,jdbcType=VARCHAR},
      </if>
      <if test="totalFee != null">
        #{totalFee,jdbcType=DECIMAL},
      </if>
      <if test="timeEnd != null">
        #{timeEnd,jdbcType=TIMESTAMP},
      </if>
      <if test="buyerId != null">
        #{buyerId,jdbcType=VARCHAR},
      </if>
      <if test="attach != null">
        #{attach,jdbcType=VARCHAR},
      </if>
      <if test="notifyMsg != null">
        #{notifyMsg,jdbcType=VARCHAR},
      </if>
      <if test="pushStatus != null">
        #{pushStatus,jdbcType=DECIMAL},
      </if>
      <if test="createTime != null">
        #{createTime,jdbcType=TIMESTAMP},
      </if>
      <if test="createUserId != null">
        #{createUserId,jdbcType=DECIMAL},
      </if>
      <if test="updateTime != null">
        #{updateTime,jdbcType=TIMESTAMP},
      </if>
      <if test="updateUserId != null">
        #{updateUserId,jdbcType=DECIMAL},
      </if>
    </trim>
  </insert>
  <select id="countByExample" parameterType="com.wwwarehouse.xdw.datasync.dao.model.PayNotifyRecordDOExample" resultType="java.lang.Long">
    select count(*) from PAY_NOTIFY_RECORD
    <if test="_parameter != null">
      <include refid="Example_Where_Clause" />
    </if>
  </select>
  <update id="updateByExampleSelective" parameterType="map">
    update PAY_NOTIFY_RECORD
    <set>
      <if test="record.payRecordUkid != null">
        PAY_RECORD_UKID = #{record.payRecordUkid,jdbcType=DECIMAL},
      </if>
      <if test="record.outTradeNo != null">
        OUT_TRADE_NO = #{record.outTradeNo,jdbcType=VARCHAR},
      </if>
      <if test="record.platformId != null">
        PLATFORM_ID = #{record.platformId,jdbcType=DECIMAL},
      </if>
      <if test="record.resultCode != null">
        RESULT_CODE = #{record.resultCode,jdbcType=VARCHAR},
      </if>
      <if test="record.returnMsg != null">
        RETURN_MSG = #{record.returnMsg,jdbcType=VARCHAR},
      </if>
      <if test="record.transactionId != null">
        TRANSACTION_ID = #{record.transactionId,jdbcType=VARCHAR},
      </if>
      <if test="record.totalFee != null">
        TOTAL_FEE = #{record.totalFee,jdbcType=DECIMAL},
      </if>
      <if test="record.timeEnd != null">
        TIME_END = #{record.timeEnd,jdbcType=TIMESTAMP},
      </if>
      <if test="record.buyerId != null">
        BUYER_ID = #{record.buyerId,jdbcType=VARCHAR},
      </if>
      <if test="record.attach != null">
        ATTACH = #{record.attach,jdbcType=VARCHAR},
      </if>
      <if test="record.notifyMsg != null">
        NOTIFY_MSG = #{record.notifyMsg,jdbcType=VARCHAR},
      </if>
      <if test="record.pushStatus != null">
        PUSH_STATUS = #{record.pushStatus,jdbcType=DECIMAL},
      </if>
      <if test="record.createTime != null">
        CREATE_TIME = #{record.createTime,jdbcType=TIMESTAMP},
      </if>
      <if test="record.createUserId != null">
        CREATE_USER_ID = #{record.createUserId,jdbcType=DECIMAL},
      </if>
      <if test="record.updateTime != null">
        UPDATE_TIME = #{record.updateTime,jdbcType=TIMESTAMP},
      </if>
      <if test="record.updateUserId != null">
        UPDATE_USER_ID = #{record.updateUserId,jdbcType=DECIMAL},
      </if>
    </set>
    <if test="_parameter != null">
      <include refid="Update_By_Example_Where_Clause" />
    </if>
  </update>
  <update id="updateByExample" parameterType="map">
    update PAY_NOTIFY_RECORD
    set PAY_RECORD_UKID = #{record.payRecordUkid,jdbcType=DECIMAL},
      OUT_TRADE_NO = #{record.outTradeNo,jdbcType=VARCHAR},
      PLATFORM_ID = #{record.platformId,jdbcType=DECIMAL},
      RESULT_CODE = #{record.resultCode,jdbcType=VARCHAR},
      RETURN_MSG = #{record.returnMsg,jdbcType=VARCHAR},
      TRANSACTION_ID = #{record.transactionId,jdbcType=VARCHAR},
      TOTAL_FEE = #{record.totalFee,jdbcType=DECIMAL},
      TIME_END = #{record.timeEnd,jdbcType=TIMESTAMP},
      BUYER_ID = #{record.buyerId,jdbcType=VARCHAR},
      ATTACH = #{record.attach,jdbcType=VARCHAR},
      NOTIFY_MSG = #{record.notifyMsg,jdbcType=VARCHAR},
      PUSH_STATUS = #{record.pushStatus,jdbcType=DECIMAL},
      CREATE_TIME = #{record.createTime,jdbcType=TIMESTAMP},
      CREATE_USER_ID = #{record.createUserId,jdbcType=DECIMAL},
      UPDATE_TIME = #{record.updateTime,jdbcType=TIMESTAMP},
      UPDATE_USER_ID = #{record.updateUserId,jdbcType=DECIMAL}
    <if test="_parameter != null">
      <include refid="Update_By_Example_Where_Clause" />
    </if>
  </update>
  <update id="updateByPrimaryKeySelective" parameterType="com.wwwarehouse.xdw.datasync.dao.model.PayNotifyRecordDO">
    update PAY_NOTIFY_RECORD
    <set>
      <if test="outTradeNo != null">
        OUT_TRADE_NO = #{outTradeNo,jdbcType=VARCHAR},
      </if>
      <if test="platformId != null">
        PLATFORM_ID = #{platformId,jdbcType=DECIMAL},
      </if>
      <if test="resultCode != null">
        RESULT_CODE = #{resultCode,jdbcType=VARCHAR},
      </if>
      <if test="returnMsg != null">
        RETURN_MSG = #{returnMsg,jdbcType=VARCHAR},
      </if>
      <if test="transactionId != null">
        TRANSACTION_ID = #{transactionId,jdbcType=VARCHAR},
      </if>
      <if test="totalFee != null">
        TOTAL_FEE = #{totalFee,jdbcType=DECIMAL},
      </if>
      <if test="timeEnd != null">
        TIME_END = #{timeEnd,jdbcType=TIMESTAMP},
      </if>
      <if test="buyerId != null">
        BUYER_ID = #{buyerId,jdbcType=VARCHAR},
      </if>
      <if test="attach != null">
        ATTACH = #{attach,jdbcType=VARCHAR},
      </if>
      <if test="notifyMsg != null">
        NOTIFY_MSG = #{notifyMsg,jdbcType=VARCHAR},
      </if>
      <if test="pushStatus != null">
        PUSH_STATUS = #{pushStatus,jdbcType=DECIMAL},
      </if>
      <if test="createTime != null">
        CREATE_TIME = #{createTime,jdbcType=TIMESTAMP},
      </if>
      <if test="createUserId != null">
        CREATE_USER_ID = #{createUserId,jdbcType=DECIMAL},
      </if>
      <if test="updateTime != null">
        UPDATE_TIME = #{updateTime,jdbcType=TIMESTAMP},
      </if>
      <if test="updateUserId != null">
        UPDATE_USER_ID = #{updateUserId,jdbcType=DECIMAL},
      </if>
    </set>
    where PAY_RECORD_UKID = #{payRecordUkid,jdbcType=DECIMAL}
  </update>
  <update id="updateByPrimaryKey" parameterType="com.wwwarehouse.xdw.datasync.dao.model.PayNotifyRecordDO">
    update PAY_NOTIFY_RECORD
    set OUT_TRADE_NO = #{outTradeNo,jdbcType=VARCHAR},
      PLATFORM_ID = #{platformId,jdbcType=DECIMAL},
      RESULT_CODE = #{resultCode,jdbcType=VARCHAR},
      RETURN_MSG = #{returnMsg,jdbcType=VARCHAR},
      TRANSACTION_ID = #{transactionId,jdbcType=VARCHAR},
      TOTAL_FEE = #{totalFee,jdbcType=DECIMAL},
      TIME_END = #{timeEnd,jdbcType=TIMESTAMP},
      BUYER_ID = #{buyerId,jdbcType=VARCHAR},
      ATTACH = #{attach,jdbcType=VARCHAR},
      NOTIFY_MSG = #{notifyMsg,jdbcType=VARCHAR},
      PUSH_STATUS = #{pushStatus,jdbcType=DECIMAL},
      CREATE_TIME = #{createTime,jdbcType=TIMESTAMP},
      CREATE_USER_ID = #{createUserId,jdbcType=DECIMAL},
      UPDATE_TIME = #{updateTime,jdbcType=TIMESTAMP},
      UPDATE_USER_ID = #{updateUserId,jdbcType=DECIMAL}
    where PAY_RECORD_UKID = #{payRecordUkid,jdbcType=DECIMAL}
  </update>
  <cache />
</mapper>