<?xml version="1.0" encoding="UTF-8"?>
<!DOCTYPE mapper PUBLIC "-//mybatis.org//DTD Mapper 3.0//EN" "http://mybatis.org/dtd/mybatis-3-mapper.dtd">
<mapper namespace="com.wwwarehouse.xdw.datasync.dao.mapper.SaSmsMapper">
    <resultMap id="BaseResultMap" type="com.wwwarehouse.xdw.datasync.dao.model.SaSmsDO">
        <id column="SMS_UKID" jdbcType="DECIMAL" property="smsUkid"/>
        <result column="SERVICE_BU_ID" jdbcType="DECIMAL" property="serviceBuId"/>
        <result column="SEND_BU_ID" jdbcType="DECIMAL" property="sendBuId"/>
        <result column="PLATFORM_ID" jdbcType="DECIMAL" property="platformId"/>
        <result column="MOBILE_NO" jdbcType="VARCHAR" property="mobileNo"/>
        <result column="SMS_NUM" jdbcType="DECIMAL" property="smsNum"/>
        <result column="SMS_STATUS" jdbcType="DECIMAL" property="smsStatus"/>
        <result column="SMS_TYPE" jdbcType="VARCHAR" property="smsType"/>
        <result column="CREATE_TIME" jdbcType="TIMESTAMP" property="createTime"/>
        <result column="CREATE_USER_ID" jdbcType="DECIMAL" property="createUserId"/>
        <result column="PLAN_SEND_TIME" jdbcType="TIMESTAMP" property="planSendTime"/>
        <result column="ACTUAL_SEND_TIME" jdbcType="TIMESTAMP" property="actualSendTime"/>
        <result column="CANCEL_TIME" jdbcType="TIMESTAMP" property="cancelTime"/>
        <result column="CANCEL_USER_ID" jdbcType="DECIMAL" property="cancelUserId"/>
        <result column="RETURN_TEXT" jdbcType="VARCHAR" property="returnText"/>
        <result column="SMS_TEMPLATE_UKID" jdbcType="DECIMAL" property="smsTemplateUkid"/>
        <result column="SMS_ACCOUNT_UKID" jdbcType="DECIMAL" property="smsAccountUkid"/>
        <result column="RELATED_TYPE" jdbcType="VARCHAR" property="relatedType"/>
        <result column="RELATED_ORDER_UKID" jdbcType="DECIMAL" property="relatedOrderUkid"/>
        <result column="SEND_CONTENT" jdbcType="VARCHAR" property="sendContent"/>
    </resultMap>
    <sql id="Example_Where_Clause">
        <where>
            <foreach collection="oredCriteria" item="criteria" separator="or">
                <if test="criteria.valid">
                    <trim prefix="(" prefixOverrides="and" suffix=")">
                        <foreach collection="criteria.criteria" item="criterion">
                            <choose>
                                <when test="criterion.noValue">
                                    and ${criterion.condition}
                                </when>
                                <when test="criterion.singleValue">
                                    and ${criterion.condition} #{criterion.value}
                                </when>
                                <when test="criterion.betweenValue">
                                    and ${criterion.condition} #{criterion.value} and #{criterion.secondValue}
                                </when>
                                <when test="criterion.listValue">
                                    and ${criterion.condition}
                                    <foreach close=")" collection="criterion.value" item="listItem" open="("
                                             separator=",">
                                        #{listItem}
                                    </foreach>
                                </when>
                            </choose>
                        </foreach>
                    </trim>
                </if>
            </foreach>
        </where>
    </sql>
    <sql id="Update_By_Example_Where_Clause">
        <where>
            <foreach collection="example.oredCriteria" item="criteria" separator="or">
                <if test="criteria.valid">
                    <trim prefix="(" prefixOverrides="and" suffix=")">
                        <foreach collection="criteria.criteria" item="criterion">
                            <choose>
                                <when test="criterion.noValue">
                                    and ${criterion.condition}
                                </when>
                                <when test="criterion.singleValue">
                                    and ${criterion.condition} #{criterion.value}
                                </when>
                                <when test="criterion.betweenValue">
                                    and ${criterion.condition} #{criterion.value} and #{criterion.secondValue}
                                </when>
                                <when test="criterion.listValue">
                                    and ${criterion.condition}
                                    <foreach close=")" collection="criterion.value" item="listItem" open="("
                                             separator=",">
                                        #{listItem}
                                    </foreach>
                                </when>
                            </choose>
                        </foreach>
                    </trim>
                </if>
            </foreach>
        </where>
    </sql>
    <sql id="Base_Column_List">
    SMS_UKID, SERVICE_BU_ID, SEND_BU_ID, PLATFORM_ID, MOBILE_NO, SMS_NUM, SMS_STATUS, 
    SMS_TYPE, CREATE_TIME, CREATE_USER_ID, PLAN_SEND_TIME, ACTUAL_SEND_TIME, CANCEL_TIME, 
    CANCEL_USER_ID, RETURN_TEXT, SMS_TEMPLATE_UKID, SMS_ACCOUNT_UKID, RELATED_TYPE, RELATED_ORDER_UKID, 
    SEND_CONTENT
  </sql>
    <select id="selectByExample" parameterType="com.wwwarehouse.xdw.datasync.dao.model.SaSmsExample"
            resultMap="BaseResultMap">
        select
        <if test="distinct">
            distinct
        </if>
        <include refid="Base_Column_List"/>
        from SA_SMS
        <if test="_parameter != null">
            <include refid="Example_Where_Clause"/>
        </if>
        <if test="orderByClause != null">
            order by ${orderByClause}
        </if>
        <if test="limit != null">
            <if test="offset != null">
                OFFSET ${offset} rows fetch first ${limit} rows only
            </if>
            <if test="offset == null">
                fetch first ${limit} rows only
            </if>
        </if>
    </select>
    <select id="selectByPrimaryKey" parameterType="java.lang.Long" resultMap="BaseResultMap">
        select
        <include refid="Base_Column_List"/>
        from SA_SMS
        where SMS_UKID = #{smsUkid,jdbcType=DECIMAL}
    </select>
    <delete id="deleteByPrimaryKey" parameterType="java.lang.Long">
    delete from SA_SMS
    where SMS_UKID = #{smsUkid,jdbcType=DECIMAL}
  </delete>
    <delete id="deleteByExample" parameterType="com.wwwarehouse.xdw.datasync.dao.model.SaSmsExample">
        delete from SA_SMS
        <if test="_parameter != null">
            <include refid="Example_Where_Clause"/>
        </if>
    </delete>
    <insert id="insert" parameterType="com.wwwarehouse.xdw.datasync.dao.model.SaSmsDO">
    insert into SA_SMS (SMS_UKID, SERVICE_BU_ID, SEND_BU_ID, 
      PLATFORM_ID, MOBILE_NO, SMS_NUM, 
      SMS_STATUS, SMS_TYPE, CREATE_TIME, 
      CREATE_USER_ID, PLAN_SEND_TIME, ACTUAL_SEND_TIME, 
      CANCEL_TIME, CANCEL_USER_ID, RETURN_TEXT, 
      SMS_TEMPLATE_UKID, SMS_ACCOUNT_UKID, RELATED_TYPE, 
      RELATED_ORDER_UKID, SEND_CONTENT)
    values (#{smsUkid,jdbcType=DECIMAL}, #{serviceBuId,jdbcType=DECIMAL}, #{sendBuId,jdbcType=DECIMAL}, 
      #{platformId,jdbcType=DECIMAL}, #{mobileNo,jdbcType=VARCHAR}, #{smsNum,jdbcType=DECIMAL}, 
      #{smsStatus,jdbcType=DECIMAL}, #{smsType,jdbcType=VARCHAR}, #{createTime,jdbcType=TIMESTAMP}, 
      #{createUserId,jdbcType=DECIMAL}, #{planSendTime,jdbcType=TIMESTAMP}, #{actualSendTime,jdbcType=TIMESTAMP}, 
      #{cancelTime,jdbcType=TIMESTAMP}, #{cancelUserId,jdbcType=DECIMAL}, #{returnText,jdbcType=VARCHAR}, 
      #{smsTemplateUkid,jdbcType=DECIMAL}, #{smsAccountUkid,jdbcType=DECIMAL}, #{relatedType,jdbcType=VARCHAR}, 
      #{relatedOrderUkid,jdbcType=DECIMAL}, #{sendContent,jdbcType=VARCHAR})
  </insert>
    <insert id="insertSelective" parameterType="com.wwwarehouse.xdw.datasync.dao.model.SaSmsDO">
        insert into SA_SMS
        <trim prefix="(" suffix=")" suffixOverrides=",">
            <if test="smsUkid != null">
                SMS_UKID,
            </if>
            <if test="serviceBuId != null">
                SERVICE_BU_ID,
            </if>
            <if test="sendBuId != null">
                SEND_BU_ID,
            </if>
            <if test="platformId != null">
                PLATFORM_ID,
            </if>
            <if test="mobileNo != null">
                MOBILE_NO,
            </if>
            <if test="smsNum != null">
                SMS_NUM,
            </if>
            <if test="smsStatus != null">
                SMS_STATUS,
            </if>
            <if test="smsType != null">
                SMS_TYPE,
            </if>
            <if test="createTime != null">
                CREATE_TIME,
            </if>
            <if test="createUserId != null">
                CREATE_USER_ID,
            </if>
            <if test="planSendTime != null">
                PLAN_SEND_TIME,
            </if>
            <if test="actualSendTime != null">
                ACTUAL_SEND_TIME,
            </if>
            <if test="cancelTime != null">
                CANCEL_TIME,
            </if>
            <if test="cancelUserId != null">
                CANCEL_USER_ID,
            </if>
            <if test="returnText != null">
                RETURN_TEXT,
            </if>
            <if test="smsTemplateUkid != null">
                SMS_TEMPLATE_UKID,
            </if>
            <if test="smsAccountUkid != null">
                SMS_ACCOUNT_UKID,
            </if>
            <if test="relatedType != null">
                RELATED_TYPE,
            </if>
            <if test="relatedOrderUkid != null">
                RELATED_ORDER_UKID,
            </if>
            <if test="sendContent != null">
                SEND_CONTENT,
            </if>
        </trim>
        <trim prefix="values (" suffix=")" suffixOverrides=",">
            <if test="smsUkid != null">
                #{smsUkid,jdbcType=DECIMAL},
            </if>
            <if test="serviceBuId != null">
                #{serviceBuId,jdbcType=DECIMAL},
            </if>
            <if test="sendBuId != null">
                #{sendBuId,jdbcType=DECIMAL},
            </if>
            <if test="platformId != null">
                #{platformId,jdbcType=DECIMAL},
            </if>
            <if test="mobileNo != null">
                #{mobileNo,jdbcType=VARCHAR},
            </if>
            <if test="smsNum != null">
                #{smsNum,jdbcType=DECIMAL},
            </if>
            <if test="smsStatus != null">
                #{smsStatus,jdbcType=DECIMAL},
            </if>
            <if test="smsType != null">
                #{smsType,jdbcType=VARCHAR},
            </if>
            <if test="createTime != null">
                #{createTime,jdbcType=TIMESTAMP},
            </if>
            <if test="createUserId != null">
                #{createUserId,jdbcType=DECIMAL},
            </if>
            <if test="planSendTime != null">
                #{planSendTime,jdbcType=TIMESTAMP},
            </if>
            <if test="actualSendTime != null">
                #{actualSendTime,jdbcType=TIMESTAMP},
            </if>
            <if test="cancelTime != null">
                #{cancelTime,jdbcType=TIMESTAMP},
            </if>
            <if test="cancelUserId != null">
                #{cancelUserId,jdbcType=DECIMAL},
            </if>
            <if test="returnText != null">
                #{returnText,jdbcType=VARCHAR},
            </if>
            <if test="smsTemplateUkid != null">
                #{smsTemplateUkid,jdbcType=DECIMAL},
            </if>
            <if test="smsAccountUkid != null">
                #{smsAccountUkid,jdbcType=DECIMAL},
            </if>
            <if test="relatedType != null">
                #{relatedType,jdbcType=VARCHAR},
            </if>
            <if test="relatedOrderUkid != null">
                #{relatedOrderUkid,jdbcType=DECIMAL},
            </if>
            <if test="sendContent != null">
                #{sendContent,jdbcType=VARCHAR},
            </if>
        </trim>
    </insert>
    <select id="countByExample" parameterType="com.wwwarehouse.xdw.datasync.dao.model.SaSmsExample"
            resultType="java.lang.Long">
        select count(*) from SA_SMS
        <if test="_parameter != null">
            <include refid="Example_Where_Clause"/>
        </if>
    </select>
    <update id="updateByExampleSelective" parameterType="map">
        update SA_SMS
        <set>
            <if test="record.smsUkid != null">
                SMS_UKID = #{record.smsUkid,jdbcType=DECIMAL},
            </if>
            <if test="record.serviceBuId != null">
                SERVICE_BU_ID = #{record.serviceBuId,jdbcType=DECIMAL},
            </if>
            <if test="record.sendBuId != null">
                SEND_BU_ID = #{record.sendBuId,jdbcType=DECIMAL},
            </if>
            <if test="record.platformId != null">
                PLATFORM_ID = #{record.platformId,jdbcType=DECIMAL},
            </if>
            <if test="record.mobileNo != null">
                MOBILE_NO = #{record.mobileNo,jdbcType=VARCHAR},
            </if>
            <if test="record.smsNum != null">
                SMS_NUM = #{record.smsNum,jdbcType=DECIMAL},
            </if>
            <if test="record.smsStatus != null">
                SMS_STATUS = #{record.smsStatus,jdbcType=DECIMAL},
            </if>
            <if test="record.smsType != null">
                SMS_TYPE = #{record.smsType,jdbcType=VARCHAR},
            </if>
            <if test="record.createTime != null">
                CREATE_TIME = #{record.createTime,jdbcType=TIMESTAMP},
            </if>
            <if test="record.createUserId != null">
                CREATE_USER_ID = #{record.createUserId,jdbcType=DECIMAL},
            </if>
            <if test="record.planSendTime != null">
                PLAN_SEND_TIME = #{record.planSendTime,jdbcType=TIMESTAMP},
            </if>
            <if test="record.actualSendTime != null">
                ACTUAL_SEND_TIME = #{record.actualSendTime,jdbcType=TIMESTAMP},
            </if>
            <if test="record.cancelTime != null">
                CANCEL_TIME = #{record.cancelTime,jdbcType=TIMESTAMP},
            </if>
            <if test="record.cancelUserId != null">
                CANCEL_USER_ID = #{record.cancelUserId,jdbcType=DECIMAL},
            </if>
            <if test="record.returnText != null">
                RETURN_TEXT = #{record.returnText,jdbcType=VARCHAR},
            </if>
            <if test="record.smsTemplateUkid != null">
                SMS_TEMPLATE_UKID = #{record.smsTemplateUkid,jdbcType=DECIMAL},
            </if>
            <if test="record.smsAccountUkid != null">
                SMS_ACCOUNT_UKID = #{record.smsAccountUkid,jdbcType=DECIMAL},
            </if>
            <if test="record.relatedType != null">
                RELATED_TYPE = #{record.relatedType,jdbcType=VARCHAR},
            </if>
            <if test="record.relatedOrderUkid != null">
                RELATED_ORDER_UKID = #{record.relatedOrderUkid,jdbcType=DECIMAL},
            </if>
            <if test="record.sendContent != null">
                SEND_CONTENT = #{record.sendContent,jdbcType=VARCHAR},
            </if>
        </set>
        <if test="_parameter != null">
            <include refid="Update_By_Example_Where_Clause"/>
        </if>
    </update>
    <update id="updateByExample" parameterType="map">
        update SA_SMS
        set SMS_UKID = #{record.smsUkid,jdbcType=DECIMAL},
        SERVICE_BU_ID = #{record.serviceBuId,jdbcType=DECIMAL},
        SEND_BU_ID = #{record.sendBuId,jdbcType=DECIMAL},
        PLATFORM_ID = #{record.platformId,jdbcType=DECIMAL},
        MOBILE_NO = #{record.mobileNo,jdbcType=VARCHAR},
        SMS_NUM = #{record.smsNum,jdbcType=DECIMAL},
        SMS_STATUS = #{record.smsStatus,jdbcType=DECIMAL},
        SMS_TYPE = #{record.smsType,jdbcType=VARCHAR},
        CREATE_TIME = #{record.createTime,jdbcType=TIMESTAMP},
        CREATE_USER_ID = #{record.createUserId,jdbcType=DECIMAL},
        PLAN_SEND_TIME = #{record.planSendTime,jdbcType=TIMESTAMP},
        ACTUAL_SEND_TIME = #{record.actualSendTime,jdbcType=TIMESTAMP},
        CANCEL_TIME = #{record.cancelTime,jdbcType=TIMESTAMP},
        CANCEL_USER_ID = #{record.cancelUserId,jdbcType=DECIMAL},
        RETURN_TEXT = #{record.returnText,jdbcType=VARCHAR},
        SMS_TEMPLATE_UKID = #{record.smsTemplateUkid,jdbcType=DECIMAL},
        SMS_ACCOUNT_UKID = #{record.smsAccountUkid,jdbcType=DECIMAL},
        RELATED_TYPE = #{record.relatedType,jdbcType=VARCHAR},
        RELATED_ORDER_UKID = #{record.relatedOrderUkid,jdbcType=DECIMAL},
        SEND_CONTENT = #{record.sendContent,jdbcType=VARCHAR}
        <if test="_parameter != null">
            <include refid="Update_By_Example_Where_Clause"/>
        </if>
    </update>
    <update id="updateByPrimaryKeySelective" parameterType="com.wwwarehouse.xdw.datasync.dao.model.SaSmsDO">
        update SA_SMS
        <set>
            <if test="serviceBuId != null">
                SERVICE_BU_ID = #{serviceBuId,jdbcType=DECIMAL},
            </if>
            <if test="sendBuId != null">
                SEND_BU_ID = #{sendBuId,jdbcType=DECIMAL},
            </if>
            <if test="platformId != null">
                PLATFORM_ID = #{platformId,jdbcType=DECIMAL},
            </if>
            <if test="mobileNo != null">
                MOBILE_NO = #{mobileNo,jdbcType=VARCHAR},
            </if>
            <if test="smsNum != null">
                SMS_NUM = #{smsNum,jdbcType=DECIMAL},
            </if>
            <if test="smsStatus != null">
                SMS_STATUS = #{smsStatus,jdbcType=DECIMAL},
            </if>
            <if test="smsType != null">
                SMS_TYPE = #{smsType,jdbcType=VARCHAR},
            </if>
            <if test="createTime != null">
                CREATE_TIME = #{createTime,jdbcType=TIMESTAMP},
            </if>
            <if test="createUserId != null">
                CREATE_USER_ID = #{createUserId,jdbcType=DECIMAL},
            </if>
            <if test="planSendTime != null">
                PLAN_SEND_TIME = #{planSendTime,jdbcType=TIMESTAMP},
            </if>
            <if test="actualSendTime != null">
                ACTUAL_SEND_TIME = #{actualSendTime,jdbcType=TIMESTAMP},
            </if>
            <if test="cancelTime != null">
                CANCEL_TIME = #{cancelTime,jdbcType=TIMESTAMP},
            </if>
            <if test="cancelUserId != null">
                CANCEL_USER_ID = #{cancelUserId,jdbcType=DECIMAL},
            </if>
            <if test="returnText != null">
                RETURN_TEXT = #{returnText,jdbcType=VARCHAR},
            </if>
            <if test="smsTemplateUkid != null">
                SMS_TEMPLATE_UKID = #{smsTemplateUkid,jdbcType=DECIMAL},
            </if>
            <if test="smsAccountUkid != null">
                SMS_ACCOUNT_UKID = #{smsAccountUkid,jdbcType=DECIMAL},
            </if>
            <if test="relatedType != null">
                RELATED_TYPE = #{relatedType,jdbcType=VARCHAR},
            </if>
            <if test="relatedOrderUkid != null">
                RELATED_ORDER_UKID = #{relatedOrderUkid,jdbcType=DECIMAL},
            </if>
            <if test="sendContent != null">
                SEND_CONTENT = #{sendContent,jdbcType=VARCHAR},
            </if>
        </set>
        where SMS_UKID = #{smsUkid,jdbcType=DECIMAL}
    </update>
    <update id="updateByPrimaryKey" parameterType="com.wwwarehouse.xdw.datasync.dao.model.SaSmsDO">
    update SA_SMS
    set SERVICE_BU_ID = #{serviceBuId,jdbcType=DECIMAL},
      SEND_BU_ID = #{sendBuId,jdbcType=DECIMAL},
      PLATFORM_ID = #{platformId,jdbcType=DECIMAL},
      MOBILE_NO = #{mobileNo,jdbcType=VARCHAR},
      SMS_NUM = #{smsNum,jdbcType=DECIMAL},
      SMS_STATUS = #{smsStatus,jdbcType=DECIMAL},
      SMS_TYPE = #{smsType,jdbcType=VARCHAR},
      CREATE_TIME = #{createTime,jdbcType=TIMESTAMP},
      CREATE_USER_ID = #{createUserId,jdbcType=DECIMAL},
      PLAN_SEND_TIME = #{planSendTime,jdbcType=TIMESTAMP},
      ACTUAL_SEND_TIME = #{actualSendTime,jdbcType=TIMESTAMP},
      CANCEL_TIME = #{cancelTime,jdbcType=TIMESTAMP},
      CANCEL_USER_ID = #{cancelUserId,jdbcType=DECIMAL},
      RETURN_TEXT = #{returnText,jdbcType=VARCHAR},
      SMS_TEMPLATE_UKID = #{smsTemplateUkid,jdbcType=DECIMAL},
      SMS_ACCOUNT_UKID = #{smsAccountUkid,jdbcType=DECIMAL},
      RELATED_TYPE = #{relatedType,jdbcType=VARCHAR},
      RELATED_ORDER_UKID = #{relatedOrderUkid,jdbcType=DECIMAL},
      SEND_CONTENT = #{sendContent,jdbcType=VARCHAR}
    where SMS_UKID = #{smsUkid,jdbcType=DECIMAL}
    </update>
    <update id="updateSmsStatus" parameterType="com.wwwarehouse.xdw.datasync.dao.model.SaSmsDO">
    update sa_sms set actual_send_time=#{actualSendTime},sms_status=#{smsStatus},return_text=#{returnText}
    where sms_ukid in (${smsUkids})
    </update>
    <select id="getNeedSendGroupList" resultMap="BaseResultMap">
        <![CDATA[
    select min(sms_ukid) sms_ukid, des_decrypt(min(mobile_no),'b0NmiFbH') mobile_no, service_bu_id, send_bu_id, send_content, sms_account_ukid, count(1) sms_num
	from sa_sms
	where sms_status = 10 and plan_send_time <= sysdate
		and (sms_type != 'S' or (sms_type in ('S') and to_number(to_char(sysdate, 'hh24'))>=8
		and to_number(to_char(sysdate, 'hh24'))<21))
		and sms_account_ukid=#{smsAccountUkid}
	group by service_bu_id, send_bu_id, send_content, sms_account_ukid
        ]]>
    </select>
    <sql id="base_fields">sms_ukid,service_bu_id,send_bu_id,des_decrypt(mobile_no,'b0NmiFbH') mobile_no,send_content,sms_num,plan_send_time,actual_send_time,sms_status,create_time,create_user_id,sms_type,cancel_time,cancel_user_id,return_text,platform_id,sms_template_ukid,sms_account_ukid,related_order_ukid,related_type</sql>
    <sql id="sql_view">
        select <include refid="base_fields"/> from sa_sms
    </sql>
    <select id="getNeedSendList" resultMap="BaseResultMap">
        select
        <include refid="base_fields"/>
        from sa_sms
        <![CDATA[
		where sms_status = 10 and plan_send_time <= sysdate
			and (sms_type != 'S' or (sms_type in ('S') and to_number(to_char(sysdate, 'hh24'))>=8
			and to_number(to_char(sysdate, 'hh24'))<21))
		]]>
        and sms_account_ukid=#{smsAccountUkid} and send_content=#{sendContent}
        and service_bu_id=#{serviceBuId} and send_bu_id = #{sendBuId}
        order by plan_send_time asc
    </select>
    <cache/>
</mapper>