<?xml version="1.0" encoding="UTF-8"?>
<!DOCTYPE mapper PUBLIC "-//mybatis.org//DTD Mapper 3.0//EN" "http://mybatis.org/dtd/mybatis-3-mapper.dtd">
<mapper namespace="com.wwwarehouse.xdw.datasync.dao.mapper.SeJingdongTradeMapper">
  <resultMap id="BaseResultMap" type="com.wwwarehouse.xdw.datasync.dao.model.SeJingdongTradeDO">
    <id column="TRADE_UKID" jdbcType="DECIMAL" property="tradeUkid" />
    <result column="SHOP_ID" jdbcType="DECIMAL" property="shopId" />
    <result column="DOWN_TIME" jdbcType="TIMESTAMP" property="downTime" />
    <result column="UPDATE_TIME" jdbcType="TIMESTAMP" property="updateTime" />
    <result column="RELEASE_TIME" jdbcType="TIMESTAMP" property="releaseTime" />
    <result column="ORIGIN_TRADE_STATUS" jdbcType="DECIMAL" property="originTradeStatus" />
    <result column="ORDER_ID" jdbcType="VARCHAR" property="orderId" />
    <result column="ORDER_SOURCE" jdbcType="VARCHAR" property="orderSource" />
    <result column="CUSTOMS" jdbcType="VARCHAR" property="customs" />
    <result column="CUSTOMS_MODEL" jdbcType="VARCHAR" property="customsModel" />
    <result column="VENDER_ID" jdbcType="VARCHAR" property="venderId" />
    <result column="PAY_TYPE" jdbcType="VARCHAR" property="payType" />
    <result column="ORDER_TOTAL_PRICE" jdbcType="DECIMAL" property="orderTotalPrice" />
    <result column="ORDER_SELLER_PRICE" jdbcType="DECIMAL" property="orderSellerPrice" />
    <result column="ORDER_PAYMENT" jdbcType="DECIMAL" property="orderPayment" />
    <result column="FREIGHT_PRICE" jdbcType="DECIMAL" property="freightPrice" />
    <result column="SELLER_DISCOUNT" jdbcType="DECIMAL" property="sellerDiscount" />
    <result column="DELIVERY_TYPE" jdbcType="VARCHAR" property="deliveryType" />
    <result column="INVOICE_INFO" jdbcType="VARCHAR" property="invoiceInfo" />
    <result column="BUYER_MESSAGE" jdbcType="VARCHAR" property="buyerMessage" />
    <result column="ORDER_END_TIME" jdbcType="TIMESTAMP" property="orderEndTime" />
    <result column="RECEIVER_NAME" jdbcType="VARCHAR" property="receiverName" />
    <result column="RECEIVER_PHONE" jdbcType="VARCHAR" property="receiverPhone" />
    <result column="RECEIVER_MOBILE" jdbcType="VARCHAR" property="receiverMobile" />
    <result column="RECEIVER_ADDRESS" jdbcType="VARCHAR" property="receiverAddress" />
    <result column="RECEIVER_STATE" jdbcType="VARCHAR" property="receiverState" />
    <result column="RECEIVER_CITY" jdbcType="VARCHAR" property="receiverCity" />
    <result column="RECEIVER_COUNTY" jdbcType="VARCHAR" property="receiverCounty" />
    <result column="BALANCE_USED" jdbcType="VARCHAR" property="balanceUsed" />
    <result column="RETURN_ORDER" jdbcType="VARCHAR" property="returnOrder" />
    <result column="WAY_BILL" jdbcType="VARCHAR" property="wayBill" />
    <result column="LOGISTICS_ID" jdbcType="VARCHAR" property="logisticsId" />
    <result column="ORDER_MODIFY_TIME" jdbcType="TIMESTAMP" property="orderModifyTime" />
    <result column="PARENT_ORDER_ID" jdbcType="VARCHAR" property="parentOrderId" />
    <result column="ORDER_TYPE" jdbcType="VARCHAR" property="orderType" />
    <result column="STORE_ORDER" jdbcType="VARCHAR" property="storeOrder" />
    <result column="TAX_PAYER_IDENT" jdbcType="VARCHAR" property="taxPayerIdent" />
    <result column="REGISTERED_ADDRESS" jdbcType="VARCHAR" property="registeredAddress" />
    <result column="REGISTERED_PHONE" jdbcType="VARCHAR" property="registeredPhone" />
    <result column="DEPOSIT_BANK" jdbcType="VARCHAR" property="depositBank" />
    <result column="BANK_ACCOUNT" jdbcType="VARCHAR" property="bankAccount" />
    <result column="TARGET_ORDER_UKID" jdbcType="DECIMAL" property="targetOrderUkid" />
    <result column="PLATFORM_ORDER_STATUS" jdbcType="VARCHAR" property="platformOrderStatus" />
    <result column="ORDER_CREATE_TIME" jdbcType="TIMESTAMP" property="orderCreateTime" />
    <result column="ORDER_PAY_TIME" jdbcType="TIMESTAMP" property="orderPayTime" />
    <result column="BUYER_NICK" jdbcType="VARCHAR" property="buyerNick" />
    <result column="RECEIVER_ZIP" jdbcType="VARCHAR" property="receiverZip" />
    <result column="SELLER_MEMO" jdbcType="VARCHAR" property="sellerMemo" />
    <result column="IS_COD" jdbcType="DECIMAL" property="isCod" />
  </resultMap>
  <sql id="Example_Where_Clause">
    <where>
      <foreach collection="oredCriteria" item="criteria" separator="or">
        <if test="criteria.valid">
          <trim prefix="(" prefixOverrides="and" suffix=")">
            <foreach collection="criteria.criteria" item="criterion">
              <choose>
                <when test="criterion.noValue">
                  and ${criterion.condition}
                </when>
                <when test="criterion.singleValue">
                  and ${criterion.condition} #{criterion.value}
                </when>
                <when test="criterion.betweenValue">
                  and ${criterion.condition} #{criterion.value} and #{criterion.secondValue}
                </when>
                <when test="criterion.listValue">
                  and ${criterion.condition}
                  <foreach close=")" collection="criterion.value" item="listItem" open="(" separator=",">
                    #{listItem}
                  </foreach>
                </when>
              </choose>
            </foreach>
          </trim>
        </if>
      </foreach>
    </where>
  </sql>
  <sql id="Update_By_Example_Where_Clause">
    <where>
      <foreach collection="example.oredCriteria" item="criteria" separator="or">
        <if test="criteria.valid">
          <trim prefix="(" prefixOverrides="and" suffix=")">
            <foreach collection="criteria.criteria" item="criterion">
              <choose>
                <when test="criterion.noValue">
                  and ${criterion.condition}
                </when>
                <when test="criterion.singleValue">
                  and ${criterion.condition} #{criterion.value}
                </when>
                <when test="criterion.betweenValue">
                  and ${criterion.condition} #{criterion.value} and #{criterion.secondValue}
                </when>
                <when test="criterion.listValue">
                  and ${criterion.condition}
                  <foreach close=")" collection="criterion.value" item="listItem" open="(" separator=",">
                    #{listItem}
                  </foreach>
                </when>
              </choose>
            </foreach>
          </trim>
        </if>
      </foreach>
    </where>
  </sql>
  <sql id="Base_Column_List">
    TRADE_UKID, SHOP_ID, DOWN_TIME, UPDATE_TIME, RELEASE_TIME, ORIGIN_TRADE_STATUS, ORDER_ID, 
    ORDER_SOURCE, CUSTOMS, CUSTOMS_MODEL, VENDER_ID, PAY_TYPE, ORDER_TOTAL_PRICE, ORDER_SELLER_PRICE, 
    ORDER_PAYMENT, FREIGHT_PRICE, SELLER_DISCOUNT, DELIVERY_TYPE, INVOICE_INFO, BUYER_MESSAGE, 
    ORDER_END_TIME, RECEIVER_NAME, RECEIVER_PHONE, RECEIVER_MOBILE, RECEIVER_ADDRESS, 
    RECEIVER_STATE, RECEIVER_CITY, RECEIVER_COUNTY, BALANCE_USED, RETURN_ORDER, WAY_BILL, 
    LOGISTICS_ID, ORDER_MODIFY_TIME, PARENT_ORDER_ID, ORDER_TYPE, STORE_ORDER, TAX_PAYER_IDENT, 
    REGISTERED_ADDRESS, REGISTERED_PHONE, DEPOSIT_BANK, BANK_ACCOUNT, TARGET_ORDER_UKID, 
    PLATFORM_ORDER_STATUS, ORDER_CREATE_TIME, ORDER_PAY_TIME, BUYER_NICK, RECEIVER_ZIP, 
    SELLER_MEMO, IS_COD
  </sql>
  <select id="selectByExample" parameterType="com.wwwarehouse.xdw.datasync.dao.model.SeJingdongTradeExample" resultMap="BaseResultMap">
    select
    <if test="distinct">
      distinct
    </if>
    <include refid="Base_Column_List" />
    from SE_JINGDONG_TRADE
    <if test="_parameter != null">
      <include refid="Example_Where_Clause" />
    </if>
    <if test="orderByClause != null">
      order by ${orderByClause}
    </if>
    <if test="limit != null">
      <if test="offset != null">
        OFFSET ${offset} rows fetch first ${limit} rows only
      </if>
      <if test="offset == null">
        fetch first ${limit} rows only
      </if>
    </if>
  </select>
  <select id="selectByPrimaryKey" parameterType="java.lang.Long" resultMap="BaseResultMap">
    select 
    <include refid="Base_Column_List" />
    from SE_JINGDONG_TRADE
    where TRADE_UKID = #{tradeUkid,jdbcType=DECIMAL}
  </select>
  <delete id="deleteByPrimaryKey" parameterType="java.lang.Long">
    delete from SE_JINGDONG_TRADE
    where TRADE_UKID = #{tradeUkid,jdbcType=DECIMAL}
  </delete>
  <delete id="deleteByExample" parameterType="com.wwwarehouse.xdw.datasync.dao.model.SeJingdongTradeExample">
    delete from SE_JINGDONG_TRADE
    <if test="_parameter != null">
      <include refid="Example_Where_Clause" />
    </if>
  </delete>
  <insert id="insert" parameterType="com.wwwarehouse.xdw.datasync.dao.model.SeJingdongTradeDO">
    insert into SE_JINGDONG_TRADE (TRADE_UKID, SHOP_ID, DOWN_TIME, 
      UPDATE_TIME, RELEASE_TIME, ORIGIN_TRADE_STATUS, 
      ORDER_ID, ORDER_SOURCE, CUSTOMS, 
      CUSTOMS_MODEL, VENDER_ID, PAY_TYPE, 
      ORDER_TOTAL_PRICE, ORDER_SELLER_PRICE, ORDER_PAYMENT, 
      FREIGHT_PRICE, SELLER_DISCOUNT, DELIVERY_TYPE, 
      INVOICE_INFO, BUYER_MESSAGE, ORDER_END_TIME, 
      RECEIVER_NAME, RECEIVER_PHONE, RECEIVER_MOBILE, 
      RECEIVER_ADDRESS, RECEIVER_STATE, RECEIVER_CITY, 
      RECEIVER_COUNTY, BALANCE_USED, RETURN_ORDER, 
      WAY_BILL, LOGISTICS_ID, ORDER_MODIFY_TIME, 
      PARENT_ORDER_ID, ORDER_TYPE, STORE_ORDER, 
      TAX_PAYER_IDENT, REGISTERED_ADDRESS, REGISTERED_PHONE, 
      DEPOSIT_BANK, BANK_ACCOUNT, TARGET_ORDER_UKID, 
      PLATFORM_ORDER_STATUS, ORDER_CREATE_TIME, 
      ORDER_PAY_TIME, BUYER_NICK, RECEIVER_ZIP, 
      SELLER_MEMO, IS_COD)
    values (#{tradeUkid,jdbcType=DECIMAL}, #{shopId,jdbcType=DECIMAL}, #{downTime,jdbcType=TIMESTAMP}, 
      #{updateTime,jdbcType=TIMESTAMP}, #{releaseTime,jdbcType=TIMESTAMP}, #{originTradeStatus,jdbcType=DECIMAL}, 
      #{orderId,jdbcType=VARCHAR}, #{orderSource,jdbcType=VARCHAR}, #{customs,jdbcType=VARCHAR}, 
      #{customsModel,jdbcType=VARCHAR}, #{venderId,jdbcType=VARCHAR}, #{payType,jdbcType=VARCHAR}, 
      #{orderTotalPrice,jdbcType=DECIMAL}, #{orderSellerPrice,jdbcType=DECIMAL}, #{orderPayment,jdbcType=DECIMAL}, 
      #{freightPrice,jdbcType=DECIMAL}, #{sellerDiscount,jdbcType=DECIMAL}, #{deliveryType,jdbcType=VARCHAR}, 
      #{invoiceInfo,jdbcType=VARCHAR}, #{buyerMessage,jdbcType=VARCHAR}, #{orderEndTime,jdbcType=TIMESTAMP}, 
      #{receiverName,jdbcType=VARCHAR}, #{receiverPhone,jdbcType=VARCHAR}, #{receiverMobile,jdbcType=VARCHAR}, 
      #{receiverAddress,jdbcType=VARCHAR}, #{receiverState,jdbcType=VARCHAR}, #{receiverCity,jdbcType=VARCHAR}, 
      #{receiverCounty,jdbcType=VARCHAR}, #{balanceUsed,jdbcType=VARCHAR}, #{returnOrder,jdbcType=VARCHAR}, 
      #{wayBill,jdbcType=VARCHAR}, #{logisticsId,jdbcType=VARCHAR}, #{orderModifyTime,jdbcType=TIMESTAMP}, 
      #{parentOrderId,jdbcType=VARCHAR}, #{orderType,jdbcType=VARCHAR}, #{storeOrder,jdbcType=VARCHAR}, 
      #{taxPayerIdent,jdbcType=VARCHAR}, #{registeredAddress,jdbcType=VARCHAR}, #{registeredPhone,jdbcType=VARCHAR}, 
      #{depositBank,jdbcType=VARCHAR}, #{bankAccount,jdbcType=VARCHAR}, #{targetOrderUkid,jdbcType=DECIMAL}, 
      #{platformOrderStatus,jdbcType=VARCHAR}, #{orderCreateTime,jdbcType=TIMESTAMP}, 
      #{orderPayTime,jdbcType=TIMESTAMP}, #{buyerNick,jdbcType=VARCHAR}, #{receiverZip,jdbcType=VARCHAR}, 
      #{sellerMemo,jdbcType=VARCHAR}, #{isCod,jdbcType=DECIMAL})
  </insert>
  <insert id="insertSelective" parameterType="com.wwwarehouse.xdw.datasync.dao.model.SeJingdongTradeDO">
    insert into SE_JINGDONG_TRADE
    <trim prefix="(" suffix=")" suffixOverrides=",">
      <if test="tradeUkid != null">
        TRADE_UKID,
      </if>
      <if test="shopId != null">
        SHOP_ID,
      </if>
      <if test="downTime != null">
        DOWN_TIME,
      </if>
      <if test="updateTime != null">
        UPDATE_TIME,
      </if>
      <if test="releaseTime != null">
        RELEASE_TIME,
      </if>
      <if test="originTradeStatus != null">
        ORIGIN_TRADE_STATUS,
      </if>
      <if test="orderId != null">
        ORDER_ID,
      </if>
      <if test="orderSource != null">
        ORDER_SOURCE,
      </if>
      <if test="customs != null">
        CUSTOMS,
      </if>
      <if test="customsModel != null">
        CUSTOMS_MODEL,
      </if>
      <if test="venderId != null">
        VENDER_ID,
      </if>
      <if test="payType != null">
        PAY_TYPE,
      </if>
      <if test="orderTotalPrice != null">
        ORDER_TOTAL_PRICE,
      </if>
      <if test="orderSellerPrice != null">
        ORDER_SELLER_PRICE,
      </if>
      <if test="orderPayment != null">
        ORDER_PAYMENT,
      </if>
      <if test="freightPrice != null">
        FREIGHT_PRICE,
      </if>
      <if test="sellerDiscount != null">
        SELLER_DISCOUNT,
      </if>
      <if test="deliveryType != null">
        DELIVERY_TYPE,
      </if>
      <if test="invoiceInfo != null">
        INVOICE_INFO,
      </if>
      <if test="buyerMessage != null">
        BUYER_MESSAGE,
      </if>
      <if test="orderEndTime != null">
        ORDER_END_TIME,
      </if>
      <if test="receiverName != null">
        RECEIVER_NAME,
      </if>
      <if test="receiverPhone != null">
        RECEIVER_PHONE,
      </if>
      <if test="receiverMobile != null">
        RECEIVER_MOBILE,
      </if>
      <if test="receiverAddress != null">
        RECEIVER_ADDRESS,
      </if>
      <if test="receiverState != null">
        RECEIVER_STATE,
      </if>
      <if test="receiverCity != null">
        RECEIVER_CITY,
      </if>
      <if test="receiverCounty != null">
        RECEIVER_COUNTY,
      </if>
      <if test="balanceUsed != null">
        BALANCE_USED,
      </if>
      <if test="returnOrder != null">
        RETURN_ORDER,
      </if>
      <if test="wayBill != null">
        WAY_BILL,
      </if>
      <if test="logisticsId != null">
        LOGISTICS_ID,
      </if>
      <if test="orderModifyTime != null">
        ORDER_MODIFY_TIME,
      </if>
      <if test="parentOrderId != null">
        PARENT_ORDER_ID,
      </if>
      <if test="orderType != null">
        ORDER_TYPE,
      </if>
      <if test="storeOrder != null">
        STORE_ORDER,
      </if>
      <if test="taxPayerIdent != null">
        TAX_PAYER_IDENT,
      </if>
      <if test="registeredAddress != null">
        REGISTERED_ADDRESS,
      </if>
      <if test="registeredPhone != null">
        REGISTERED_PHONE,
      </if>
      <if test="depositBank != null">
        DEPOSIT_BANK,
      </if>
      <if test="bankAccount != null">
        BANK_ACCOUNT,
      </if>
      <if test="targetOrderUkid != null">
        TARGET_ORDER_UKID,
      </if>
      <if test="platformOrderStatus != null">
        PLATFORM_ORDER_STATUS,
      </if>
      <if test="orderCreateTime != null">
        ORDER_CREATE_TIME,
      </if>
      <if test="orderPayTime != null">
        ORDER_PAY_TIME,
      </if>
      <if test="buyerNick != null">
        BUYER_NICK,
      </if>
      <if test="receiverZip != null">
        RECEIVER_ZIP,
      </if>
      <if test="sellerMemo != null">
        SELLER_MEMO,
      </if>
      <if test="isCod != null">
        IS_COD,
      </if>
    </trim>
    <trim prefix="values (" suffix=")" suffixOverrides=",">
      <if test="tradeUkid != null">
        #{tradeUkid,jdbcType=DECIMAL},
      </if>
      <if test="shopId != null">
        #{shopId,jdbcType=DECIMAL},
      </if>
      <if test="downTime != null">
        #{downTime,jdbcType=TIMESTAMP},
      </if>
      <if test="updateTime != null">
        #{updateTime,jdbcType=TIMESTAMP},
      </if>
      <if test="releaseTime != null">
        #{releaseTime,jdbcType=TIMESTAMP},
      </if>
      <if test="originTradeStatus != null">
        #{originTradeStatus,jdbcType=DECIMAL},
      </if>
      <if test="orderId != null">
        #{orderId,jdbcType=VARCHAR},
      </if>
      <if test="orderSource != null">
        #{orderSource,jdbcType=VARCHAR},
      </if>
      <if test="customs != null">
        #{customs,jdbcType=VARCHAR},
      </if>
      <if test="customsModel != null">
        #{customsModel,jdbcType=VARCHAR},
      </if>
      <if test="venderId != null">
        #{venderId,jdbcType=VARCHAR},
      </if>
      <if test="payType != null">
        #{payType,jdbcType=VARCHAR},
      </if>
      <if test="orderTotalPrice != null">
        #{orderTotalPrice,jdbcType=DECIMAL},
      </if>
      <if test="orderSellerPrice != null">
        #{orderSellerPrice,jdbcType=DECIMAL},
      </if>
      <if test="orderPayment != null">
        #{orderPayment,jdbcType=DECIMAL},
      </if>
      <if test="freightPrice != null">
        #{freightPrice,jdbcType=DECIMAL},
      </if>
      <if test="sellerDiscount != null">
        #{sellerDiscount,jdbcType=DECIMAL},
      </if>
      <if test="deliveryType != null">
        #{deliveryType,jdbcType=VARCHAR},
      </if>
      <if test="invoiceInfo != null">
        #{invoiceInfo,jdbcType=VARCHAR},
      </if>
      <if test="buyerMessage != null">
        #{buyerMessage,jdbcType=VARCHAR},
      </if>
      <if test="orderEndTime != null">
        #{orderEndTime,jdbcType=TIMESTAMP},
      </if>
      <if test="receiverName != null">
        #{receiverName,jdbcType=VARCHAR},
      </if>
      <if test="receiverPhone != null">
        #{receiverPhone,jdbcType=VARCHAR},
      </if>
      <if test="receiverMobile != null">
        #{receiverMobile,jdbcType=VARCHAR},
      </if>
      <if test="receiverAddress != null">
        #{receiverAddress,jdbcType=VARCHAR},
      </if>
      <if test="receiverState != null">
        #{receiverState,jdbcType=VARCHAR},
      </if>
      <if test="receiverCity != null">
        #{receiverCity,jdbcType=VARCHAR},
      </if>
      <if test="receiverCounty != null">
        #{receiverCounty,jdbcType=VARCHAR},
      </if>
      <if test="balanceUsed != null">
        #{balanceUsed,jdbcType=VARCHAR},
      </if>
      <if test="returnOrder != null">
        #{returnOrder,jdbcType=VARCHAR},
      </if>
      <if test="wayBill != null">
        #{wayBill,jdbcType=VARCHAR},
      </if>
      <if test="logisticsId != null">
        #{logisticsId,jdbcType=VARCHAR},
      </if>
      <if test="orderModifyTime != null">
        #{orderModifyTime,jdbcType=TIMESTAMP},
      </if>
      <if test="parentOrderId != null">
        #{parentOrderId,jdbcType=VARCHAR},
      </if>
      <if test="orderType != null">
        #{orderType,jdbcType=VARCHAR},
      </if>
      <if test="storeOrder != null">
        #{storeOrder,jdbcType=VARCHAR},
      </if>
      <if test="taxPayerIdent != null">
        #{taxPayerIdent,jdbcType=VARCHAR},
      </if>
      <if test="registeredAddress != null">
        #{registeredAddress,jdbcType=VARCHAR},
      </if>
      <if test="registeredPhone != null">
        #{registeredPhone,jdbcType=VARCHAR},
      </if>
      <if test="depositBank != null">
        #{depositBank,jdbcType=VARCHAR},
      </if>
      <if test="bankAccount != null">
        #{bankAccount,jdbcType=VARCHAR},
      </if>
      <if test="targetOrderUkid != null">
        #{targetOrderUkid,jdbcType=DECIMAL},
      </if>
      <if test="platformOrderStatus != null">
        #{platformOrderStatus,jdbcType=VARCHAR},
      </if>
      <if test="orderCreateTime != null">
        #{orderCreateTime,jdbcType=TIMESTAMP},
      </if>
      <if test="orderPayTime != null">
        #{orderPayTime,jdbcType=TIMESTAMP},
      </if>
      <if test="buyerNick != null">
        #{buyerNick,jdbcType=VARCHAR},
      </if>
      <if test="receiverZip != null">
        #{receiverZip,jdbcType=VARCHAR},
      </if>
      <if test="sellerMemo != null">
        #{sellerMemo,jdbcType=VARCHAR},
      </if>
      <if test="isCod != null">
        #{isCod,jdbcType=DECIMAL},
      </if>
    </trim>
  </insert>
  <select id="countByExample" parameterType="com.wwwarehouse.xdw.datasync.dao.model.SeJingdongTradeExample" resultType="java.lang.Long">
    select count(*) from SE_JINGDONG_TRADE
    <if test="_parameter != null">
      <include refid="Example_Where_Clause" />
    </if>
  </select>
  <update id="updateByExampleSelective" parameterType="map">
    update SE_JINGDONG_TRADE
    <set>
      <if test="record.tradeUkid != null">
        TRADE_UKID = #{record.tradeUkid,jdbcType=DECIMAL},
      </if>
      <if test="record.shopId != null">
        SHOP_ID = #{record.shopId,jdbcType=DECIMAL},
      </if>
      <if test="record.downTime != null">
        DOWN_TIME = #{record.downTime,jdbcType=TIMESTAMP},
      </if>
      <if test="record.updateTime != null">
        UPDATE_TIME = #{record.updateTime,jdbcType=TIMESTAMP},
      </if>
      <if test="record.releaseTime != null">
        RELEASE_TIME = #{record.releaseTime,jdbcType=TIMESTAMP},
      </if>
      <if test="record.originTradeStatus != null">
        ORIGIN_TRADE_STATUS = #{record.originTradeStatus,jdbcType=DECIMAL},
      </if>
      <if test="record.orderId != null">
        ORDER_ID = #{record.orderId,jdbcType=VARCHAR},
      </if>
      <if test="record.orderSource != null">
        ORDER_SOURCE = #{record.orderSource,jdbcType=VARCHAR},
      </if>
      <if test="record.customs != null">
        CUSTOMS = #{record.customs,jdbcType=VARCHAR},
      </if>
      <if test="record.customsModel != null">
        CUSTOMS_MODEL = #{record.customsModel,jdbcType=VARCHAR},
      </if>
      <if test="record.venderId != null">
        VENDER_ID = #{record.venderId,jdbcType=VARCHAR},
      </if>
      <if test="record.payType != null">
        PAY_TYPE = #{record.payType,jdbcType=VARCHAR},
      </if>
      <if test="record.orderTotalPrice != null">
        ORDER_TOTAL_PRICE = #{record.orderTotalPrice,jdbcType=DECIMAL},
      </if>
      <if test="record.orderSellerPrice != null">
        ORDER_SELLER_PRICE = #{record.orderSellerPrice,jdbcType=DECIMAL},
      </if>
      <if test="record.orderPayment != null">
        ORDER_PAYMENT = #{record.orderPayment,jdbcType=DECIMAL},
      </if>
      <if test="record.freightPrice != null">
        FREIGHT_PRICE = #{record.freightPrice,jdbcType=DECIMAL},
      </if>
      <if test="record.sellerDiscount != null">
        SELLER_DISCOUNT = #{record.sellerDiscount,jdbcType=DECIMAL},
      </if>
      <if test="record.deliveryType != null">
        DELIVERY_TYPE = #{record.deliveryType,jdbcType=VARCHAR},
      </if>
      <if test="record.invoiceInfo != null">
        INVOICE_INFO = #{record.invoiceInfo,jdbcType=VARCHAR},
      </if>
      <if test="record.buyerMessage != null">
        BUYER_MESSAGE = #{record.buyerMessage,jdbcType=VARCHAR},
      </if>
      <if test="record.orderEndTime != null">
        ORDER_END_TIME = #{record.orderEndTime,jdbcType=TIMESTAMP},
      </if>
      <if test="record.receiverName != null">
        RECEIVER_NAME = #{record.receiverName,jdbcType=VARCHAR},
      </if>
      <if test="record.receiverPhone != null">
        RECEIVER_PHONE = #{record.receiverPhone,jdbcType=VARCHAR},
      </if>
      <if test="record.receiverMobile != null">
        RECEIVER_MOBILE = #{record.receiverMobile,jdbcType=VARCHAR},
      </if>
      <if test="record.receiverAddress != null">
        RECEIVER_ADDRESS = #{record.receiverAddress,jdbcType=VARCHAR},
      </if>
      <if test="record.receiverState != null">
        RECEIVER_STATE = #{record.receiverState,jdbcType=VARCHAR},
      </if>
      <if test="record.receiverCity != null">
        RECEIVER_CITY = #{record.receiverCity,jdbcType=VARCHAR},
      </if>
      <if test="record.receiverCounty != null">
        RECEIVER_COUNTY = #{record.receiverCounty,jdbcType=VARCHAR},
      </if>
      <if test="record.balanceUsed != null">
        BALANCE_USED = #{record.balanceUsed,jdbcType=VARCHAR},
      </if>
      <if test="record.returnOrder != null">
        RETURN_ORDER = #{record.returnOrder,jdbcType=VARCHAR},
      </if>
      <if test="record.wayBill != null">
        WAY_BILL = #{record.wayBill,jdbcType=VARCHAR},
      </if>
      <if test="record.logisticsId != null">
        LOGISTICS_ID = #{record.logisticsId,jdbcType=VARCHAR},
      </if>
      <if test="record.orderModifyTime != null">
        ORDER_MODIFY_TIME = #{record.orderModifyTime,jdbcType=TIMESTAMP},
      </if>
      <if test="record.parentOrderId != null">
        PARENT_ORDER_ID = #{record.parentOrderId,jdbcType=VARCHAR},
      </if>
      <if test="record.orderType != null">
        ORDER_TYPE = #{record.orderType,jdbcType=VARCHAR},
      </if>
      <if test="record.storeOrder != null">
        STORE_ORDER = #{record.storeOrder,jdbcType=VARCHAR},
      </if>
      <if test="record.taxPayerIdent != null">
        TAX_PAYER_IDENT = #{record.taxPayerIdent,jdbcType=VARCHAR},
      </if>
      <if test="record.registeredAddress != null">
        REGISTERED_ADDRESS = #{record.registeredAddress,jdbcType=VARCHAR},
      </if>
      <if test="record.registeredPhone != null">
        REGISTERED_PHONE = #{record.registeredPhone,jdbcType=VARCHAR},
      </if>
      <if test="record.depositBank != null">
        DEPOSIT_BANK = #{record.depositBank,jdbcType=VARCHAR},
      </if>
      <if test="record.bankAccount != null">
        BANK_ACCOUNT = #{record.bankAccount,jdbcType=VARCHAR},
      </if>
      <if test="record.targetOrderUkid != null">
        TARGET_ORDER_UKID = #{record.targetOrderUkid,jdbcType=DECIMAL},
      </if>
      <if test="record.platformOrderStatus != null">
        PLATFORM_ORDER_STATUS = #{record.platformOrderStatus,jdbcType=VARCHAR},
      </if>
      <if test="record.orderCreateTime != null">
        ORDER_CREATE_TIME = #{record.orderCreateTime,jdbcType=TIMESTAMP},
      </if>
      <if test="record.orderPayTime != null">
        ORDER_PAY_TIME = #{record.orderPayTime,jdbcType=TIMESTAMP},
      </if>
      <if test="record.buyerNick != null">
        BUYER_NICK = #{record.buyerNick,jdbcType=VARCHAR},
      </if>
      <if test="record.receiverZip != null">
        RECEIVER_ZIP = #{record.receiverZip,jdbcType=VARCHAR},
      </if>
      <if test="record.sellerMemo != null">
        SELLER_MEMO = #{record.sellerMemo,jdbcType=VARCHAR},
      </if>
      <if test="record.isCod != null">
        IS_COD = #{record.isCod,jdbcType=DECIMAL},
      </if>
    </set>
    <if test="_parameter != null">
      <include refid="Update_By_Example_Where_Clause" />
    </if>
  </update>
  <update id="updateByExample" parameterType="map">
    update SE_JINGDONG_TRADE
    set TRADE_UKID = #{record.tradeUkid,jdbcType=DECIMAL},
      SHOP_ID = #{record.shopId,jdbcType=DECIMAL},
      DOWN_TIME = #{record.downTime,jdbcType=TIMESTAMP},
      UPDATE_TIME = #{record.updateTime,jdbcType=TIMESTAMP},
      RELEASE_TIME = #{record.releaseTime,jdbcType=TIMESTAMP},
      ORIGIN_TRADE_STATUS = #{record.originTradeStatus,jdbcType=DECIMAL},
      ORDER_ID = #{record.orderId,jdbcType=VARCHAR},
      ORDER_SOURCE = #{record.orderSource,jdbcType=VARCHAR},
      CUSTOMS = #{record.customs,jdbcType=VARCHAR},
      CUSTOMS_MODEL = #{record.customsModel,jdbcType=VARCHAR},
      VENDER_ID = #{record.venderId,jdbcType=VARCHAR},
      PAY_TYPE = #{record.payType,jdbcType=VARCHAR},
      ORDER_TOTAL_PRICE = #{record.orderTotalPrice,jdbcType=DECIMAL},
      ORDER_SELLER_PRICE = #{record.orderSellerPrice,jdbcType=DECIMAL},
      ORDER_PAYMENT = #{record.orderPayment,jdbcType=DECIMAL},
      FREIGHT_PRICE = #{record.freightPrice,jdbcType=DECIMAL},
      SELLER_DISCOUNT = #{record.sellerDiscount,jdbcType=DECIMAL},
      DELIVERY_TYPE = #{record.deliveryType,jdbcType=VARCHAR},
      INVOICE_INFO = #{record.invoiceInfo,jdbcType=VARCHAR},
      BUYER_MESSAGE = #{record.buyerMessage,jdbcType=VARCHAR},
      ORDER_END_TIME = #{record.orderEndTime,jdbcType=TIMESTAMP},
      RECEIVER_NAME = #{record.receiverName,jdbcType=VARCHAR},
      RECEIVER_PHONE = #{record.receiverPhone,jdbcType=VARCHAR},
      RECEIVER_MOBILE = #{record.receiverMobile,jdbcType=VARCHAR},
      RECEIVER_ADDRESS = #{record.receiverAddress,jdbcType=VARCHAR},
      RECEIVER_STATE = #{record.receiverState,jdbcType=VARCHAR},
      RECEIVER_CITY = #{record.receiverCity,jdbcType=VARCHAR},
      RECEIVER_COUNTY = #{record.receiverCounty,jdbcType=VARCHAR},
      BALANCE_USED = #{record.balanceUsed,jdbcType=VARCHAR},
      RETURN_ORDER = #{record.returnOrder,jdbcType=VARCHAR},
      WAY_BILL = #{record.wayBill,jdbcType=VARCHAR},
      LOGISTICS_ID = #{record.logisticsId,jdbcType=VARCHAR},
      ORDER_MODIFY_TIME = #{record.orderModifyTime,jdbcType=TIMESTAMP},
      PARENT_ORDER_ID = #{record.parentOrderId,jdbcType=VARCHAR},
      ORDER_TYPE = #{record.orderType,jdbcType=VARCHAR},
      STORE_ORDER = #{record.storeOrder,jdbcType=VARCHAR},
      TAX_PAYER_IDENT = #{record.taxPayerIdent,jdbcType=VARCHAR},
      REGISTERED_ADDRESS = #{record.registeredAddress,jdbcType=VARCHAR},
      REGISTERED_PHONE = #{record.registeredPhone,jdbcType=VARCHAR},
      DEPOSIT_BANK = #{record.depositBank,jdbcType=VARCHAR},
      BANK_ACCOUNT = #{record.bankAccount,jdbcType=VARCHAR},
      TARGET_ORDER_UKID = #{record.targetOrderUkid,jdbcType=DECIMAL},
      PLATFORM_ORDER_STATUS = #{record.platformOrderStatus,jdbcType=VARCHAR},
      ORDER_CREATE_TIME = #{record.orderCreateTime,jdbcType=TIMESTAMP},
      ORDER_PAY_TIME = #{record.orderPayTime,jdbcType=TIMESTAMP},
      BUYER_NICK = #{record.buyerNick,jdbcType=VARCHAR},
      RECEIVER_ZIP = #{record.receiverZip,jdbcType=VARCHAR},
      SELLER_MEMO = #{record.sellerMemo,jdbcType=VARCHAR},
      IS_COD = #{record.isCod,jdbcType=DECIMAL}
    <if test="_parameter != null">
      <include refid="Update_By_Example_Where_Clause" />
    </if>
  </update>
  <update id="updateByPrimaryKeySelective" parameterType="com.wwwarehouse.xdw.datasync.dao.model.SeJingdongTradeDO">
    update SE_JINGDONG_TRADE
    <set>
      <if test="shopId != null">
        SHOP_ID = #{shopId,jdbcType=DECIMAL},
      </if>
      <if test="downTime != null">
        DOWN_TIME = #{downTime,jdbcType=TIMESTAMP},
      </if>
      <if test="updateTime != null">
        UPDATE_TIME = #{updateTime,jdbcType=TIMESTAMP},
      </if>
      <if test="releaseTime != null">
        RELEASE_TIME = #{releaseTime,jdbcType=TIMESTAMP},
      </if>
      <if test="originTradeStatus != null">
        ORIGIN_TRADE_STATUS = #{originTradeStatus,jdbcType=DECIMAL},
      </if>
      <if test="orderId != null">
        ORDER_ID = #{orderId,jdbcType=VARCHAR},
      </if>
      <if test="orderSource != null">
        ORDER_SOURCE = #{orderSource,jdbcType=VARCHAR},
      </if>
      <if test="customs != null">
        CUSTOMS = #{customs,jdbcType=VARCHAR},
      </if>
      <if test="customsModel != null">
        CUSTOMS_MODEL = #{customsModel,jdbcType=VARCHAR},
      </if>
      <if test="venderId != null">
        VENDER_ID = #{venderId,jdbcType=VARCHAR},
      </if>
      <if test="payType != null">
        PAY_TYPE = #{payType,jdbcType=VARCHAR},
      </if>
      <if test="orderTotalPrice != null">
        ORDER_TOTAL_PRICE = #{orderTotalPrice,jdbcType=DECIMAL},
      </if>
      <if test="orderSellerPrice != null">
        ORDER_SELLER_PRICE = #{orderSellerPrice,jdbcType=DECIMAL},
      </if>
      <if test="orderPayment != null">
        ORDER_PAYMENT = #{orderPayment,jdbcType=DECIMAL},
      </if>
      <if test="freightPrice != null">
        FREIGHT_PRICE = #{freightPrice,jdbcType=DECIMAL},
      </if>
      <if test="sellerDiscount != null">
        SELLER_DISCOUNT = #{sellerDiscount,jdbcType=DECIMAL},
      </if>
      <if test="deliveryType != null">
        DELIVERY_TYPE = #{deliveryType,jdbcType=VARCHAR},
      </if>
      <if test="invoiceInfo != null">
        INVOICE_INFO = #{invoiceInfo,jdbcType=VARCHAR},
      </if>
      <if test="buyerMessage != null">
        BUYER_MESSAGE = #{buyerMessage,jdbcType=VARCHAR},
      </if>
      <if test="orderEndTime != null">
        ORDER_END_TIME = #{orderEndTime,jdbcType=TIMESTAMP},
      </if>
      <if test="receiverName != null">
        RECEIVER_NAME = #{receiverName,jdbcType=VARCHAR},
      </if>
      <if test="receiverPhone != null">
        RECEIVER_PHONE = #{receiverPhone,jdbcType=VARCHAR},
      </if>
      <if test="receiverMobile != null">
        RECEIVER_MOBILE = #{receiverMobile,jdbcType=VARCHAR},
      </if>
      <if test="receiverAddress != null">
        RECEIVER_ADDRESS = #{receiverAddress,jdbcType=VARCHAR},
      </if>
      <if test="receiverState != null">
        RECEIVER_STATE = #{receiverState,jdbcType=VARCHAR},
      </if>
      <if test="receiverCity != null">
        RECEIVER_CITY = #{receiverCity,jdbcType=VARCHAR},
      </if>
      <if test="receiverCounty != null">
        RECEIVER_COUNTY = #{receiverCounty,jdbcType=VARCHAR},
      </if>
      <if test="balanceUsed != null">
        BALANCE_USED = #{balanceUsed,jdbcType=VARCHAR},
      </if>
      <if test="returnOrder != null">
        RETURN_ORDER = #{returnOrder,jdbcType=VARCHAR},
      </if>
      <if test="wayBill != null">
        WAY_BILL = #{wayBill,jdbcType=VARCHAR},
      </if>
      <if test="logisticsId != null">
        LOGISTICS_ID = #{logisticsId,jdbcType=VARCHAR},
      </if>
      <if test="orderModifyTime != null">
        ORDER_MODIFY_TIME = #{orderModifyTime,jdbcType=TIMESTAMP},
      </if>
      <if test="parentOrderId != null">
        PARENT_ORDER_ID = #{parentOrderId,jdbcType=VARCHAR},
      </if>
      <if test="orderType != null">
        ORDER_TYPE = #{orderType,jdbcType=VARCHAR},
      </if>
      <if test="storeOrder != null">
        STORE_ORDER = #{storeOrder,jdbcType=VARCHAR},
      </if>
      <if test="taxPayerIdent != null">
        TAX_PAYER_IDENT = #{taxPayerIdent,jdbcType=VARCHAR},
      </if>
      <if test="registeredAddress != null">
        REGISTERED_ADDRESS = #{registeredAddress,jdbcType=VARCHAR},
      </if>
      <if test="registeredPhone != null">
        REGISTERED_PHONE = #{registeredPhone,jdbcType=VARCHAR},
      </if>
      <if test="depositBank != null">
        DEPOSIT_BANK = #{depositBank,jdbcType=VARCHAR},
      </if>
      <if test="bankAccount != null">
        BANK_ACCOUNT = #{bankAccount,jdbcType=VARCHAR},
      </if>
      <if test="targetOrderUkid != null">
        TARGET_ORDER_UKID = #{targetOrderUkid,jdbcType=DECIMAL},
      </if>
      <if test="platformOrderStatus != null">
        PLATFORM_ORDER_STATUS = #{platformOrderStatus,jdbcType=VARCHAR},
      </if>
      <if test="orderCreateTime != null">
        ORDER_CREATE_TIME = #{orderCreateTime,jdbcType=TIMESTAMP},
      </if>
      <if test="orderPayTime != null">
        ORDER_PAY_TIME = #{orderPayTime,jdbcType=TIMESTAMP},
      </if>
      <if test="buyerNick != null">
        BUYER_NICK = #{buyerNick,jdbcType=VARCHAR},
      </if>
      <if test="receiverZip != null">
        RECEIVER_ZIP = #{receiverZip,jdbcType=VARCHAR},
      </if>
      <if test="sellerMemo != null">
        SELLER_MEMO = #{sellerMemo,jdbcType=VARCHAR},
      </if>
      <if test="isCod != null">
        IS_COD = #{isCod,jdbcType=DECIMAL},
      </if>
    </set>
    where TRADE_UKID = #{tradeUkid,jdbcType=DECIMAL}
  </update>
  <update id="updateByPrimaryKey" parameterType="com.wwwarehouse.xdw.datasync.dao.model.SeJingdongTradeDO">
    update SE_JINGDONG_TRADE
    set SHOP_ID = #{shopId,jdbcType=DECIMAL},
      DOWN_TIME = #{downTime,jdbcType=TIMESTAMP},
      UPDATE_TIME = #{updateTime,jdbcType=TIMESTAMP},
      RELEASE_TIME = #{releaseTime,jdbcType=TIMESTAMP},
      ORIGIN_TRADE_STATUS = #{originTradeStatus,jdbcType=DECIMAL},
      ORDER_ID = #{orderId,jdbcType=VARCHAR},
      ORDER_SOURCE = #{orderSource,jdbcType=VARCHAR},
      CUSTOMS = #{customs,jdbcType=VARCHAR},
      CUSTOMS_MODEL = #{customsModel,jdbcType=VARCHAR},
      VENDER_ID = #{venderId,jdbcType=VARCHAR},
      PAY_TYPE = #{payType,jdbcType=VARCHAR},
      ORDER_TOTAL_PRICE = #{orderTotalPrice,jdbcType=DECIMAL},
      ORDER_SELLER_PRICE = #{orderSellerPrice,jdbcType=DECIMAL},
      ORDER_PAYMENT = #{orderPayment,jdbcType=DECIMAL},
      FREIGHT_PRICE = #{freightPrice,jdbcType=DECIMAL},
      SELLER_DISCOUNT = #{sellerDiscount,jdbcType=DECIMAL},
      DELIVERY_TYPE = #{deliveryType,jdbcType=VARCHAR},
      INVOICE_INFO = #{invoiceInfo,jdbcType=VARCHAR},
      BUYER_MESSAGE = #{buyerMessage,jdbcType=VARCHAR},
      ORDER_END_TIME = #{orderEndTime,jdbcType=TIMESTAMP},
      RECEIVER_NAME = #{receiverName,jdbcType=VARCHAR},
      RECEIVER_PHONE = #{receiverPhone,jdbcType=VARCHAR},
      RECEIVER_MOBILE = #{receiverMobile,jdbcType=VARCHAR},
      RECEIVER_ADDRESS = #{receiverAddress,jdbcType=VARCHAR},
      RECEIVER_STATE = #{receiverState,jdbcType=VARCHAR},
      RECEIVER_CITY = #{receiverCity,jdbcType=VARCHAR},
      RECEIVER_COUNTY = #{receiverCounty,jdbcType=VARCHAR},
      BALANCE_USED = #{balanceUsed,jdbcType=VARCHAR},
      RETURN_ORDER = #{returnOrder,jdbcType=VARCHAR},
      WAY_BILL = #{wayBill,jdbcType=VARCHAR},
      LOGISTICS_ID = #{logisticsId,jdbcType=VARCHAR},
      ORDER_MODIFY_TIME = #{orderModifyTime,jdbcType=TIMESTAMP},
      PARENT_ORDER_ID = #{parentOrderId,jdbcType=VARCHAR},
      ORDER_TYPE = #{orderType,jdbcType=VARCHAR},
      STORE_ORDER = #{storeOrder,jdbcType=VARCHAR},
      TAX_PAYER_IDENT = #{taxPayerIdent,jdbcType=VARCHAR},
      REGISTERED_ADDRESS = #{registeredAddress,jdbcType=VARCHAR},
      REGISTERED_PHONE = #{registeredPhone,jdbcType=VARCHAR},
      DEPOSIT_BANK = #{depositBank,jdbcType=VARCHAR},
      BANK_ACCOUNT = #{bankAccount,jdbcType=VARCHAR},
      TARGET_ORDER_UKID = #{targetOrderUkid,jdbcType=DECIMAL},
      PLATFORM_ORDER_STATUS = #{platformOrderStatus,jdbcType=VARCHAR},
      ORDER_CREATE_TIME = #{orderCreateTime,jdbcType=TIMESTAMP},
      ORDER_PAY_TIME = #{orderPayTime,jdbcType=TIMESTAMP},
      BUYER_NICK = #{buyerNick,jdbcType=VARCHAR},
      RECEIVER_ZIP = #{receiverZip,jdbcType=VARCHAR},
      SELLER_MEMO = #{sellerMemo,jdbcType=VARCHAR},
      IS_COD = #{isCod,jdbcType=DECIMAL}
    where TRADE_UKID = #{tradeUkid,jdbcType=DECIMAL}
  </update>
  <cache />
</mapper>