<?xml version="1.0" encoding="UTF-8"?>
<!DOCTYPE mapper PUBLIC "-//mybatis.org//DTD Mapper 3.0//EN" "http://mybatis.org/dtd/mybatis-3-mapper.dtd">
<mapper namespace="com.wwwarehouse.xdw.datasync.dao.mapper.SeJingdongItemMapper">
  <resultMap id="BaseResultMap" type="com.wwwarehouse.xdw.datasync.dao.model.SeJingdongItemDO">
    <id column="ITEM_UKID" jdbcType="DECIMAL" property="itemUkid" />
    <result column="TRADE_UKID" jdbcType="DECIMAL" property="tradeUkid" />
    <result column="ORIGIN_ORDER_STATUS" jdbcType="DECIMAL" property="originOrderStatus" />
    <result column="SHOP_PRODUCT_UKID" jdbcType="DECIMAL" property="shopProductUkid" />
    <result column="PRODUCT_CODE_UKID" jdbcType="DECIMAL" property="productCodeUkid" />
    <result column="PRODUCT_CODE" jdbcType="VARCHAR" property="productCode" />
    <result column="PRESALE_DATE" jdbcType="TIMESTAMP" property="presaleDate" />
    <result column="DOWN_TIME" jdbcType="TIMESTAMP" property="downTime" />
    <result column="WORKSPACE_ID" jdbcType="VARCHAR" property="workspaceId" />
    <result column="SKU_ID" jdbcType="VARCHAR" property="skuId" />
    <result column="OUTER_SKU_ID" jdbcType="VARCHAR" property="outerSkuId" />
    <result column="SKU_NAME" jdbcType="VARCHAR" property="skuName" />
    <result column="JD_PRICE" jdbcType="DECIMAL" property="jdPrice" />
    <result column="GIFT_POINT" jdbcType="DECIMAL" property="giftPoint" />
    <result column="WARE_ID" jdbcType="VARCHAR" property="wareId" />
    <result column="ITEM_TOTAL" jdbcType="DECIMAL" property="itemTotal" />
    <result column="PRODUCT_NO" jdbcType="VARCHAR" property="productNo" />
    <result column="COUPON_PRICE" jdbcType="DECIMAL" property="couponPrice" />
    <result column="COUPON_TYPE" jdbcType="VARCHAR" property="couponType" />
    <result column="CREATE_TIME" jdbcType="TIMESTAMP" property="createTime" />
    <result column="CREATE_USER_ID" jdbcType="DECIMAL" property="createUserId" />
    <result column="UPDATE_USER_ID" jdbcType="DECIMAL" property="updateUserId" />
    <result column="UPDATE_TIME" jdbcType="TIMESTAMP" property="updateTime" />
  </resultMap>
  <sql id="Example_Where_Clause">
    <where>
      <foreach collection="oredCriteria" item="criteria" separator="or">
        <if test="criteria.valid">
          <trim prefix="(" prefixOverrides="and" suffix=")">
            <foreach collection="criteria.criteria" item="criterion">
              <choose>
                <when test="criterion.noValue">
                  and ${criterion.condition}
                </when>
                <when test="criterion.singleValue">
                  and ${criterion.condition} #{criterion.value}
                </when>
                <when test="criterion.betweenValue">
                  and ${criterion.condition} #{criterion.value} and #{criterion.secondValue}
                </when>
                <when test="criterion.listValue">
                  and ${criterion.condition}
                  <foreach close=")" collection="criterion.value" item="listItem" open="(" separator=",">
                    #{listItem}
                  </foreach>
                </when>
              </choose>
            </foreach>
          </trim>
        </if>
      </foreach>
    </where>
  </sql>
  <sql id="Update_By_Example_Where_Clause">
    <where>
      <foreach collection="example.oredCriteria" item="criteria" separator="or">
        <if test="criteria.valid">
          <trim prefix="(" prefixOverrides="and" suffix=")">
            <foreach collection="criteria.criteria" item="criterion">
              <choose>
                <when test="criterion.noValue">
                  and ${criterion.condition}
                </when>
                <when test="criterion.singleValue">
                  and ${criterion.condition} #{criterion.value}
                </when>
                <when test="criterion.betweenValue">
                  and ${criterion.condition} #{criterion.value} and #{criterion.secondValue}
                </when>
                <when test="criterion.listValue">
                  and ${criterion.condition}
                  <foreach close=")" collection="criterion.value" item="listItem" open="(" separator=",">
                    #{listItem}
                  </foreach>
                </when>
              </choose>
            </foreach>
          </trim>
        </if>
      </foreach>
    </where>
  </sql>
  <sql id="Base_Column_List">
    ITEM_UKID, TRADE_UKID, ORIGIN_ORDER_STATUS, SHOP_PRODUCT_UKID, PRODUCT_CODE_UKID, 
    PRODUCT_CODE, PRESALE_DATE, DOWN_TIME, WORKSPACE_ID, SKU_ID, OUTER_SKU_ID, SKU_NAME, 
    JD_PRICE, GIFT_POINT, WARE_ID, ITEM_TOTAL, PRODUCT_NO, COUPON_PRICE, COUPON_TYPE, 
    CREATE_TIME, CREATE_USER_ID, UPDATE_USER_ID, UPDATE_TIME
  </sql>
  <select id="selectByExample" parameterType="com.wwwarehouse.xdw.datasync.dao.model.SeJingdongItemExample" resultMap="BaseResultMap">
    select
    <if test="distinct">
      distinct
    </if>
    <include refid="Base_Column_List" />
    from SE_JINGDONG_ITEM
    <if test="_parameter != null">
      <include refid="Example_Where_Clause" />
    </if>
    <if test="orderByClause != null">
      order by ${orderByClause}
    </if>
    <if test="limit != null">
      <if test="offset != null">
        OFFSET ${offset} rows fetch first ${limit} rows only
      </if>
      <if test="offset == null">
        fetch first ${limit} rows only
      </if>
    </if>
  </select>
  <select id="selectByPrimaryKey" parameterType="java.lang.Long" resultMap="BaseResultMap">
    select 
    <include refid="Base_Column_List" />
    from SE_JINGDONG_ITEM
    where ITEM_UKID = #{itemUkid,jdbcType=DECIMAL}
  </select>
  <delete id="deleteByPrimaryKey" parameterType="java.lang.Long">
    delete from SE_JINGDONG_ITEM
    where ITEM_UKID = #{itemUkid,jdbcType=DECIMAL}
  </delete>
  <delete id="deleteByExample" parameterType="com.wwwarehouse.xdw.datasync.dao.model.SeJingdongItemExample">
    delete from SE_JINGDONG_ITEM
    <if test="_parameter != null">
      <include refid="Example_Where_Clause" />
    </if>
  </delete>
  <insert id="insert" parameterType="com.wwwarehouse.xdw.datasync.dao.model.SeJingdongItemDO">
    insert into SE_JINGDONG_ITEM (ITEM_UKID, TRADE_UKID, ORIGIN_ORDER_STATUS, 
      SHOP_PRODUCT_UKID, PRODUCT_CODE_UKID, PRODUCT_CODE, 
      PRESALE_DATE, DOWN_TIME, WORKSPACE_ID, 
      SKU_ID, OUTER_SKU_ID, SKU_NAME, 
      JD_PRICE, GIFT_POINT, WARE_ID, 
      ITEM_TOTAL, PRODUCT_NO, COUPON_PRICE, 
      COUPON_TYPE, CREATE_TIME, CREATE_USER_ID, 
      UPDATE_USER_ID, UPDATE_TIME)
    values (#{itemUkid,jdbcType=DECIMAL}, #{tradeUkid,jdbcType=DECIMAL}, #{originOrderStatus,jdbcType=DECIMAL}, 
      #{shopProductUkid,jdbcType=DECIMAL}, #{productCodeUkid,jdbcType=DECIMAL}, #{productCode,jdbcType=VARCHAR}, 
      #{presaleDate,jdbcType=TIMESTAMP}, #{downTime,jdbcType=TIMESTAMP}, #{workspaceId,jdbcType=VARCHAR}, 
      #{skuId,jdbcType=VARCHAR}, #{outerSkuId,jdbcType=VARCHAR}, #{skuName,jdbcType=VARCHAR}, 
      #{jdPrice,jdbcType=DECIMAL}, #{giftPoint,jdbcType=DECIMAL}, #{wareId,jdbcType=VARCHAR}, 
      #{itemTotal,jdbcType=DECIMAL}, #{productNo,jdbcType=VARCHAR}, #{couponPrice,jdbcType=DECIMAL}, 
      #{couponType,jdbcType=VARCHAR}, #{createTime,jdbcType=TIMESTAMP}, #{createUserId,jdbcType=DECIMAL}, 
      #{updateUserId,jdbcType=DECIMAL}, #{updateTime,jdbcType=TIMESTAMP})
  </insert>
  <insert id="insertSelective" parameterType="com.wwwarehouse.xdw.datasync.dao.model.SeJingdongItemDO">
    insert into SE_JINGDONG_ITEM
    <trim prefix="(" suffix=")" suffixOverrides=",">
      <if test="itemUkid != null">
        ITEM_UKID,
      </if>
      <if test="tradeUkid != null">
        TRADE_UKID,
      </if>
      <if test="originOrderStatus != null">
        ORIGIN_ORDER_STATUS,
      </if>
      <if test="shopProductUkid != null">
        SHOP_PRODUCT_UKID,
      </if>
      <if test="productCodeUkid != null">
        PRODUCT_CODE_UKID,
      </if>
      <if test="productCode != null">
        PRODUCT_CODE,
      </if>
      <if test="presaleDate != null">
        PRESALE_DATE,
      </if>
      <if test="downTime != null">
        DOWN_TIME,
      </if>
      <if test="workspaceId != null">
        WORKSPACE_ID,
      </if>
      <if test="skuId != null">
        SKU_ID,
      </if>
      <if test="outerSkuId != null">
        OUTER_SKU_ID,
      </if>
      <if test="skuName != null">
        SKU_NAME,
      </if>
      <if test="jdPrice != null">
        JD_PRICE,
      </if>
      <if test="giftPoint != null">
        GIFT_POINT,
      </if>
      <if test="wareId != null">
        WARE_ID,
      </if>
      <if test="itemTotal != null">
        ITEM_TOTAL,
      </if>
      <if test="productNo != null">
        PRODUCT_NO,
      </if>
      <if test="couponPrice != null">
        COUPON_PRICE,
      </if>
      <if test="couponType != null">
        COUPON_TYPE,
      </if>
      <if test="createTime != null">
        CREATE_TIME,
      </if>
      <if test="createUserId != null">
        CREATE_USER_ID,
      </if>
      <if test="updateUserId != null">
        UPDATE_USER_ID,
      </if>
      <if test="updateTime != null">
        UPDATE_TIME,
      </if>
    </trim>
    <trim prefix="values (" suffix=")" suffixOverrides=",">
      <if test="itemUkid != null">
        #{itemUkid,jdbcType=DECIMAL},
      </if>
      <if test="tradeUkid != null">
        #{tradeUkid,jdbcType=DECIMAL},
      </if>
      <if test="originOrderStatus != null">
        #{originOrderStatus,jdbcType=DECIMAL},
      </if>
      <if test="shopProductUkid != null">
        #{shopProductUkid,jdbcType=DECIMAL},
      </if>
      <if test="productCodeUkid != null">
        #{productCodeUkid,jdbcType=DECIMAL},
      </if>
      <if test="productCode != null">
        #{productCode,jdbcType=VARCHAR},
      </if>
      <if test="presaleDate != null">
        #{presaleDate,jdbcType=TIMESTAMP},
      </if>
      <if test="downTime != null">
        #{downTime,jdbcType=TIMESTAMP},
      </if>
      <if test="workspaceId != null">
        #{workspaceId,jdbcType=VARCHAR},
      </if>
      <if test="skuId != null">
        #{skuId,jdbcType=VARCHAR},
      </if>
      <if test="outerSkuId != null">
        #{outerSkuId,jdbcType=VARCHAR},
      </if>
      <if test="skuName != null">
        #{skuName,jdbcType=VARCHAR},
      </if>
      <if test="jdPrice != null">
        #{jdPrice,jdbcType=DECIMAL},
      </if>
      <if test="giftPoint != null">
        #{giftPoint,jdbcType=DECIMAL},
      </if>
      <if test="wareId != null">
        #{wareId,jdbcType=VARCHAR},
      </if>
      <if test="itemTotal != null">
        #{itemTotal,jdbcType=DECIMAL},
      </if>
      <if test="productNo != null">
        #{productNo,jdbcType=VARCHAR},
      </if>
      <if test="couponPrice != null">
        #{couponPrice,jdbcType=DECIMAL},
      </if>
      <if test="couponType != null">
        #{couponType,jdbcType=VARCHAR},
      </if>
      <if test="createTime != null">
        #{createTime,jdbcType=TIMESTAMP},
      </if>
      <if test="createUserId != null">
        #{createUserId,jdbcType=DECIMAL},
      </if>
      <if test="updateUserId != null">
        #{updateUserId,jdbcType=DECIMAL},
      </if>
      <if test="updateTime != null">
        #{updateTime,jdbcType=TIMESTAMP},
      </if>
    </trim>
  </insert>
  <select id="countByExample" parameterType="com.wwwarehouse.xdw.datasync.dao.model.SeJingdongItemExample" resultType="java.lang.Long">
    select count(*) from SE_JINGDONG_ITEM
    <if test="_parameter != null">
      <include refid="Example_Where_Clause" />
    </if>
  </select>
  <update id="updateByExampleSelective" parameterType="map">
    update SE_JINGDONG_ITEM
    <set>
      <if test="record.itemUkid != null">
        ITEM_UKID = #{record.itemUkid,jdbcType=DECIMAL},
      </if>
      <if test="record.tradeUkid != null">
        TRADE_UKID = #{record.tradeUkid,jdbcType=DECIMAL},
      </if>
      <if test="record.originOrderStatus != null">
        ORIGIN_ORDER_STATUS = #{record.originOrderStatus,jdbcType=DECIMAL},
      </if>
      <if test="record.shopProductUkid != null">
        SHOP_PRODUCT_UKID = #{record.shopProductUkid,jdbcType=DECIMAL},
      </if>
      <if test="record.productCodeUkid != null">
        PRODUCT_CODE_UKID = #{record.productCodeUkid,jdbcType=DECIMAL},
      </if>
      <if test="record.productCode != null">
        PRODUCT_CODE = #{record.productCode,jdbcType=VARCHAR},
      </if>
      <if test="record.presaleDate != null">
        PRESALE_DATE = #{record.presaleDate,jdbcType=TIMESTAMP},
      </if>
      <if test="record.downTime != null">
        DOWN_TIME = #{record.downTime,jdbcType=TIMESTAMP},
      </if>
      <if test="record.workspaceId != null">
        WORKSPACE_ID = #{record.workspaceId,jdbcType=VARCHAR},
      </if>
      <if test="record.skuId != null">
        SKU_ID = #{record.skuId,jdbcType=VARCHAR},
      </if>
      <if test="record.outerSkuId != null">
        OUTER_SKU_ID = #{record.outerSkuId,jdbcType=VARCHAR},
      </if>
      <if test="record.skuName != null">
        SKU_NAME = #{record.skuName,jdbcType=VARCHAR},
      </if>
      <if test="record.jdPrice != null">
        JD_PRICE = #{record.jdPrice,jdbcType=DECIMAL},
      </if>
      <if test="record.giftPoint != null">
        GIFT_POINT = #{record.giftPoint,jdbcType=DECIMAL},
      </if>
      <if test="record.wareId != null">
        WARE_ID = #{record.wareId,jdbcType=VARCHAR},
      </if>
      <if test="record.itemTotal != null">
        ITEM_TOTAL = #{record.itemTotal,jdbcType=DECIMAL},
      </if>
      <if test="record.productNo != null">
        PRODUCT_NO = #{record.productNo,jdbcType=VARCHAR},
      </if>
      <if test="record.couponPrice != null">
        COUPON_PRICE = #{record.couponPrice,jdbcType=DECIMAL},
      </if>
      <if test="record.couponType != null">
        COUPON_TYPE = #{record.couponType,jdbcType=VARCHAR},
      </if>
      <if test="record.createTime != null">
        CREATE_TIME = #{record.createTime,jdbcType=TIMESTAMP},
      </if>
      <if test="record.createUserId != null">
        CREATE_USER_ID = #{record.createUserId,jdbcType=DECIMAL},
      </if>
      <if test="record.updateUserId != null">
        UPDATE_USER_ID = #{record.updateUserId,jdbcType=DECIMAL},
      </if>
      <if test="record.updateTime != null">
        UPDATE_TIME = #{record.updateTime,jdbcType=TIMESTAMP},
      </if>
    </set>
    <if test="_parameter != null">
      <include refid="Update_By_Example_Where_Clause" />
    </if>
  </update>
  <update id="updateByExample" parameterType="map">
    update SE_JINGDONG_ITEM
    set ITEM_UKID = #{record.itemUkid,jdbcType=DECIMAL},
      TRADE_UKID = #{record.tradeUkid,jdbcType=DECIMAL},
      ORIGIN_ORDER_STATUS = #{record.originOrderStatus,jdbcType=DECIMAL},
      SHOP_PRODUCT_UKID = #{record.shopProductUkid,jdbcType=DECIMAL},
      PRODUCT_CODE_UKID = #{record.productCodeUkid,jdbcType=DECIMAL},
      PRODUCT_CODE = #{record.productCode,jdbcType=VARCHAR},
      PRESALE_DATE = #{record.presaleDate,jdbcType=TIMESTAMP},
      DOWN_TIME = #{record.downTime,jdbcType=TIMESTAMP},
      WORKSPACE_ID = #{record.workspaceId,jdbcType=VARCHAR},
      SKU_ID = #{record.skuId,jdbcType=VARCHAR},
      OUTER_SKU_ID = #{record.outerSkuId,jdbcType=VARCHAR},
      SKU_NAME = #{record.skuName,jdbcType=VARCHAR},
      JD_PRICE = #{record.jdPrice,jdbcType=DECIMAL},
      GIFT_POINT = #{record.giftPoint,jdbcType=DECIMAL},
      WARE_ID = #{record.wareId,jdbcType=VARCHAR},
      ITEM_TOTAL = #{record.itemTotal,jdbcType=DECIMAL},
      PRODUCT_NO = #{record.productNo,jdbcType=VARCHAR},
      COUPON_PRICE = #{record.couponPrice,jdbcType=DECIMAL},
      COUPON_TYPE = #{record.couponType,jdbcType=VARCHAR},
      CREATE_TIME = #{record.createTime,jdbcType=TIMESTAMP},
      CREATE_USER_ID = #{record.createUserId,jdbcType=DECIMAL},
      UPDATE_USER_ID = #{record.updateUserId,jdbcType=DECIMAL},
      UPDATE_TIME = #{record.updateTime,jdbcType=TIMESTAMP}
    <if test="_parameter != null">
      <include refid="Update_By_Example_Where_Clause" />
    </if>
  </update>
  <update id="updateByPrimaryKeySelective" parameterType="com.wwwarehouse.xdw.datasync.dao.model.SeJingdongItemDO">
    update SE_JINGDONG_ITEM
    <set>
      <if test="tradeUkid != null">
        TRADE_UKID = #{tradeUkid,jdbcType=DECIMAL},
      </if>
      <if test="originOrderStatus != null">
        ORIGIN_ORDER_STATUS = #{originOrderStatus,jdbcType=DECIMAL},
      </if>
      <if test="shopProductUkid != null">
        SHOP_PRODUCT_UKID = #{shopProductUkid,jdbcType=DECIMAL},
      </if>
      <if test="productCodeUkid != null">
        PRODUCT_CODE_UKID = #{productCodeUkid,jdbcType=DECIMAL},
      </if>
      <if test="productCode != null">
        PRODUCT_CODE = #{productCode,jdbcType=VARCHAR},
      </if>
      <if test="presaleDate != null">
        PRESALE_DATE = #{presaleDate,jdbcType=TIMESTAMP},
      </if>
      <if test="downTime != null">
        DOWN_TIME = #{downTime,jdbcType=TIMESTAMP},
      </if>
      <if test="workspaceId != null">
        WORKSPACE_ID = #{workspaceId,jdbcType=VARCHAR},
      </if>
      <if test="skuId != null">
        SKU_ID = #{skuId,jdbcType=VARCHAR},
      </if>
      <if test="outerSkuId != null">
        OUTER_SKU_ID = #{outerSkuId,jdbcType=VARCHAR},
      </if>
      <if test="skuName != null">
        SKU_NAME = #{skuName,jdbcType=VARCHAR},
      </if>
      <if test="jdPrice != null">
        JD_PRICE = #{jdPrice,jdbcType=DECIMAL},
      </if>
      <if test="giftPoint != null">
        GIFT_POINT = #{giftPoint,jdbcType=DECIMAL},
      </if>
      <if test="wareId != null">
        WARE_ID = #{wareId,jdbcType=VARCHAR},
      </if>
      <if test="itemTotal != null">
        ITEM_TOTAL = #{itemTotal,jdbcType=DECIMAL},
      </if>
      <if test="productNo != null">
        PRODUCT_NO = #{productNo,jdbcType=VARCHAR},
      </if>
      <if test="couponPrice != null">
        COUPON_PRICE = #{couponPrice,jdbcType=DECIMAL},
      </if>
      <if test="couponType != null">
        COUPON_TYPE = #{couponType,jdbcType=VARCHAR},
      </if>
      <if test="createTime != null">
        CREATE_TIME = #{createTime,jdbcType=TIMESTAMP},
      </if>
      <if test="createUserId != null">
        CREATE_USER_ID = #{createUserId,jdbcType=DECIMAL},
      </if>
      <if test="updateUserId != null">
        UPDATE_USER_ID = #{updateUserId,jdbcType=DECIMAL},
      </if>
      <if test="updateTime != null">
        UPDATE_TIME = #{updateTime,jdbcType=TIMESTAMP},
      </if>
    </set>
    where ITEM_UKID = #{itemUkid,jdbcType=DECIMAL}
  </update>
  <update id="updateByPrimaryKey" parameterType="com.wwwarehouse.xdw.datasync.dao.model.SeJingdongItemDO">
    update SE_JINGDONG_ITEM
    set TRADE_UKID = #{tradeUkid,jdbcType=DECIMAL},
      ORIGIN_ORDER_STATUS = #{originOrderStatus,jdbcType=DECIMAL},
      SHOP_PRODUCT_UKID = #{shopProductUkid,jdbcType=DECIMAL},
      PRODUCT_CODE_UKID = #{productCodeUkid,jdbcType=DECIMAL},
      PRODUCT_CODE = #{productCode,jdbcType=VARCHAR},
      PRESALE_DATE = #{presaleDate,jdbcType=TIMESTAMP},
      DOWN_TIME = #{downTime,jdbcType=TIMESTAMP},
      WORKSPACE_ID = #{workspaceId,jdbcType=VARCHAR},
      SKU_ID = #{skuId,jdbcType=VARCHAR},
      OUTER_SKU_ID = #{outerSkuId,jdbcType=VARCHAR},
      SKU_NAME = #{skuName,jdbcType=VARCHAR},
      JD_PRICE = #{jdPrice,jdbcType=DECIMAL},
      GIFT_POINT = #{giftPoint,jdbcType=DECIMAL},
      WARE_ID = #{wareId,jdbcType=VARCHAR},
      ITEM_TOTAL = #{itemTotal,jdbcType=DECIMAL},
      PRODUCT_NO = #{productNo,jdbcType=VARCHAR},
      COUPON_PRICE = #{couponPrice,jdbcType=DECIMAL},
      COUPON_TYPE = #{couponType,jdbcType=VARCHAR},
      CREATE_TIME = #{createTime,jdbcType=TIMESTAMP},
      CREATE_USER_ID = #{createUserId,jdbcType=DECIMAL},
      UPDATE_USER_ID = #{updateUserId,jdbcType=DECIMAL},
      UPDATE_TIME = #{updateTime,jdbcType=TIMESTAMP}
    where ITEM_UKID = #{itemUkid,jdbcType=DECIMAL}
  </update>
  <cache />
</mapper>