<?xml version="1.0" encoding="UTF-8"?>
<!DOCTYPE mapper PUBLIC "-//mybatis.org//DTD Mapper 3.0//EN" "http://mybatis.org/dtd/mybatis-3-mapper.dtd">
<mapper namespace="com.wwwarehouse.xdw.datasync.dao.mapper.SeJingdongRefundMapper">
  <resultMap id="BaseResultMap" type="com.wwwarehouse.xdw.datasync.dao.model.SeJingdongRefundDO">
    <id column="REFUND_UKID" jdbcType="DECIMAL" property="refundUkid" />
    <result column="SHOP_ID" jdbcType="DECIMAL" property="shopId" />
    <result column="DOWN_TIME" jdbcType="TIMESTAMP" property="downTime" />
    <result column="REFUND_ID" jdbcType="VARCHAR" property="refundId" />
    <result column="BUYER_NICK" jdbcType="VARCHAR" property="buyerNick" />
    <result column="CHECK_TIME" jdbcType="TIMESTAMP" property="checkTime" />
    <result column="REFUND_CREATE_TIME" jdbcType="TIMESTAMP" property="refundCreateTime" />
    <result column="APPLY_REFUND_SUM" jdbcType="DECIMAL" property="applyRefundSum" />
    <result column="STATUS" jdbcType="VARCHAR" property="status" />
    <result column="CHECK_USERNAME" jdbcType="VARCHAR" property="checkUsername" />
    <result column="ORDER_ID" jdbcType="VARCHAR" property="orderId" />
    <result column="SAVE_NUM" jdbcType="DECIMAL" property="saveNum" />
    <result column="CONVERSION_STATUS" jdbcType="DECIMAL" property="conversionStatus" />
    <result column="WARE_ID" jdbcType="VARCHAR" property="wareId" />
    <result column="WARE_NAME" jdbcType="VARCHAR" property="wareName" />
    <result column="REFUND_TYPE" jdbcType="VARCHAR" property="refundType" />
    <result column="EXPRESS_CODE" jdbcType="VARCHAR" property="expressCode" />
    <result column="CUSTOMER_EXPECT" jdbcType="DECIMAL" property="customerExpect" />
    <result column="PROCESS_STATUS" jdbcType="DECIMAL" property="processStatus" />
    <result column="ORDER_STATUS" jdbcType="VARCHAR" property="orderStatus" />
    <result column="ISCS_RECEIPT_STATUS" jdbcType="VARCHAR" property="iscsReceiptStatus" />
    <result column="SERVICE_STATUS" jdbcType="VARCHAR" property="serviceStatus" />
    <result column="SUB_ORDER_ID" jdbcType="VARCHAR" property="subOrderId" />
    <result column="GOOD_STATUS" jdbcType="VARCHAR" property="goodStatus" />
    <result column="BUYER_ID" jdbcType="VARCHAR" property="buyerId" />
    <result column="UPDATE_USER_ID" jdbcType="DECIMAL" property="updateUserId" />
    <result column="CREATE_USER_ID" jdbcType="DECIMAL" property="createUserId" />
    <result column="UPDATE_TIME" jdbcType="TIMESTAMP" property="updateTime" />
  </resultMap>
  <sql id="Example_Where_Clause">
    <where>
      <foreach collection="oredCriteria" item="criteria" separator="or">
        <if test="criteria.valid">
          <trim prefix="(" prefixOverrides="and" suffix=")">
            <foreach collection="criteria.criteria" item="criterion">
              <choose>
                <when test="criterion.noValue">
                  and ${criterion.condition}
                </when>
                <when test="criterion.singleValue">
                  and ${criterion.condition} #{criterion.value}
                </when>
                <when test="criterion.betweenValue">
                  and ${criterion.condition} #{criterion.value} and #{criterion.secondValue}
                </when>
                <when test="criterion.listValue">
                  and ${criterion.condition}
                  <foreach close=")" collection="criterion.value" item="listItem" open="(" separator=",">
                    #{listItem}
                  </foreach>
                </when>
              </choose>
            </foreach>
          </trim>
        </if>
      </foreach>
    </where>
  </sql>
  <sql id="Update_By_Example_Where_Clause">
    <where>
      <foreach collection="example.oredCriteria" item="criteria" separator="or">
        <if test="criteria.valid">
          <trim prefix="(" prefixOverrides="and" suffix=")">
            <foreach collection="criteria.criteria" item="criterion">
              <choose>
                <when test="criterion.noValue">
                  and ${criterion.condition}
                </when>
                <when test="criterion.singleValue">
                  and ${criterion.condition} #{criterion.value}
                </when>
                <when test="criterion.betweenValue">
                  and ${criterion.condition} #{criterion.value} and #{criterion.secondValue}
                </when>
                <when test="criterion.listValue">
                  and ${criterion.condition}
                  <foreach close=")" collection="criterion.value" item="listItem" open="(" separator=",">
                    #{listItem}
                  </foreach>
                </when>
              </choose>
            </foreach>
          </trim>
        </if>
      </foreach>
    </where>
  </sql>
  <sql id="Base_Column_List">
    REFUND_UKID, SHOP_ID, DOWN_TIME, REFUND_ID, BUYER_NICK, CHECK_TIME, REFUND_CREATE_TIME, 
    APPLY_REFUND_SUM, STATUS, CHECK_USERNAME, ORDER_ID, SAVE_NUM, CONVERSION_STATUS, 
    WARE_ID, WARE_NAME, REFUND_TYPE, EXPRESS_CODE, CUSTOMER_EXPECT, PROCESS_STATUS, ORDER_STATUS, 
    ISCS_RECEIPT_STATUS, SERVICE_STATUS, SUB_ORDER_ID, GOOD_STATUS, BUYER_ID, UPDATE_USER_ID, 
    CREATE_USER_ID, UPDATE_TIME
  </sql>
  <select id="selectByExample" parameterType="com.wwwarehouse.xdw.datasync.dao.model.SeJingdongRefundExample" resultMap="BaseResultMap">
    select
    <if test="distinct">
      distinct
    </if>
    <include refid="Base_Column_List" />
    from SE_JINGDONG_REFUND
    <if test="_parameter != null">
      <include refid="Example_Where_Clause" />
    </if>
    <if test="orderByClause != null">
      order by ${orderByClause}
    </if>
    <if test="limit != null">
      <if test="offset != null">
        OFFSET ${offset} rows fetch first ${limit} rows only
      </if>
      <if test="offset == null">
        fetch first ${limit} rows only
      </if>
    </if>
  </select>
  <select id="selectByPrimaryKey" parameterType="java.lang.Long" resultMap="BaseResultMap">
    select 
    <include refid="Base_Column_List" />
    from SE_JINGDONG_REFUND
    where REFUND_UKID = #{refundUkid,jdbcType=DECIMAL}
  </select>
  <delete id="deleteByPrimaryKey" parameterType="java.lang.Long">
    delete from SE_JINGDONG_REFUND
    where REFUND_UKID = #{refundUkid,jdbcType=DECIMAL}
  </delete>
  <delete id="deleteByExample" parameterType="com.wwwarehouse.xdw.datasync.dao.model.SeJingdongRefundExample">
    delete from SE_JINGDONG_REFUND
    <if test="_parameter != null">
      <include refid="Example_Where_Clause" />
    </if>
  </delete>
  <insert id="insert" parameterType="com.wwwarehouse.xdw.datasync.dao.model.SeJingdongRefundDO">
    insert into SE_JINGDONG_REFUND (REFUND_UKID, SHOP_ID, DOWN_TIME, 
      REFUND_ID, BUYER_NICK, CHECK_TIME, 
      REFUND_CREATE_TIME, APPLY_REFUND_SUM, STATUS, 
      CHECK_USERNAME, ORDER_ID, SAVE_NUM, 
      CONVERSION_STATUS, WARE_ID, WARE_NAME, 
      REFUND_TYPE, EXPRESS_CODE, CUSTOMER_EXPECT, 
      PROCESS_STATUS, ORDER_STATUS, ISCS_RECEIPT_STATUS, 
      SERVICE_STATUS, SUB_ORDER_ID, GOOD_STATUS, 
      BUYER_ID, UPDATE_USER_ID, CREATE_USER_ID, 
      UPDATE_TIME)
    values (#{refundUkid,jdbcType=DECIMAL}, #{shopId,jdbcType=DECIMAL}, #{downTime,jdbcType=TIMESTAMP}, 
      #{refundId,jdbcType=VARCHAR}, #{buyerNick,jdbcType=VARCHAR}, #{checkTime,jdbcType=TIMESTAMP}, 
      #{refundCreateTime,jdbcType=TIMESTAMP}, #{applyRefundSum,jdbcType=DECIMAL}, #{status,jdbcType=VARCHAR}, 
      #{checkUsername,jdbcType=VARCHAR}, #{orderId,jdbcType=VARCHAR}, #{saveNum,jdbcType=DECIMAL}, 
      #{conversionStatus,jdbcType=DECIMAL}, #{wareId,jdbcType=VARCHAR}, #{wareName,jdbcType=VARCHAR}, 
      #{refundType,jdbcType=VARCHAR}, #{expressCode,jdbcType=VARCHAR}, #{customerExpect,jdbcType=DECIMAL}, 
      #{processStatus,jdbcType=DECIMAL}, #{orderStatus,jdbcType=VARCHAR}, #{iscsReceiptStatus,jdbcType=VARCHAR}, 
      #{serviceStatus,jdbcType=VARCHAR}, #{subOrderId,jdbcType=VARCHAR}, #{goodStatus,jdbcType=VARCHAR}, 
      #{buyerId,jdbcType=VARCHAR}, #{updateUserId,jdbcType=DECIMAL}, #{createUserId,jdbcType=DECIMAL}, 
      #{updateTime,jdbcType=TIMESTAMP})
  </insert>
  <insert id="insertSelective" parameterType="com.wwwarehouse.xdw.datasync.dao.model.SeJingdongRefundDO">
    insert into SE_JINGDONG_REFUND
    <trim prefix="(" suffix=")" suffixOverrides=",">
      <if test="refundUkid != null">
        REFUND_UKID,
      </if>
      <if test="shopId != null">
        SHOP_ID,
      </if>
      <if test="downTime != null">
        DOWN_TIME,
      </if>
      <if test="refundId != null">
        REFUND_ID,
      </if>
      <if test="buyerNick != null">
        BUYER_NICK,
      </if>
      <if test="checkTime != null">
        CHECK_TIME,
      </if>
      <if test="refundCreateTime != null">
        REFUND_CREATE_TIME,
      </if>
      <if test="applyRefundSum != null">
        APPLY_REFUND_SUM,
      </if>
      <if test="status != null">
        STATUS,
      </if>
      <if test="checkUsername != null">
        CHECK_USERNAME,
      </if>
      <if test="orderId != null">
        ORDER_ID,
      </if>
      <if test="saveNum != null">
        SAVE_NUM,
      </if>
      <if test="conversionStatus != null">
        CONVERSION_STATUS,
      </if>
      <if test="wareId != null">
        WARE_ID,
      </if>
      <if test="wareName != null">
        WARE_NAME,
      </if>
      <if test="refundType != null">
        REFUND_TYPE,
      </if>
      <if test="expressCode != null">
        EXPRESS_CODE,
      </if>
      <if test="customerExpect != null">
        CUSTOMER_EXPECT,
      </if>
      <if test="processStatus != null">
        PROCESS_STATUS,
      </if>
      <if test="orderStatus != null">
        ORDER_STATUS,
      </if>
      <if test="iscsReceiptStatus != null">
        ISCS_RECEIPT_STATUS,
      </if>
      <if test="serviceStatus != null">
        SERVICE_STATUS,
      </if>
      <if test="subOrderId != null">
        SUB_ORDER_ID,
      </if>
      <if test="goodStatus != null">
        GOOD_STATUS,
      </if>
      <if test="buyerId != null">
        BUYER_ID,
      </if>
      <if test="updateUserId != null">
        UPDATE_USER_ID,
      </if>
      <if test="createUserId != null">
        CREATE_USER_ID,
      </if>
      <if test="updateTime != null">
        UPDATE_TIME,
      </if>
    </trim>
    <trim prefix="values (" suffix=")" suffixOverrides=",">
      <if test="refundUkid != null">
        #{refundUkid,jdbcType=DECIMAL},
      </if>
      <if test="shopId != null">
        #{shopId,jdbcType=DECIMAL},
      </if>
      <if test="downTime != null">
        #{downTime,jdbcType=TIMESTAMP},
      </if>
      <if test="refundId != null">
        #{refundId,jdbcType=VARCHAR},
      </if>
      <if test="buyerNick != null">
        #{buyerNick,jdbcType=VARCHAR},
      </if>
      <if test="checkTime != null">
        #{checkTime,jdbcType=TIMESTAMP},
      </if>
      <if test="refundCreateTime != null">
        #{refundCreateTime,jdbcType=TIMESTAMP},
      </if>
      <if test="applyRefundSum != null">
        #{applyRefundSum,jdbcType=DECIMAL},
      </if>
      <if test="status != null">
        #{status,jdbcType=VARCHAR},
      </if>
      <if test="checkUsername != null">
        #{checkUsername,jdbcType=VARCHAR},
      </if>
      <if test="orderId != null">
        #{orderId,jdbcType=VARCHAR},
      </if>
      <if test="saveNum != null">
        #{saveNum,jdbcType=DECIMAL},
      </if>
      <if test="conversionStatus != null">
        #{conversionStatus,jdbcType=DECIMAL},
      </if>
      <if test="wareId != null">
        #{wareId,jdbcType=VARCHAR},
      </if>
      <if test="wareName != null">
        #{wareName,jdbcType=VARCHAR},
      </if>
      <if test="refundType != null">
        #{refundType,jdbcType=VARCHAR},
      </if>
      <if test="expressCode != null">
        #{expressCode,jdbcType=VARCHAR},
      </if>
      <if test="customerExpect != null">
        #{customerExpect,jdbcType=DECIMAL},
      </if>
      <if test="processStatus != null">
        #{processStatus,jdbcType=DECIMAL},
      </if>
      <if test="orderStatus != null">
        #{orderStatus,jdbcType=VARCHAR},
      </if>
      <if test="iscsReceiptStatus != null">
        #{iscsReceiptStatus,jdbcType=VARCHAR},
      </if>
      <if test="serviceStatus != null">
        #{serviceStatus,jdbcType=VARCHAR},
      </if>
      <if test="subOrderId != null">
        #{subOrderId,jdbcType=VARCHAR},
      </if>
      <if test="goodStatus != null">
        #{goodStatus,jdbcType=VARCHAR},
      </if>
      <if test="buyerId != null">
        #{buyerId,jdbcType=VARCHAR},
      </if>
      <if test="updateUserId != null">
        #{updateUserId,jdbcType=DECIMAL},
      </if>
      <if test="createUserId != null">
        #{createUserId,jdbcType=DECIMAL},
      </if>
      <if test="updateTime != null">
        #{updateTime,jdbcType=TIMESTAMP},
      </if>
    </trim>
  </insert>
  <select id="countByExample" parameterType="com.wwwarehouse.xdw.datasync.dao.model.SeJingdongRefundExample" resultType="java.lang.Long">
    select count(*) from SE_JINGDONG_REFUND
    <if test="_parameter != null">
      <include refid="Example_Where_Clause" />
    </if>
  </select>
  <update id="updateByExampleSelective" parameterType="map">
    update SE_JINGDONG_REFUND
    <set>
      <if test="record.refundUkid != null">
        REFUND_UKID = #{record.refundUkid,jdbcType=DECIMAL},
      </if>
      <if test="record.shopId != null">
        SHOP_ID = #{record.shopId,jdbcType=DECIMAL},
      </if>
      <if test="record.downTime != null">
        DOWN_TIME = #{record.downTime,jdbcType=TIMESTAMP},
      </if>
      <if test="record.refundId != null">
        REFUND_ID = #{record.refundId,jdbcType=VARCHAR},
      </if>
      <if test="record.buyerNick != null">
        BUYER_NICK = #{record.buyerNick,jdbcType=VARCHAR},
      </if>
      <if test="record.checkTime != null">
        CHECK_TIME = #{record.checkTime,jdbcType=TIMESTAMP},
      </if>
      <if test="record.refundCreateTime != null">
        REFUND_CREATE_TIME = #{record.refundCreateTime,jdbcType=TIMESTAMP},
      </if>
      <if test="record.applyRefundSum != null">
        APPLY_REFUND_SUM = #{record.applyRefundSum,jdbcType=DECIMAL},
      </if>
      <if test="record.status != null">
        STATUS = #{record.status,jdbcType=VARCHAR},
      </if>
      <if test="record.checkUsername != null">
        CHECK_USERNAME = #{record.checkUsername,jdbcType=VARCHAR},
      </if>
      <if test="record.orderId != null">
        ORDER_ID = #{record.orderId,jdbcType=VARCHAR},
      </if>
      <if test="record.saveNum != null">
        SAVE_NUM = #{record.saveNum,jdbcType=DECIMAL},
      </if>
      <if test="record.conversionStatus != null">
        CONVERSION_STATUS = #{record.conversionStatus,jdbcType=DECIMAL},
      </if>
      <if test="record.wareId != null">
        WARE_ID = #{record.wareId,jdbcType=VARCHAR},
      </if>
      <if test="record.wareName != null">
        WARE_NAME = #{record.wareName,jdbcType=VARCHAR},
      </if>
      <if test="record.refundType != null">
        REFUND_TYPE = #{record.refundType,jdbcType=VARCHAR},
      </if>
      <if test="record.expressCode != null">
        EXPRESS_CODE = #{record.expressCode,jdbcType=VARCHAR},
      </if>
      <if test="record.customerExpect != null">
        CUSTOMER_EXPECT = #{record.customerExpect,jdbcType=DECIMAL},
      </if>
      <if test="record.processStatus != null">
        PROCESS_STATUS = #{record.processStatus,jdbcType=DECIMAL},
      </if>
      <if test="record.orderStatus != null">
        ORDER_STATUS = #{record.orderStatus,jdbcType=VARCHAR},
      </if>
      <if test="record.iscsReceiptStatus != null">
        ISCS_RECEIPT_STATUS = #{record.iscsReceiptStatus,jdbcType=VARCHAR},
      </if>
      <if test="record.serviceStatus != null">
        SERVICE_STATUS = #{record.serviceStatus,jdbcType=VARCHAR},
      </if>
      <if test="record.subOrderId != null">
        SUB_ORDER_ID = #{record.subOrderId,jdbcType=VARCHAR},
      </if>
      <if test="record.goodStatus != null">
        GOOD_STATUS = #{record.goodStatus,jdbcType=VARCHAR},
      </if>
      <if test="record.buyerId != null">
        BUYER_ID = #{record.buyerId,jdbcType=VARCHAR},
      </if>
      <if test="record.updateUserId != null">
        UPDATE_USER_ID = #{record.updateUserId,jdbcType=DECIMAL},
      </if>
      <if test="record.createUserId != null">
        CREATE_USER_ID = #{record.createUserId,jdbcType=DECIMAL},
      </if>
      <if test="record.updateTime != null">
        UPDATE_TIME = #{record.updateTime,jdbcType=TIMESTAMP},
      </if>
    </set>
    <if test="_parameter != null">
      <include refid="Update_By_Example_Where_Clause" />
    </if>
  </update>
  <update id="updateByExample" parameterType="map">
    update SE_JINGDONG_REFUND
    set REFUND_UKID = #{record.refundUkid,jdbcType=DECIMAL},
      SHOP_ID = #{record.shopId,jdbcType=DECIMAL},
      DOWN_TIME = #{record.downTime,jdbcType=TIMESTAMP},
      REFUND_ID = #{record.refundId,jdbcType=VARCHAR},
      BUYER_NICK = #{record.buyerNick,jdbcType=VARCHAR},
      CHECK_TIME = #{record.checkTime,jdbcType=TIMESTAMP},
      REFUND_CREATE_TIME = #{record.refundCreateTime,jdbcType=TIMESTAMP},
      APPLY_REFUND_SUM = #{record.applyRefundSum,jdbcType=DECIMAL},
      STATUS = #{record.status,jdbcType=VARCHAR},
      CHECK_USERNAME = #{record.checkUsername,jdbcType=VARCHAR},
      ORDER_ID = #{record.orderId,jdbcType=VARCHAR},
      SAVE_NUM = #{record.saveNum,jdbcType=DECIMAL},
      CONVERSION_STATUS = #{record.conversionStatus,jdbcType=DECIMAL},
      WARE_ID = #{record.wareId,jdbcType=VARCHAR},
      WARE_NAME = #{record.wareName,jdbcType=VARCHAR},
      REFUND_TYPE = #{record.refundType,jdbcType=VARCHAR},
      EXPRESS_CODE = #{record.expressCode,jdbcType=VARCHAR},
      CUSTOMER_EXPECT = #{record.customerExpect,jdbcType=DECIMAL},
      PROCESS_STATUS = #{record.processStatus,jdbcType=DECIMAL},
      ORDER_STATUS = #{record.orderStatus,jdbcType=VARCHAR},
      ISCS_RECEIPT_STATUS = #{record.iscsReceiptStatus,jdbcType=VARCHAR},
      SERVICE_STATUS = #{record.serviceStatus,jdbcType=VARCHAR},
      SUB_ORDER_ID = #{record.subOrderId,jdbcType=VARCHAR},
      GOOD_STATUS = #{record.goodStatus,jdbcType=VARCHAR},
      BUYER_ID = #{record.buyerId,jdbcType=VARCHAR},
      UPDATE_USER_ID = #{record.updateUserId,jdbcType=DECIMAL},
      CREATE_USER_ID = #{record.createUserId,jdbcType=DECIMAL},
      UPDATE_TIME = #{record.updateTime,jdbcType=TIMESTAMP}
    <if test="_parameter != null">
      <include refid="Update_By_Example_Where_Clause" />
    </if>
  </update>
  <update id="updateByPrimaryKeySelective" parameterType="com.wwwarehouse.xdw.datasync.dao.model.SeJingdongRefundDO">
    update SE_JINGDONG_REFUND
    <set>
      <if test="shopId != null">
        SHOP_ID = #{shopId,jdbcType=DECIMAL},
      </if>
      <if test="downTime != null">
        DOWN_TIME = #{downTime,jdbcType=TIMESTAMP},
      </if>
      <if test="refundId != null">
        REFUND_ID = #{refundId,jdbcType=VARCHAR},
      </if>
      <if test="buyerNick != null">
        BUYER_NICK = #{buyerNick,jdbcType=VARCHAR},
      </if>
      <if test="checkTime != null">
        CHECK_TIME = #{checkTime,jdbcType=TIMESTAMP},
      </if>
      <if test="refundCreateTime != null">
        REFUND_CREATE_TIME = #{refundCreateTime,jdbcType=TIMESTAMP},
      </if>
      <if test="applyRefundSum != null">
        APPLY_REFUND_SUM = #{applyRefundSum,jdbcType=DECIMAL},
      </if>
      <if test="status != null">
        STATUS = #{status,jdbcType=VARCHAR},
      </if>
      <if test="checkUsername != null">
        CHECK_USERNAME = #{checkUsername,jdbcType=VARCHAR},
      </if>
      <if test="orderId != null">
        ORDER_ID = #{orderId,jdbcType=VARCHAR},
      </if>
      <if test="saveNum != null">
        SAVE_NUM = #{saveNum,jdbcType=DECIMAL},
      </if>
      <if test="conversionStatus != null">
        CONVERSION_STATUS = #{conversionStatus,jdbcType=DECIMAL},
      </if>
      <if test="wareId != null">
        WARE_ID = #{wareId,jdbcType=VARCHAR},
      </if>
      <if test="wareName != null">
        WARE_NAME = #{wareName,jdbcType=VARCHAR},
      </if>
      <if test="refundType != null">
        REFUND_TYPE = #{refundType,jdbcType=VARCHAR},
      </if>
      <if test="expressCode != null">
        EXPRESS_CODE = #{expressCode,jdbcType=VARCHAR},
      </if>
      <if test="customerExpect != null">
        CUSTOMER_EXPECT = #{customerExpect,jdbcType=DECIMAL},
      </if>
      <if test="processStatus != null">
        PROCESS_STATUS = #{processStatus,jdbcType=DECIMAL},
      </if>
      <if test="orderStatus != null">
        ORDER_STATUS = #{orderStatus,jdbcType=VARCHAR},
      </if>
      <if test="iscsReceiptStatus != null">
        ISCS_RECEIPT_STATUS = #{iscsReceiptStatus,jdbcType=VARCHAR},
      </if>
      <if test="serviceStatus != null">
        SERVICE_STATUS = #{serviceStatus,jdbcType=VARCHAR},
      </if>
      <if test="subOrderId != null">
        SUB_ORDER_ID = #{subOrderId,jdbcType=VARCHAR},
      </if>
      <if test="goodStatus != null">
        GOOD_STATUS = #{goodStatus,jdbcType=VARCHAR},
      </if>
      <if test="buyerId != null">
        BUYER_ID = #{buyerId,jdbcType=VARCHAR},
      </if>
      <if test="updateUserId != null">
        UPDATE_USER_ID = #{updateUserId,jdbcType=DECIMAL},
      </if>
      <if test="createUserId != null">
        CREATE_USER_ID = #{createUserId,jdbcType=DECIMAL},
      </if>
      <if test="updateTime != null">
        UPDATE_TIME = #{updateTime,jdbcType=TIMESTAMP},
      </if>
    </set>
    where REFUND_UKID = #{refundUkid,jdbcType=DECIMAL}
  </update>
  <update id="updateByPrimaryKey" parameterType="com.wwwarehouse.xdw.datasync.dao.model.SeJingdongRefundDO">
    update SE_JINGDONG_REFUND
    set SHOP_ID = #{shopId,jdbcType=DECIMAL},
      DOWN_TIME = #{downTime,jdbcType=TIMESTAMP},
      REFUND_ID = #{refundId,jdbcType=VARCHAR},
      BUYER_NICK = #{buyerNick,jdbcType=VARCHAR},
      CHECK_TIME = #{checkTime,jdbcType=TIMESTAMP},
      REFUND_CREATE_TIME = #{refundCreateTime,jdbcType=TIMESTAMP},
      APPLY_REFUND_SUM = #{applyRefundSum,jdbcType=DECIMAL},
      STATUS = #{status,jdbcType=VARCHAR},
      CHECK_USERNAME = #{checkUsername,jdbcType=VARCHAR},
      ORDER_ID = #{orderId,jdbcType=VARCHAR},
      SAVE_NUM = #{saveNum,jdbcType=DECIMAL},
      CONVERSION_STATUS = #{conversionStatus,jdbcType=DECIMAL},
      WARE_ID = #{wareId,jdbcType=VARCHAR},
      WARE_NAME = #{wareName,jdbcType=VARCHAR},
      REFUND_TYPE = #{refundType,jdbcType=VARCHAR},
      EXPRESS_CODE = #{expressCode,jdbcType=VARCHAR},
      CUSTOMER_EXPECT = #{customerExpect,jdbcType=DECIMAL},
      PROCESS_STATUS = #{processStatus,jdbcType=DECIMAL},
      ORDER_STATUS = #{orderStatus,jdbcType=VARCHAR},
      ISCS_RECEIPT_STATUS = #{iscsReceiptStatus,jdbcType=VARCHAR},
      SERVICE_STATUS = #{serviceStatus,jdbcType=VARCHAR},
      SUB_ORDER_ID = #{subOrderId,jdbcType=VARCHAR},
      GOOD_STATUS = #{goodStatus,jdbcType=VARCHAR},
      BUYER_ID = #{buyerId,jdbcType=VARCHAR},
      UPDATE_USER_ID = #{updateUserId,jdbcType=DECIMAL},
      CREATE_USER_ID = #{createUserId,jdbcType=DECIMAL},
      UPDATE_TIME = #{updateTime,jdbcType=TIMESTAMP}
    where REFUND_UKID = #{refundUkid,jdbcType=DECIMAL}
  </update>
  <cache />
</mapper>