<?xml version="1.0" encoding="UTF-8"?>
<!DOCTYPE mapper PUBLIC "-//mybatis.org//DTD Mapper 3.0//EN" "http://mybatis.org/dtd/mybatis-3-mapper.dtd">
<mapper namespace="com.wwwarehouse.xdw.datasync.dao.mapper.SeTaobaoTradeDOMapper">
  <resultMap id="BaseResultMap" type="com.wwwarehouse.xdw.datasync.dao.model.SeTaobaoTradeDO">
    <id column="TRADE_UKID" jdbcType="DECIMAL" property="tradeUkid" />
    <result column="SHOP_ID" jdbcType="DECIMAL" property="shopId" />
    <result column="DOWN_TIME" jdbcType="TIMESTAMP" property="downTime" />
    <result column="UPDATE_TIME" jdbcType="TIMESTAMP" property="updateTime" />
    <result column="RELEASE_TIME" jdbcType="TIMESTAMP" property="releaseTime" />
    <result column="ORIGIN_TRADE_STATUS" jdbcType="DECIMAL" property="originTradeStatus" />
    <result column="SELLER_NICK" jdbcType="VARCHAR" property="sellerNick" />
    <result column="PIC_PATH" jdbcType="VARCHAR" property="picPath" />
    <result column="PAYMENT" jdbcType="DECIMAL" property="payment" />
    <result column="SELLER_RATE" jdbcType="DECIMAL" property="sellerRate" />
    <result column="POST_FEE" jdbcType="DECIMAL" property="postFee" />
    <result column="RECEIVER_NAME" jdbcType="VARCHAR" property="receiverName" />
    <result column="RECEIVER_STATE" jdbcType="VARCHAR" property="receiverState" />
    <result column="RECEIVER_ADDRESS" jdbcType="VARCHAR" property="receiverAddress" />
    <result column="RECEIVER_ZIP" jdbcType="VARCHAR" property="receiverZip" />
    <result column="RECEIVER_MOBILE" jdbcType="VARCHAR" property="receiverMobile" />
    <result column="RECEIVER_PHONE" jdbcType="VARCHAR" property="receiverPhone" />
    <result column="CONSIGN_TIME" jdbcType="TIMESTAMP" property="consignTime" />
    <result column="RECEIVER_COUNTRY" jdbcType="VARCHAR" property="receiverCountry" />
    <result column="RECEIVER_TOWN" jdbcType="VARCHAR" property="receiverTown" />
    <result column="ORDER_TAX_FEE" jdbcType="DECIMAL" property="orderTaxFee" />
    <result column="SHOP_PICK" jdbcType="DECIMAL" property="shopPick" />
    <result column="ORDER_ID" jdbcType="VARCHAR" property="orderId" />
    <result column="NUM" jdbcType="DECIMAL" property="num" />
    <result column="NUM_IID" jdbcType="DECIMAL" property="numIid" />
    <result column="PLATFORM_ORDER_STATUS" jdbcType="VARCHAR" property="platformOrderStatus" />
    <result column="TITLE" jdbcType="VARCHAR" property="title" />
    <result column="TYPE" jdbcType="VARCHAR" property="type" />
    <result column="PRICE" jdbcType="DECIMAL" property="price" />
    <result column="DISCOUNT_FEE" jdbcType="DECIMAL" property="discountFee" />
    <result column="TOTAL_FEE" jdbcType="DECIMAL" property="totalFee" />
    <result column="ORDER_CREATE_TIME" jdbcType="TIMESTAMP" property="orderCreateTime" />
    <result column="ORDER_PAY_TIME" jdbcType="TIMESTAMP" property="orderPayTime" />
    <result column="ORDER_MODIFY_TIME" jdbcType="TIMESTAMP" property="orderModifyTime" />
    <result column="ORDER_END_TIME" jdbcType="TIMESTAMP" property="orderEndTime" />
    <result column="SELLER_FLAG" jdbcType="DECIMAL" property="sellerFlag" />
    <result column="BUYER_NICK" jdbcType="VARCHAR" property="buyerNick" />
    <result column="HAS_BUYER_MESSAGE" jdbcType="DECIMAL" property="hasBuyerMessage" />
    <result column="CREDIT_CARD_FEE" jdbcType="DECIMAL" property="creditCardFee" />
    <result column="STEP_TRADE_STATUS" jdbcType="VARCHAR" property="stepTradeStatus" />
    <result column="STEP_PAID_FEE" jdbcType="DECIMAL" property="stepPaidFee" />
    <result column="MARK_DESC" jdbcType="VARCHAR" property="markDesc" />
    <result column="SHIPPING_TYPE" jdbcType="VARCHAR" property="shippingType" />
    <result column="ADJUST_FEE" jdbcType="DECIMAL" property="adjustFee" />
    <result column="TRADE_FROM" jdbcType="VARCHAR" property="tradeFrom" />
    <result column="BUYER_RATE" jdbcType="DECIMAL" property="buyerRate" />
    <result column="RECEIVER_CITY" jdbcType="VARCHAR" property="receiverCity" />
    <result column="RECEIVER_COUNTY" jdbcType="VARCHAR" property="receiverCounty" />
    <result column="RX_AUDIT_STATUS" jdbcType="VARCHAR" property="rxAuditStatus" />
    <result column="HAS_POST_FEE" jdbcType="DECIMAL" property="hasPostFee" />
    <result column="SELLER_COD_FEE" jdbcType="DECIMAL" property="sellerCodFee" />
    <result column="BUYER_COD_FEE" jdbcType="DECIMAL" property="buyerCodFee" />
    <result column="COD_STATUS" jdbcType="VARCHAR" property="codStatus" />
    <result column="COD_FEE" jdbcType="DECIMAL" property="codFee" />
    <result column="POINT_FEE" jdbcType="DECIMAL" property="pointFee" />
    <result column="BUYER_MESSAGE" jdbcType="VARCHAR" property="buyerMessage" />
    <result column="BUYER_FLAG" jdbcType="DECIMAL" property="buyerFlag" />
    <result column="SELLER_MEMO" jdbcType="VARCHAR" property="sellerMemo" />
    <result column="BUYER_AREA" jdbcType="VARCHAR" property="buyerArea" />
    <result column="BUYER_ALIPAY_NO" jdbcType="VARCHAR" property="buyerAlipayNo" />
    <result column="FENXIAO_SHOP_NAME" jdbcType="VARCHAR" property="fenxiaoShopName" />
    <result column="FENXIAO_SHOP_ID" jdbcType="DECIMAL" property="fenxiaoShopId" />
    <result column="IS_SCORE_UPDATED" jdbcType="DECIMAL" property="isScoreUpdated" />
    <result column="SERVICE_TAGS" jdbcType="VARCHAR" property="serviceTags" />
    <result column="ZHENGJI_STATUS" jdbcType="DECIMAL" property="zhengjiStatus" />
    <result column="TARGET_ORDER_UKID" jdbcType="DECIMAL" property="targetOrderUkid" />
    <result column="INVOICE_NAME" jdbcType="VARCHAR" property="invoiceName" />
    <result column="INVOICE_TYPE" jdbcType="VARCHAR" property="invoiceType" />
    <result column="EST_CON_TIME" jdbcType="VARCHAR" property="estConTime" />
    <result column="INVOICE_KIND" jdbcType="VARCHAR" property="invoiceKind" />
    <result column="PAID_COUPON_FEE" jdbcType="VARCHAR" property="paidCouponFee" />
    <result column="RECEIVED_PAYMENT" jdbcType="VARCHAR" property="receivedPayment" />
    <result column="ETICKET_SERVICE_ADDR" jdbcType="VARCHAR" property="eticketServiceAddr" />
    <result column="IS_SH_SHIP" jdbcType="VARCHAR" property="isShShip" />
    <result column="O2O_SNATCH_STATUS" jdbcType="VARCHAR" property="o2oSnatchStatus" />
    <result column="MARKET" jdbcType="VARCHAR" property="market" />
    <result column="ET_TYPE" jdbcType="VARCHAR" property="etType" />
    <result column="ET_SHOP_ID" jdbcType="DECIMAL" property="etShopId" />
    <result column="OBS" jdbcType="VARCHAR" property="obs" />
    <result column="CREATE_USER_ID" jdbcType="DECIMAL" property="createUserId" />
    <result column="UPDATE_USER_ID" jdbcType="DECIMAL" property="updateUserId" />
  </resultMap>
  <sql id="Example_Where_Clause">
    <where>
      <foreach collection="oredCriteria" item="criteria" separator="or">
        <if test="criteria.valid">
          <trim prefix="(" prefixOverrides="and" suffix=")">
            <foreach collection="criteria.criteria" item="criterion">
              <choose>
                <when test="criterion.noValue">
                  and ${criterion.condition}
                </when>
                <when test="criterion.singleValue">
                  and ${criterion.condition} #{criterion.value}
                </when>
                <when test="criterion.betweenValue">
                  and ${criterion.condition} #{criterion.value} and #{criterion.secondValue}
                </when>
                <when test="criterion.listValue">
                  and ${criterion.condition}
                  <foreach close=")" collection="criterion.value" item="listItem" open="(" separator=",">
                    #{listItem}
                  </foreach>
                </when>
              </choose>
            </foreach>
          </trim>
        </if>
      </foreach>
    </where>
  </sql>
  <sql id="Update_By_Example_Where_Clause">
    <where>
      <foreach collection="example.oredCriteria" item="criteria" separator="or">
        <if test="criteria.valid">
          <trim prefix="(" prefixOverrides="and" suffix=")">
            <foreach collection="criteria.criteria" item="criterion">
              <choose>
                <when test="criterion.noValue">
                  and ${criterion.condition}
                </when>
                <when test="criterion.singleValue">
                  and ${criterion.condition} #{criterion.value}
                </when>
                <when test="criterion.betweenValue">
                  and ${criterion.condition} #{criterion.value} and #{criterion.secondValue}
                </when>
                <when test="criterion.listValue">
                  and ${criterion.condition}
                  <foreach close=")" collection="criterion.value" item="listItem" open="(" separator=",">
                    #{listItem}
                  </foreach>
                </when>
              </choose>
            </foreach>
          </trim>
        </if>
      </foreach>
    </where>
  </sql>
  <sql id="Base_Column_List">
    TRADE_UKID, SHOP_ID, DOWN_TIME, UPDATE_TIME, RELEASE_TIME, ORIGIN_TRADE_STATUS, SELLER_NICK, 
    PIC_PATH, PAYMENT, SELLER_RATE, POST_FEE, RECEIVER_NAME, RECEIVER_STATE, RECEIVER_ADDRESS, 
    RECEIVER_ZIP, RECEIVER_MOBILE, RECEIVER_PHONE, CONSIGN_TIME, RECEIVER_COUNTRY, RECEIVER_TOWN, 
    ORDER_TAX_FEE, SHOP_PICK, ORDER_ID, NUM, NUM_IID, PLATFORM_ORDER_STATUS, TITLE, TYPE, 
    PRICE, DISCOUNT_FEE, TOTAL_FEE, ORDER_CREATE_TIME, ORDER_PAY_TIME, ORDER_MODIFY_TIME, 
    ORDER_END_TIME, SELLER_FLAG, BUYER_NICK, HAS_BUYER_MESSAGE, CREDIT_CARD_FEE, STEP_TRADE_STATUS, 
    STEP_PAID_FEE, MARK_DESC, SHIPPING_TYPE, ADJUST_FEE, TRADE_FROM, BUYER_RATE, RECEIVER_CITY, 
    RECEIVER_COUNTY, RX_AUDIT_STATUS, HAS_POST_FEE, SELLER_COD_FEE, BUYER_COD_FEE, COD_STATUS, 
    COD_FEE, POINT_FEE, BUYER_MESSAGE, BUYER_FLAG, SELLER_MEMO, BUYER_AREA, BUYER_ALIPAY_NO, 
    FENXIAO_SHOP_NAME, FENXIAO_SHOP_ID, IS_SCORE_UPDATED, SERVICE_TAGS, ZHENGJI_STATUS, 
    TARGET_ORDER_UKID, INVOICE_NAME, INVOICE_TYPE, EST_CON_TIME, INVOICE_KIND, PAID_COUPON_FEE, 
    RECEIVED_PAYMENT, ETICKET_SERVICE_ADDR, IS_SH_SHIP, O2O_SNATCH_STATUS, MARKET, ET_TYPE, 
    ET_SHOP_ID, OBS, CREATE_USER_ID, UPDATE_USER_ID
  </sql>
  <select id="selectByExample" parameterType="com.wwwarehouse.xdw.datasync.dao.model.SeTaobaoTradeDOExample" resultMap="BaseResultMap">
    select
    <if test="distinct">
      distinct
    </if>
    <include refid="Base_Column_List" />
    from SE_TAOBAO_TRADE
    <if test="_parameter != null">
      <include refid="Example_Where_Clause" />
    </if>
    <if test="orderByClause != null">
      order by ${orderByClause}
    </if>
    <if test="limit != null">
      <if test="offset != null">
        OFFSET ${offset} rows fetch first ${limit} rows only
      </if>
      <if test="offset == null">
        fetch first ${limit} rows only
      </if>
    </if>
  </select>
  <select id="selectByPrimaryKey" parameterType="java.lang.Short" resultMap="BaseResultMap">
    select 
    <include refid="Base_Column_List" />
    from SE_TAOBAO_TRADE
    where TRADE_UKID = #{tradeUkid,jdbcType=DECIMAL}
  </select>
  <delete id="deleteByPrimaryKey" parameterType="java.lang.Short">
    delete from SE_TAOBAO_TRADE
    where TRADE_UKID = #{tradeUkid,jdbcType=DECIMAL}
  </delete>
  <delete id="deleteByExample" parameterType="com.wwwarehouse.xdw.datasync.dao.model.SeTaobaoTradeDOExample">
    delete from SE_TAOBAO_TRADE
    <if test="_parameter != null">
      <include refid="Example_Where_Clause" />
    </if>
  </delete>
  <insert id="insert" parameterType="com.wwwarehouse.xdw.datasync.dao.model.SeTaobaoTradeDO">
    insert into SE_TAOBAO_TRADE (TRADE_UKID, SHOP_ID, DOWN_TIME, 
      UPDATE_TIME, RELEASE_TIME, ORIGIN_TRADE_STATUS, 
      SELLER_NICK, PIC_PATH, PAYMENT, 
      SELLER_RATE, POST_FEE, RECEIVER_NAME, 
      RECEIVER_STATE, RECEIVER_ADDRESS, RECEIVER_ZIP, 
      RECEIVER_MOBILE, RECEIVER_PHONE, CONSIGN_TIME, 
      RECEIVER_COUNTRY, RECEIVER_TOWN, ORDER_TAX_FEE, 
      SHOP_PICK, ORDER_ID, NUM, 
      NUM_IID, PLATFORM_ORDER_STATUS, TITLE, 
      TYPE, PRICE, DISCOUNT_FEE, 
      TOTAL_FEE, ORDER_CREATE_TIME, ORDER_PAY_TIME, 
      ORDER_MODIFY_TIME, ORDER_END_TIME, SELLER_FLAG, 
      BUYER_NICK, HAS_BUYER_MESSAGE, CREDIT_CARD_FEE, 
      STEP_TRADE_STATUS, STEP_PAID_FEE, MARK_DESC, 
      SHIPPING_TYPE, ADJUST_FEE, TRADE_FROM, 
      BUYER_RATE, RECEIVER_CITY, RECEIVER_COUNTY, 
      RX_AUDIT_STATUS, HAS_POST_FEE, SELLER_COD_FEE, 
      BUYER_COD_FEE, COD_STATUS, COD_FEE, 
      POINT_FEE, BUYER_MESSAGE, BUYER_FLAG, 
      SELLER_MEMO, BUYER_AREA, BUYER_ALIPAY_NO, 
      FENXIAO_SHOP_NAME, FENXIAO_SHOP_ID, IS_SCORE_UPDATED, 
      SERVICE_TAGS, ZHENGJI_STATUS, TARGET_ORDER_UKID, 
      INVOICE_NAME, INVOICE_TYPE, EST_CON_TIME, 
      INVOICE_KIND, PAID_COUPON_FEE, RECEIVED_PAYMENT, 
      ETICKET_SERVICE_ADDR, IS_SH_SHIP, O2O_SNATCH_STATUS, 
      MARKET, ET_TYPE, ET_SHOP_ID, 
      OBS, CREATE_USER_ID, UPDATE_USER_ID
      )
    values (#{tradeUkid,jdbcType=DECIMAL}, #{shopId,jdbcType=DECIMAL}, sysdate,
      sysdate, #{releaseTime,jdbcType=TIMESTAMP}, #{originTradeStatus,jdbcType=DECIMAL},
      #{sellerNick,jdbcType=VARCHAR}, #{picPath,jdbcType=VARCHAR}, #{payment,jdbcType=DECIMAL}, 
      #{sellerRate,jdbcType=DECIMAL}, #{postFee,jdbcType=DECIMAL}, #{receiverName,jdbcType=VARCHAR}, 
      #{receiverState,jdbcType=VARCHAR}, #{receiverAddress,jdbcType=VARCHAR}, #{receiverZip,jdbcType=VARCHAR}, 
      #{receiverMobile,jdbcType=VARCHAR}, #{receiverPhone,jdbcType=VARCHAR}, #{consignTime,jdbcType=TIMESTAMP}, 
      #{receiverCountry,jdbcType=VARCHAR}, #{receiverTown,jdbcType=VARCHAR}, #{orderTaxFee,jdbcType=DECIMAL}, 
      #{shopPick,jdbcType=DECIMAL}, #{orderId,jdbcType=VARCHAR}, #{num,jdbcType=DECIMAL}, 
      #{numIid,jdbcType=DECIMAL}, #{platformOrderStatus,jdbcType=VARCHAR}, #{title,jdbcType=VARCHAR}, 
      #{type,jdbcType=VARCHAR}, #{price,jdbcType=DECIMAL}, #{discountFee,jdbcType=DECIMAL}, 
      #{totalFee,jdbcType=DECIMAL}, #{orderCreateTime,jdbcType=TIMESTAMP}, #{orderPayTime,jdbcType=TIMESTAMP}, 
      #{orderModifyTime,jdbcType=TIMESTAMP}, #{orderEndTime,jdbcType=TIMESTAMP}, #{sellerFlag,jdbcType=DECIMAL}, 
      #{buyerNick,jdbcType=VARCHAR}, #{hasBuyerMessage,jdbcType=DECIMAL}, #{creditCardFee,jdbcType=DECIMAL}, 
      #{stepTradeStatus,jdbcType=VARCHAR}, #{stepPaidFee,jdbcType=DECIMAL}, #{markDesc,jdbcType=VARCHAR}, 
      #{shippingType,jdbcType=VARCHAR}, #{adjustFee,jdbcType=DECIMAL}, #{tradeFrom,jdbcType=VARCHAR}, 
      #{buyerRate,jdbcType=DECIMAL}, #{receiverCity,jdbcType=VARCHAR}, #{receiverCounty,jdbcType=VARCHAR}, 
      #{rxAuditStatus,jdbcType=VARCHAR}, #{hasPostFee,jdbcType=DECIMAL}, #{sellerCodFee,jdbcType=DECIMAL}, 
      #{buyerCodFee,jdbcType=DECIMAL}, #{codStatus,jdbcType=VARCHAR}, #{codFee,jdbcType=DECIMAL}, 
      #{pointFee,jdbcType=DECIMAL}, #{buyerMessage,jdbcType=VARCHAR}, #{buyerFlag,jdbcType=DECIMAL}, 
      #{sellerMemo,jdbcType=VARCHAR}, #{buyerArea,jdbcType=VARCHAR}, #{buyerAlipayNo,jdbcType=VARCHAR}, 
      #{fenxiaoShopName,jdbcType=VARCHAR}, #{fenxiaoShopId,jdbcType=DECIMAL}, #{isScoreUpdated,jdbcType=DECIMAL}, 
      #{serviceTags,jdbcType=VARCHAR}, #{zhengjiStatus,jdbcType=DECIMAL}, #{targetOrderUkid,jdbcType=DECIMAL}, 
      #{invoiceName,jdbcType=VARCHAR}, #{invoiceType,jdbcType=VARCHAR}, #{estConTime,jdbcType=VARCHAR}, 
      #{invoiceKind,jdbcType=VARCHAR}, #{paidCouponFee,jdbcType=VARCHAR}, #{receivedPayment,jdbcType=VARCHAR}, 
      #{eticketServiceAddr,jdbcType=VARCHAR}, #{isShShip,jdbcType=VARCHAR}, #{o2oSnatchStatus,jdbcType=VARCHAR}, 
      #{market,jdbcType=VARCHAR}, #{etType,jdbcType=VARCHAR}, #{etShopId,jdbcType=DECIMAL}, 
      #{obs,jdbcType=VARCHAR}, #{createUserId,jdbcType=DECIMAL}, #{updateUserId,jdbcType=DECIMAL}
      )
  </insert>
  <insert id="insertSelective" parameterType="com.wwwarehouse.xdw.datasync.dao.model.SeTaobaoTradeDO">
    insert into SE_TAOBAO_TRADE
    <trim prefix="(" suffix=")" suffixOverrides=",">
      <if test="tradeUkid != null">
        TRADE_UKID,
      </if>
      <if test="shopId != null">
        SHOP_ID,
      </if>
      <if test="downTime != null">
        DOWN_TIME,
      </if>
      <if test="updateTime != null">
        UPDATE_TIME,
      </if>
      <if test="releaseTime != null">
        RELEASE_TIME,
      </if>
      <if test="originTradeStatus != null">
        ORIGIN_TRADE_STATUS,
      </if>
      <if test="sellerNick != null">
        SELLER_NICK,
      </if>
      <if test="picPath != null">
        PIC_PATH,
      </if>
      <if test="payment != null">
        PAYMENT,
      </if>
      <if test="sellerRate != null">
        SELLER_RATE,
      </if>
      <if test="postFee != null">
        POST_FEE,
      </if>
      <if test="receiverName != null">
        RECEIVER_NAME,
      </if>
      <if test="receiverState != null">
        RECEIVER_STATE,
      </if>
      <if test="receiverAddress != null">
        RECEIVER_ADDRESS,
      </if>
      <if test="receiverZip != null">
        RECEIVER_ZIP,
      </if>
      <if test="receiverMobile != null">
        RECEIVER_MOBILE,
      </if>
      <if test="receiverPhone != null">
        RECEIVER_PHONE,
      </if>
      <if test="consignTime != null">
        CONSIGN_TIME,
      </if>
      <if test="receiverCountry != null">
        RECEIVER_COUNTRY,
      </if>
      <if test="receiverTown != null">
        RECEIVER_TOWN,
      </if>
      <if test="orderTaxFee != null">
        ORDER_TAX_FEE,
      </if>
      <if test="shopPick != null">
        SHOP_PICK,
      </if>
      <if test="orderId != null">
        ORDER_ID,
      </if>
      <if test="num != null">
        NUM,
      </if>
      <if test="numIid != null">
        NUM_IID,
      </if>
      <if test="platformOrderStatus != null">
        PLATFORM_ORDER_STATUS,
      </if>
      <if test="title != null">
        TITLE,
      </if>
      <if test="type != null">
        TYPE,
      </if>
      <if test="price != null">
        PRICE,
      </if>
      <if test="discountFee != null">
        DISCOUNT_FEE,
      </if>
      <if test="totalFee != null">
        TOTAL_FEE,
      </if>
      <if test="orderCreateTime != null">
        ORDER_CREATE_TIME,
      </if>
      <if test="orderPayTime != null">
        ORDER_PAY_TIME,
      </if>
      <if test="orderModifyTime != null">
        ORDER_MODIFY_TIME,
      </if>
      <if test="orderEndTime != null">
        ORDER_END_TIME,
      </if>
      <if test="sellerFlag != null">
        SELLER_FLAG,
      </if>
      <if test="buyerNick != null">
        BUYER_NICK,
      </if>
      <if test="hasBuyerMessage != null">
        HAS_BUYER_MESSAGE,
      </if>
      <if test="creditCardFee != null">
        CREDIT_CARD_FEE,
      </if>
      <if test="stepTradeStatus != null">
        STEP_TRADE_STATUS,
      </if>
      <if test="stepPaidFee != null">
        STEP_PAID_FEE,
      </if>
      <if test="markDesc != null">
        MARK_DESC,
      </if>
      <if test="shippingType != null">
        SHIPPING_TYPE,
      </if>
      <if test="adjustFee != null">
        ADJUST_FEE,
      </if>
      <if test="tradeFrom != null">
        TRADE_FROM,
      </if>
      <if test="buyerRate != null">
        BUYER_RATE,
      </if>
      <if test="receiverCity != null">
        RECEIVER_CITY,
      </if>
      <if test="receiverCounty != null">
        RECEIVER_COUNTY,
      </if>
      <if test="rxAuditStatus != null">
        RX_AUDIT_STATUS,
      </if>
      <if test="hasPostFee != null">
        HAS_POST_FEE,
      </if>
      <if test="sellerCodFee != null">
        SELLER_COD_FEE,
      </if>
      <if test="buyerCodFee != null">
        BUYER_COD_FEE,
      </if>
      <if test="codStatus != null">
        COD_STATUS,
      </if>
      <if test="codFee != null">
        COD_FEE,
      </if>
      <if test="pointFee != null">
        POINT_FEE,
      </if>
      <if test="buyerMessage != null">
        BUYER_MESSAGE,
      </if>
      <if test="buyerFlag != null">
        BUYER_FLAG,
      </if>
      <if test="sellerMemo != null">
        SELLER_MEMO,
      </if>
      <if test="buyerArea != null">
        BUYER_AREA,
      </if>
      <if test="buyerAlipayNo != null">
        BUYER_ALIPAY_NO,
      </if>
      <if test="fenxiaoShopName != null">
        FENXIAO_SHOP_NAME,
      </if>
      <if test="fenxiaoShopId != null">
        FENXIAO_SHOP_ID,
      </if>
      <if test="isScoreUpdated != null">
        IS_SCORE_UPDATED,
      </if>
      <if test="serviceTags != null">
        SERVICE_TAGS,
      </if>
      <if test="zhengjiStatus != null">
        ZHENGJI_STATUS,
      </if>
      <if test="targetOrderUkid != null">
        TARGET_ORDER_UKID,
      </if>
      <if test="invoiceName != null">
        INVOICE_NAME,
      </if>
      <if test="invoiceType != null">
        INVOICE_TYPE,
      </if>
      <if test="estConTime != null">
        EST_CON_TIME,
      </if>
      <if test="invoiceKind != null">
        INVOICE_KIND,
      </if>
      <if test="paidCouponFee != null">
        PAID_COUPON_FEE,
      </if>
      <if test="receivedPayment != null">
        RECEIVED_PAYMENT,
      </if>
      <if test="eticketServiceAddr != null">
        ETICKET_SERVICE_ADDR,
      </if>
      <if test="isShShip != null">
        IS_SH_SHIP,
      </if>
      <if test="o2oSnatchStatus != null">
        O2O_SNATCH_STATUS,
      </if>
      <if test="market != null">
        MARKET,
      </if>
      <if test="etType != null">
        ET_TYPE,
      </if>
      <if test="etShopId != null">
        ET_SHOP_ID,
      </if>
      <if test="obs != null">
        OBS,
      </if>
      <if test="createUserId != null">
        CREATE_USER_ID,
      </if>
      <if test="updateUserId != null">
        UPDATE_USER_ID,
      </if>
    </trim>
    <trim prefix="values (" suffix=")" suffixOverrides=",">
      <if test="tradeUkid != null">
        #{tradeUkid,jdbcType=DECIMAL},
      </if>
      <if test="shopId != null">
        #{shopId,jdbcType=DECIMAL},
      </if>
      <if test="downTime != null">
        #{downTime,jdbcType=TIMESTAMP},
      </if>
      <if test="updateTime != null">
        #{updateTime,jdbcType=TIMESTAMP},
      </if>
      <if test="releaseTime != null">
        #{releaseTime,jdbcType=TIMESTAMP},
      </if>
      <if test="originTradeStatus != null">
        #{originTradeStatus,jdbcType=DECIMAL},
      </if>
      <if test="sellerNick != null">
        #{sellerNick,jdbcType=VARCHAR},
      </if>
      <if test="picPath != null">
        #{picPath,jdbcType=VARCHAR},
      </if>
      <if test="payment != null">
        #{payment,jdbcType=DECIMAL},
      </if>
      <if test="sellerRate != null">
        #{sellerRate,jdbcType=DECIMAL},
      </if>
      <if test="postFee != null">
        #{postFee,jdbcType=DECIMAL},
      </if>
      <if test="receiverName != null">
        #{receiverName,jdbcType=VARCHAR},
      </if>
      <if test="receiverState != null">
        #{receiverState,jdbcType=VARCHAR},
      </if>
      <if test="receiverAddress != null">
        #{receiverAddress,jdbcType=VARCHAR},
      </if>
      <if test="receiverZip != null">
        #{receiverZip,jdbcType=VARCHAR},
      </if>
      <if test="receiverMobile != null">
        #{receiverMobile,jdbcType=VARCHAR},
      </if>
      <if test="receiverPhone != null">
        #{receiverPhone,jdbcType=VARCHAR},
      </if>
      <if test="consignTime != null">
        #{consignTime,jdbcType=TIMESTAMP},
      </if>
      <if test="receiverCountry != null">
        #{receiverCountry,jdbcType=VARCHAR},
      </if>
      <if test="receiverTown != null">
        #{receiverTown,jdbcType=VARCHAR},
      </if>
      <if test="orderTaxFee != null">
        #{orderTaxFee,jdbcType=DECIMAL},
      </if>
      <if test="shopPick != null">
        #{shopPick,jdbcType=DECIMAL},
      </if>
      <if test="orderId != null">
        #{orderId,jdbcType=VARCHAR},
      </if>
      <if test="num != null">
        #{num,jdbcType=DECIMAL},
      </if>
      <if test="numIid != null">
        #{numIid,jdbcType=DECIMAL},
      </if>
      <if test="platformOrderStatus != null">
        #{platformOrderStatus,jdbcType=VARCHAR},
      </if>
      <if test="title != null">
        #{title,jdbcType=VARCHAR},
      </if>
      <if test="type != null">
        #{type,jdbcType=VARCHAR},
      </if>
      <if test="price != null">
        #{price,jdbcType=DECIMAL},
      </if>
      <if test="discountFee != null">
        #{discountFee,jdbcType=DECIMAL},
      </if>
      <if test="totalFee != null">
        #{totalFee,jdbcType=DECIMAL},
      </if>
      <if test="orderCreateTime != null">
        #{orderCreateTime,jdbcType=TIMESTAMP},
      </if>
      <if test="orderPayTime != null">
        #{orderPayTime,jdbcType=TIMESTAMP},
      </if>
      <if test="orderModifyTime != null">
        #{orderModifyTime,jdbcType=TIMESTAMP},
      </if>
      <if test="orderEndTime != null">
        #{orderEndTime,jdbcType=TIMESTAMP},
      </if>
      <if test="sellerFlag != null">
        #{sellerFlag,jdbcType=DECIMAL},
      </if>
      <if test="buyerNick != null">
        #{buyerNick,jdbcType=VARCHAR},
      </if>
      <if test="hasBuyerMessage != null">
        #{hasBuyerMessage,jdbcType=DECIMAL},
      </if>
      <if test="creditCardFee != null">
        #{creditCardFee,jdbcType=DECIMAL},
      </if>
      <if test="stepTradeStatus != null">
        #{stepTradeStatus,jdbcType=VARCHAR},
      </if>
      <if test="stepPaidFee != null">
        #{stepPaidFee,jdbcType=DECIMAL},
      </if>
      <if test="markDesc != null">
        #{markDesc,jdbcType=VARCHAR},
      </if>
      <if test="shippingType != null">
        #{shippingType,jdbcType=VARCHAR},
      </if>
      <if test="adjustFee != null">
        #{adjustFee,jdbcType=DECIMAL},
      </if>
      <if test="tradeFrom != null">
        #{tradeFrom,jdbcType=VARCHAR},
      </if>
      <if test="buyerRate != null">
        #{buyerRate,jdbcType=DECIMAL},
      </if>
      <if test="receiverCity != null">
        #{receiverCity,jdbcType=VARCHAR},
      </if>
      <if test="receiverCounty != null">
        #{receiverCounty,jdbcType=VARCHAR},
      </if>
      <if test="rxAuditStatus != null">
        #{rxAuditStatus,jdbcType=VARCHAR},
      </if>
      <if test="hasPostFee != null">
        #{hasPostFee,jdbcType=DECIMAL},
      </if>
      <if test="sellerCodFee != null">
        #{sellerCodFee,jdbcType=DECIMAL},
      </if>
      <if test="buyerCodFee != null">
        #{buyerCodFee,jdbcType=DECIMAL},
      </if>
      <if test="codStatus != null">
        #{codStatus,jdbcType=VARCHAR},
      </if>
      <if test="codFee != null">
        #{codFee,jdbcType=DECIMAL},
      </if>
      <if test="pointFee != null">
        #{pointFee,jdbcType=DECIMAL},
      </if>
      <if test="buyerMessage != null">
        #{buyerMessage,jdbcType=VARCHAR},
      </if>
      <if test="buyerFlag != null">
        #{buyerFlag,jdbcType=DECIMAL},
      </if>
      <if test="sellerMemo != null">
        #{sellerMemo,jdbcType=VARCHAR},
      </if>
      <if test="buyerArea != null">
        #{buyerArea,jdbcType=VARCHAR},
      </if>
      <if test="buyerAlipayNo != null">
        #{buyerAlipayNo,jdbcType=VARCHAR},
      </if>
      <if test="fenxiaoShopName != null">
        #{fenxiaoShopName,jdbcType=VARCHAR},
      </if>
      <if test="fenxiaoShopId != null">
        #{fenxiaoShopId,jdbcType=DECIMAL},
      </if>
      <if test="isScoreUpdated != null">
        #{isScoreUpdated,jdbcType=DECIMAL},
      </if>
      <if test="serviceTags != null">
        #{serviceTags,jdbcType=VARCHAR},
      </if>
      <if test="zhengjiStatus != null">
        #{zhengjiStatus,jdbcType=DECIMAL},
      </if>
      <if test="targetOrderUkid != null">
        #{targetOrderUkid,jdbcType=DECIMAL},
      </if>
      <if test="invoiceName != null">
        #{invoiceName,jdbcType=VARCHAR},
      </if>
      <if test="invoiceType != null">
        #{invoiceType,jdbcType=VARCHAR},
      </if>
      <if test="estConTime != null">
        #{estConTime,jdbcType=VARCHAR},
      </if>
      <if test="invoiceKind != null">
        #{invoiceKind,jdbcType=VARCHAR},
      </if>
      <if test="paidCouponFee != null">
        #{paidCouponFee,jdbcType=VARCHAR},
      </if>
      <if test="receivedPayment != null">
        #{receivedPayment,jdbcType=VARCHAR},
      </if>
      <if test="eticketServiceAddr != null">
        #{eticketServiceAddr,jdbcType=VARCHAR},
      </if>
      <if test="isShShip != null">
        #{isShShip,jdbcType=VARCHAR},
      </if>
      <if test="o2oSnatchStatus != null">
        #{o2oSnatchStatus,jdbcType=VARCHAR},
      </if>
      <if test="market != null">
        #{market,jdbcType=VARCHAR},
      </if>
      <if test="etType != null">
        #{etType,jdbcType=VARCHAR},
      </if>
      <if test="etShopId != null">
        #{etShopId,jdbcType=DECIMAL},
      </if>
      <if test="obs != null">
        #{obs,jdbcType=VARCHAR},
      </if>
      <if test="createUserId != null">
        #{createUserId,jdbcType=DECIMAL},
      </if>
      <if test="updateUserId != null">
        #{updateUserId,jdbcType=DECIMAL},
      </if>
    </trim>
  </insert>
  <select id="countByExample" parameterType="com.wwwarehouse.xdw.datasync.dao.model.SeTaobaoTradeDOExample" resultType="java.lang.Long">
    select count(*) from SE_TAOBAO_TRADE
    <if test="_parameter != null">
      <include refid="Example_Where_Clause" />
    </if>
  </select>
  <update id="updateByExampleSelective" parameterType="map">
    update SE_TAOBAO_TRADE
    <set>
      <if test="record.tradeUkid != null">
        TRADE_UKID = #{record.tradeUkid,jdbcType=DECIMAL},
      </if>
      <if test="record.shopId != null">
        SHOP_ID = #{record.shopId,jdbcType=DECIMAL},
      </if>
      <if test="record.downTime != null">
        DOWN_TIME = #{record.downTime,jdbcType=TIMESTAMP},
      </if>
      <if test="record.updateTime != null">
        UPDATE_TIME = #{record.updateTime,jdbcType=TIMESTAMP},
      </if>
      <if test="record.releaseTime != null">
        RELEASE_TIME = #{record.releaseTime,jdbcType=TIMESTAMP},
      </if>
      <if test="record.originTradeStatus != null">
        ORIGIN_TRADE_STATUS = #{record.originTradeStatus,jdbcType=DECIMAL},
      </if>
      <if test="record.sellerNick != null">
        SELLER_NICK = #{record.sellerNick,jdbcType=VARCHAR},
      </if>
      <if test="record.picPath != null">
        PIC_PATH = #{record.picPath,jdbcType=VARCHAR},
      </if>
      <if test="record.payment != null">
        PAYMENT = #{record.payment,jdbcType=DECIMAL},
      </if>
      <if test="record.sellerRate != null">
        SELLER_RATE = #{record.sellerRate,jdbcType=DECIMAL},
      </if>
      <if test="record.postFee != null">
        POST_FEE = #{record.postFee,jdbcType=DECIMAL},
      </if>
      <if test="record.receiverName != null">
        RECEIVER_NAME = #{record.receiverName,jdbcType=VARCHAR},
      </if>
      <if test="record.receiverState != null">
        RECEIVER_STATE = #{record.receiverState,jdbcType=VARCHAR},
      </if>
      <if test="record.receiverAddress != null">
        RECEIVER_ADDRESS = #{record.receiverAddress,jdbcType=VARCHAR},
      </if>
      <if test="record.receiverZip != null">
        RECEIVER_ZIP = #{record.receiverZip,jdbcType=VARCHAR},
      </if>
      <if test="record.receiverMobile != null">
        RECEIVER_MOBILE = #{record.receiverMobile,jdbcType=VARCHAR},
      </if>
      <if test="record.receiverPhone != null">
        RECEIVER_PHONE = #{record.receiverPhone,jdbcType=VARCHAR},
      </if>
      <if test="record.consignTime != null">
        CONSIGN_TIME = #{record.consignTime,jdbcType=TIMESTAMP},
      </if>
      <if test="record.receiverCountry != null">
        RECEIVER_COUNTRY = #{record.receiverCountry,jdbcType=VARCHAR},
      </if>
      <if test="record.receiverTown != null">
        RECEIVER_TOWN = #{record.receiverTown,jdbcType=VARCHAR},
      </if>
      <if test="record.orderTaxFee != null">
        ORDER_TAX_FEE = #{record.orderTaxFee,jdbcType=DECIMAL},
      </if>
      <if test="record.shopPick != null">
        SHOP_PICK = #{record.shopPick,jdbcType=DECIMAL},
      </if>
      <if test="record.orderId != null">
        ORDER_ID = #{record.orderId,jdbcType=VARCHAR},
      </if>
      <if test="record.num != null">
        NUM = #{record.num,jdbcType=DECIMAL},
      </if>
      <if test="record.numIid != null">
        NUM_IID = #{record.numIid,jdbcType=DECIMAL},
      </if>
      <if test="record.platformOrderStatus != null">
        PLATFORM_ORDER_STATUS = #{record.platformOrderStatus,jdbcType=VARCHAR},
      </if>
      <if test="record.title != null">
        TITLE = #{record.title,jdbcType=VARCHAR},
      </if>
      <if test="record.type != null">
        TYPE = #{record.type,jdbcType=VARCHAR},
      </if>
      <if test="record.price != null">
        PRICE = #{record.price,jdbcType=DECIMAL},
      </if>
      <if test="record.discountFee != null">
        DISCOUNT_FEE = #{record.discountFee,jdbcType=DECIMAL},
      </if>
      <if test="record.totalFee != null">
        TOTAL_FEE = #{record.totalFee,jdbcType=DECIMAL},
      </if>
      <if test="record.orderCreateTime != null">
        ORDER_CREATE_TIME = #{record.orderCreateTime,jdbcType=TIMESTAMP},
      </if>
      <if test="record.orderPayTime != null">
        ORDER_PAY_TIME = #{record.orderPayTime,jdbcType=TIMESTAMP},
      </if>
      <if test="record.orderModifyTime != null">
        ORDER_MODIFY_TIME = #{record.orderModifyTime,jdbcType=TIMESTAMP},
      </if>
      <if test="record.orderEndTime != null">
        ORDER_END_TIME = #{record.orderEndTime,jdbcType=TIMESTAMP},
      </if>
      <if test="record.sellerFlag != null">
        SELLER_FLAG = #{record.sellerFlag,jdbcType=DECIMAL},
      </if>
      <if test="record.buyerNick != null">
        BUYER_NICK = #{record.buyerNick,jdbcType=VARCHAR},
      </if>
      <if test="record.hasBuyerMessage != null">
        HAS_BUYER_MESSAGE = #{record.hasBuyerMessage,jdbcType=DECIMAL},
      </if>
      <if test="record.creditCardFee != null">
        CREDIT_CARD_FEE = #{record.creditCardFee,jdbcType=DECIMAL},
      </if>
      <if test="record.stepTradeStatus != null">
        STEP_TRADE_STATUS = #{record.stepTradeStatus,jdbcType=VARCHAR},
      </if>
      <if test="record.stepPaidFee != null">
        STEP_PAID_FEE = #{record.stepPaidFee,jdbcType=DECIMAL},
      </if>
      <if test="record.markDesc != null">
        MARK_DESC = #{record.markDesc,jdbcType=VARCHAR},
      </if>
      <if test="record.shippingType != null">
        SHIPPING_TYPE = #{record.shippingType,jdbcType=VARCHAR},
      </if>
      <if test="record.adjustFee != null">
        ADJUST_FEE = #{record.adjustFee,jdbcType=DECIMAL},
      </if>
      <if test="record.tradeFrom != null">
        TRADE_FROM = #{record.tradeFrom,jdbcType=VARCHAR},
      </if>
      <if test="record.buyerRate != null">
        BUYER_RATE = #{record.buyerRate,jdbcType=DECIMAL},
      </if>
      <if test="record.receiverCity != null">
        RECEIVER_CITY = #{record.receiverCity,jdbcType=VARCHAR},
      </if>
      <if test="record.receiverCounty != null">
        RECEIVER_COUNTY = #{record.receiverCounty,jdbcType=VARCHAR},
      </if>
      <if test="record.rxAuditStatus != null">
        RX_AUDIT_STATUS = #{record.rxAuditStatus,jdbcType=VARCHAR},
      </if>
      <if test="record.hasPostFee != null">
        HAS_POST_FEE = #{record.hasPostFee,jdbcType=DECIMAL},
      </if>
      <if test="record.sellerCodFee != null">
        SELLER_COD_FEE = #{record.sellerCodFee,jdbcType=DECIMAL},
      </if>
      <if test="record.buyerCodFee != null">
        BUYER_COD_FEE = #{record.buyerCodFee,jdbcType=DECIMAL},
      </if>
      <if test="record.codStatus != null">
        COD_STATUS = #{record.codStatus,jdbcType=VARCHAR},
      </if>
      <if test="record.codFee != null">
        COD_FEE = #{record.codFee,jdbcType=DECIMAL},
      </if>
      <if test="record.pointFee != null">
        POINT_FEE = #{record.pointFee,jdbcType=DECIMAL},
      </if>
      <if test="record.buyerMessage != null">
        BUYER_MESSAGE = #{record.buyerMessage,jdbcType=VARCHAR},
      </if>
      <if test="record.buyerFlag != null">
        BUYER_FLAG = #{record.buyerFlag,jdbcType=DECIMAL},
      </if>
      <if test="record.sellerMemo != null">
        SELLER_MEMO = #{record.sellerMemo,jdbcType=VARCHAR},
      </if>
      <if test="record.buyerArea != null">
        BUYER_AREA = #{record.buyerArea,jdbcType=VARCHAR},
      </if>
      <if test="record.buyerAlipayNo != null">
        BUYER_ALIPAY_NO = #{record.buyerAlipayNo,jdbcType=VARCHAR},
      </if>
      <if test="record.fenxiaoShopName != null">
        FENXIAO_SHOP_NAME = #{record.fenxiaoShopName,jdbcType=VARCHAR},
      </if>
      <if test="record.fenxiaoShopId != null">
        FENXIAO_SHOP_ID = #{record.fenxiaoShopId,jdbcType=DECIMAL},
      </if>
      <if test="record.isScoreUpdated != null">
        IS_SCORE_UPDATED = #{record.isScoreUpdated,jdbcType=DECIMAL},
      </if>
      <if test="record.serviceTags != null">
        SERVICE_TAGS = #{record.serviceTags,jdbcType=VARCHAR},
      </if>
      <if test="record.zhengjiStatus != null">
        ZHENGJI_STATUS = #{record.zhengjiStatus,jdbcType=DECIMAL},
      </if>
      <if test="record.targetOrderUkid != null">
        TARGET_ORDER_UKID = #{record.targetOrderUkid,jdbcType=DECIMAL},
      </if>
      <if test="record.invoiceName != null">
        INVOICE_NAME = #{record.invoiceName,jdbcType=VARCHAR},
      </if>
      <if test="record.invoiceType != null">
        INVOICE_TYPE = #{record.invoiceType,jdbcType=VARCHAR},
      </if>
      <if test="record.estConTime != null">
        EST_CON_TIME = #{record.estConTime,jdbcType=VARCHAR},
      </if>
      <if test="record.invoiceKind != null">
        INVOICE_KIND = #{record.invoiceKind,jdbcType=VARCHAR},
      </if>
      <if test="record.paidCouponFee != null">
        PAID_COUPON_FEE = #{record.paidCouponFee,jdbcType=VARCHAR},
      </if>
      <if test="record.receivedPayment != null">
        RECEIVED_PAYMENT = #{record.receivedPayment,jdbcType=VARCHAR},
      </if>
      <if test="record.eticketServiceAddr != null">
        ETICKET_SERVICE_ADDR = #{record.eticketServiceAddr,jdbcType=VARCHAR},
      </if>
      <if test="record.isShShip != null">
        IS_SH_SHIP = #{record.isShShip,jdbcType=VARCHAR},
      </if>
      <if test="record.o2oSnatchStatus != null">
        O2O_SNATCH_STATUS = #{record.o2oSnatchStatus,jdbcType=VARCHAR},
      </if>
      <if test="record.market != null">
        MARKET = #{record.market,jdbcType=VARCHAR},
      </if>
      <if test="record.etType != null">
        ET_TYPE = #{record.etType,jdbcType=VARCHAR},
      </if>
      <if test="record.etShopId != null">
        ET_SHOP_ID = #{record.etShopId,jdbcType=DECIMAL},
      </if>
      <if test="record.obs != null">
        OBS = #{record.obs,jdbcType=VARCHAR},
      </if>
      <if test="record.createUserId != null">
        CREATE_USER_ID = #{record.createUserId,jdbcType=DECIMAL},
      </if>
      <if test="record.updateUserId != null">
        UPDATE_USER_ID = #{record.updateUserId,jdbcType=DECIMAL},
      </if>
    </set>
    <if test="_parameter != null">
      <include refid="Update_By_Example_Where_Clause" />
    </if>
  </update>
  <update id="updateByExample" parameterType="map">
    update SE_TAOBAO_TRADE
    set TRADE_UKID = #{record.tradeUkid,jdbcType=DECIMAL},
      SHOP_ID = #{record.shopId,jdbcType=DECIMAL},
      DOWN_TIME = #{record.downTime,jdbcType=TIMESTAMP},
      UPDATE_TIME = #{record.updateTime,jdbcType=TIMESTAMP},
      RELEASE_TIME = #{record.releaseTime,jdbcType=TIMESTAMP},
      ORIGIN_TRADE_STATUS = #{record.originTradeStatus,jdbcType=DECIMAL},
      SELLER_NICK = #{record.sellerNick,jdbcType=VARCHAR},
      PIC_PATH = #{record.picPath,jdbcType=VARCHAR},
      PAYMENT = #{record.payment,jdbcType=DECIMAL},
      SELLER_RATE = #{record.sellerRate,jdbcType=DECIMAL},
      POST_FEE = #{record.postFee,jdbcType=DECIMAL},
      RECEIVER_NAME = #{record.receiverName,jdbcType=VARCHAR},
      RECEIVER_STATE = #{record.receiverState,jdbcType=VARCHAR},
      RECEIVER_ADDRESS = #{record.receiverAddress,jdbcType=VARCHAR},
      RECEIVER_ZIP = #{record.receiverZip,jdbcType=VARCHAR},
      RECEIVER_MOBILE = #{record.receiverMobile,jdbcType=VARCHAR},
      RECEIVER_PHONE = #{record.receiverPhone,jdbcType=VARCHAR},
      CONSIGN_TIME = #{record.consignTime,jdbcType=TIMESTAMP},
      RECEIVER_COUNTRY = #{record.receiverCountry,jdbcType=VARCHAR},
      RECEIVER_TOWN = #{record.receiverTown,jdbcType=VARCHAR},
      ORDER_TAX_FEE = #{record.orderTaxFee,jdbcType=DECIMAL},
      SHOP_PICK = #{record.shopPick,jdbcType=DECIMAL},
      ORDER_ID = #{record.orderId,jdbcType=VARCHAR},
      NUM = #{record.num,jdbcType=DECIMAL},
      NUM_IID = #{record.numIid,jdbcType=DECIMAL},
      PLATFORM_ORDER_STATUS = #{record.platformOrderStatus,jdbcType=VARCHAR},
      TITLE = #{record.title,jdbcType=VARCHAR},
      TYPE = #{record.type,jdbcType=VARCHAR},
      PRICE = #{record.price,jdbcType=DECIMAL},
      DISCOUNT_FEE = #{record.discountFee,jdbcType=DECIMAL},
      TOTAL_FEE = #{record.totalFee,jdbcType=DECIMAL},
      ORDER_CREATE_TIME = #{record.orderCreateTime,jdbcType=TIMESTAMP},
      ORDER_PAY_TIME = #{record.orderPayTime,jdbcType=TIMESTAMP},
      ORDER_MODIFY_TIME = #{record.orderModifyTime,jdbcType=TIMESTAMP},
      ORDER_END_TIME = #{record.orderEndTime,jdbcType=TIMESTAMP},
      SELLER_FLAG = #{record.sellerFlag,jdbcType=DECIMAL},
      BUYER_NICK = #{record.buyerNick,jdbcType=VARCHAR},
      HAS_BUYER_MESSAGE = #{record.hasBuyerMessage,jdbcType=DECIMAL},
      CREDIT_CARD_FEE = #{record.creditCardFee,jdbcType=DECIMAL},
      STEP_TRADE_STATUS = #{record.stepTradeStatus,jdbcType=VARCHAR},
      STEP_PAID_FEE = #{record.stepPaidFee,jdbcType=DECIMAL},
      MARK_DESC = #{record.markDesc,jdbcType=VARCHAR},
      SHIPPING_TYPE = #{record.shippingType,jdbcType=VARCHAR},
      ADJUST_FEE = #{record.adjustFee,jdbcType=DECIMAL},
      TRADE_FROM = #{record.tradeFrom,jdbcType=VARCHAR},
      BUYER_RATE = #{record.buyerRate,jdbcType=DECIMAL},
      RECEIVER_CITY = #{record.receiverCity,jdbcType=VARCHAR},
      RECEIVER_COUNTY = #{record.receiverCounty,jdbcType=VARCHAR},
      RX_AUDIT_STATUS = #{record.rxAuditStatus,jdbcType=VARCHAR},
      HAS_POST_FEE = #{record.hasPostFee,jdbcType=DECIMAL},
      SELLER_COD_FEE = #{record.sellerCodFee,jdbcType=DECIMAL},
      BUYER_COD_FEE = #{record.buyerCodFee,jdbcType=DECIMAL},
      COD_STATUS = #{record.codStatus,jdbcType=VARCHAR},
      COD_FEE = #{record.codFee,jdbcType=DECIMAL},
      POINT_FEE = #{record.pointFee,jdbcType=DECIMAL},
      BUYER_MESSAGE = #{record.buyerMessage,jdbcType=VARCHAR},
      BUYER_FLAG = #{record.buyerFlag,jdbcType=DECIMAL},
      SELLER_MEMO = #{record.sellerMemo,jdbcType=VARCHAR},
      BUYER_AREA = #{record.buyerArea,jdbcType=VARCHAR},
      BUYER_ALIPAY_NO = #{record.buyerAlipayNo,jdbcType=VARCHAR},
      FENXIAO_SHOP_NAME = #{record.fenxiaoShopName,jdbcType=VARCHAR},
      FENXIAO_SHOP_ID = #{record.fenxiaoShopId,jdbcType=DECIMAL},
      IS_SCORE_UPDATED = #{record.isScoreUpdated,jdbcType=DECIMAL},
      SERVICE_TAGS = #{record.serviceTags,jdbcType=VARCHAR},
      ZHENGJI_STATUS = #{record.zhengjiStatus,jdbcType=DECIMAL},
      TARGET_ORDER_UKID = #{record.targetOrderUkid,jdbcType=DECIMAL},
      INVOICE_NAME = #{record.invoiceName,jdbcType=VARCHAR},
      INVOICE_TYPE = #{record.invoiceType,jdbcType=VARCHAR},
      EST_CON_TIME = #{record.estConTime,jdbcType=VARCHAR},
      INVOICE_KIND = #{record.invoiceKind,jdbcType=VARCHAR},
      PAID_COUPON_FEE = #{record.paidCouponFee,jdbcType=VARCHAR},
      RECEIVED_PAYMENT = #{record.receivedPayment,jdbcType=VARCHAR},
      ETICKET_SERVICE_ADDR = #{record.eticketServiceAddr,jdbcType=VARCHAR},
      IS_SH_SHIP = #{record.isShShip,jdbcType=VARCHAR},
      O2O_SNATCH_STATUS = #{record.o2oSnatchStatus,jdbcType=VARCHAR},
      MARKET = #{record.market,jdbcType=VARCHAR},
      ET_TYPE = #{record.etType,jdbcType=VARCHAR},
      ET_SHOP_ID = #{record.etShopId,jdbcType=DECIMAL},
      OBS = #{record.obs,jdbcType=VARCHAR},
      CREATE_USER_ID = #{record.createUserId,jdbcType=DECIMAL},
      UPDATE_USER_ID = #{record.updateUserId,jdbcType=DECIMAL}
    <if test="_parameter != null">
      <include refid="Update_By_Example_Where_Clause" />
    </if>
  </update>
  <update id="updateByPrimaryKeySelective" parameterType="com.wwwarehouse.xdw.datasync.dao.model.SeTaobaoTradeDO">
    update SE_TAOBAO_TRADE
    <set>
      <if test="shopId != null">
        SHOP_ID = #{shopId,jdbcType=DECIMAL},
      </if>
      <if test="downTime != null">
        DOWN_TIME = #{downTime,jdbcType=TIMESTAMP},
      </if>
      <if test="updateTime != null">
        UPDATE_TIME = #{updateTime,jdbcType=TIMESTAMP},
      </if>
      <if test="releaseTime != null">
        RELEASE_TIME = #{releaseTime,jdbcType=TIMESTAMP},
      </if>
      <if test="originTradeStatus != null">
        ORIGIN_TRADE_STATUS = #{originTradeStatus,jdbcType=DECIMAL},
      </if>
      <if test="sellerNick != null">
        SELLER_NICK = #{sellerNick,jdbcType=VARCHAR},
      </if>
      <if test="picPath != null">
        PIC_PATH = #{picPath,jdbcType=VARCHAR},
      </if>
      <if test="payment != null">
        PAYMENT = #{payment,jdbcType=DECIMAL},
      </if>
      <if test="sellerRate != null">
        SELLER_RATE = #{sellerRate,jdbcType=DECIMAL},
      </if>
      <if test="postFee != null">
        POST_FEE = #{postFee,jdbcType=DECIMAL},
      </if>
      <if test="receiverName != null">
        RECEIVER_NAME = #{receiverName,jdbcType=VARCHAR},
      </if>
      <if test="receiverState != null">
        RECEIVER_STATE = #{receiverState,jdbcType=VARCHAR},
      </if>
      <if test="receiverAddress != null">
        RECEIVER_ADDRESS = #{receiverAddress,jdbcType=VARCHAR},
      </if>
      <if test="receiverZip != null">
        RECEIVER_ZIP = #{receiverZip,jdbcType=VARCHAR},
      </if>
      <if test="receiverMobile != null">
        RECEIVER_MOBILE = #{receiverMobile,jdbcType=VARCHAR},
      </if>
      <if test="receiverPhone != null">
        RECEIVER_PHONE = #{receiverPhone,jdbcType=VARCHAR},
      </if>
      <if test="consignTime != null">
        CONSIGN_TIME = #{consignTime,jdbcType=TIMESTAMP},
      </if>
      <if test="receiverCountry != null">
        RECEIVER_COUNTRY = #{receiverCountry,jdbcType=VARCHAR},
      </if>
      <if test="receiverTown != null">
        RECEIVER_TOWN = #{receiverTown,jdbcType=VARCHAR},
      </if>
      <if test="orderTaxFee != null">
        ORDER_TAX_FEE = #{orderTaxFee,jdbcType=DECIMAL},
      </if>
      <if test="shopPick != null">
        SHOP_PICK = #{shopPick,jdbcType=DECIMAL},
      </if>
      <if test="orderId != null">
        ORDER_ID = #{orderId,jdbcType=VARCHAR},
      </if>
      <if test="num != null">
        NUM = #{num,jdbcType=DECIMAL},
      </if>
      <if test="numIid != null">
        NUM_IID = #{numIid,jdbcType=DECIMAL},
      </if>
      <if test="platformOrderStatus != null">
        PLATFORM_ORDER_STATUS = #{platformOrderStatus,jdbcType=VARCHAR},
      </if>
      <if test="title != null">
        TITLE = #{title,jdbcType=VARCHAR},
      </if>
      <if test="type != null">
        TYPE = #{type,jdbcType=VARCHAR},
      </if>
      <if test="price != null">
        PRICE = #{price,jdbcType=DECIMAL},
      </if>
      <if test="discountFee != null">
        DISCOUNT_FEE = #{discountFee,jdbcType=DECIMAL},
      </if>
      <if test="totalFee != null">
        TOTAL_FEE = #{totalFee,jdbcType=DECIMAL},
      </if>
      <if test="orderCreateTime != null">
        ORDER_CREATE_TIME = #{orderCreateTime,jdbcType=TIMESTAMP},
      </if>
      <if test="orderPayTime != null">
        ORDER_PAY_TIME = #{orderPayTime,jdbcType=TIMESTAMP},
      </if>
      <if test="orderModifyTime != null">
        ORDER_MODIFY_TIME = #{orderModifyTime,jdbcType=TIMESTAMP},
      </if>
      <if test="orderEndTime != null">
        ORDER_END_TIME = #{orderEndTime,jdbcType=TIMESTAMP},
      </if>
      <if test="sellerFlag != null">
        SELLER_FLAG = #{sellerFlag,jdbcType=DECIMAL},
      </if>
      <if test="buyerNick != null">
        BUYER_NICK = #{buyerNick,jdbcType=VARCHAR},
      </if>
      <if test="hasBuyerMessage != null">
        HAS_BUYER_MESSAGE = #{hasBuyerMessage,jdbcType=DECIMAL},
      </if>
      <if test="creditCardFee != null">
        CREDIT_CARD_FEE = #{creditCardFee,jdbcType=DECIMAL},
      </if>
      <if test="stepTradeStatus != null">
        STEP_TRADE_STATUS = #{stepTradeStatus,jdbcType=VARCHAR},
      </if>
      <if test="stepPaidFee != null">
        STEP_PAID_FEE = #{stepPaidFee,jdbcType=DECIMAL},
      </if>
      <if test="markDesc != null">
        MARK_DESC = #{markDesc,jdbcType=VARCHAR},
      </if>
      <if test="shippingType != null">
        SHIPPING_TYPE = #{shippingType,jdbcType=VARCHAR},
      </if>
      <if test="adjustFee != null">
        ADJUST_FEE = #{adjustFee,jdbcType=DECIMAL},
      </if>
      <if test="tradeFrom != null">
        TRADE_FROM = #{tradeFrom,jdbcType=VARCHAR},
      </if>
      <if test="buyerRate != null">
        BUYER_RATE = #{buyerRate,jdbcType=DECIMAL},
      </if>
      <if test="receiverCity != null">
        RECEIVER_CITY = #{receiverCity,jdbcType=VARCHAR},
      </if>
      <if test="receiverCounty != null">
        RECEIVER_COUNTY = #{receiverCounty,jdbcType=VARCHAR},
      </if>
      <if test="rxAuditStatus != null">
        RX_AUDIT_STATUS = #{rxAuditStatus,jdbcType=VARCHAR},
      </if>
      <if test="hasPostFee != null">
        HAS_POST_FEE = #{hasPostFee,jdbcType=DECIMAL},
      </if>
      <if test="sellerCodFee != null">
        SELLER_COD_FEE = #{sellerCodFee,jdbcType=DECIMAL},
      </if>
      <if test="buyerCodFee != null">
        BUYER_COD_FEE = #{buyerCodFee,jdbcType=DECIMAL},
      </if>
      <if test="codStatus != null">
        COD_STATUS = #{codStatus,jdbcType=VARCHAR},
      </if>
      <if test="codFee != null">
        COD_FEE = #{codFee,jdbcType=DECIMAL},
      </if>
      <if test="pointFee != null">
        POINT_FEE = #{pointFee,jdbcType=DECIMAL},
      </if>
      <if test="buyerMessage != null">
        BUYER_MESSAGE = #{buyerMessage,jdbcType=VARCHAR},
      </if>
      <if test="buyerFlag != null">
        BUYER_FLAG = #{buyerFlag,jdbcType=DECIMAL},
      </if>
      <if test="sellerMemo != null">
        SELLER_MEMO = #{sellerMemo,jdbcType=VARCHAR},
      </if>
      <if test="buyerArea != null">
        BUYER_AREA = #{buyerArea,jdbcType=VARCHAR},
      </if>
      <if test="buyerAlipayNo != null">
        BUYER_ALIPAY_NO = #{buyerAlipayNo,jdbcType=VARCHAR},
      </if>
      <if test="fenxiaoShopName != null">
        FENXIAO_SHOP_NAME = #{fenxiaoShopName,jdbcType=VARCHAR},
      </if>
      <if test="fenxiaoShopId != null">
        FENXIAO_SHOP_ID = #{fenxiaoShopId,jdbcType=DECIMAL},
      </if>
      <if test="isScoreUpdated != null">
        IS_SCORE_UPDATED = #{isScoreUpdated,jdbcType=DECIMAL},
      </if>
      <if test="serviceTags != null">
        SERVICE_TAGS = #{serviceTags,jdbcType=VARCHAR},
      </if>
      <if test="zhengjiStatus != null">
        ZHENGJI_STATUS = #{zhengjiStatus,jdbcType=DECIMAL},
      </if>
      <if test="targetOrderUkid != null">
        TARGET_ORDER_UKID = #{targetOrderUkid,jdbcType=DECIMAL},
      </if>
      <if test="invoiceName != null">
        INVOICE_NAME = #{invoiceName,jdbcType=VARCHAR},
      </if>
      <if test="invoiceType != null">
        INVOICE_TYPE = #{invoiceType,jdbcType=VARCHAR},
      </if>
      <if test="estConTime != null">
        EST_CON_TIME = #{estConTime,jdbcType=VARCHAR},
      </if>
      <if test="invoiceKind != null">
        INVOICE_KIND = #{invoiceKind,jdbcType=VARCHAR},
      </if>
      <if test="paidCouponFee != null">
        PAID_COUPON_FEE = #{paidCouponFee,jdbcType=VARCHAR},
      </if>
      <if test="receivedPayment != null">
        RECEIVED_PAYMENT = #{receivedPayment,jdbcType=VARCHAR},
      </if>
      <if test="eticketServiceAddr != null">
        ETICKET_SERVICE_ADDR = #{eticketServiceAddr,jdbcType=VARCHAR},
      </if>
      <if test="isShShip != null">
        IS_SH_SHIP = #{isShShip,jdbcType=VARCHAR},
      </if>
      <if test="o2oSnatchStatus != null">
        O2O_SNATCH_STATUS = #{o2oSnatchStatus,jdbcType=VARCHAR},
      </if>
      <if test="market != null">
        MARKET = #{market,jdbcType=VARCHAR},
      </if>
      <if test="etType != null">
        ET_TYPE = #{etType,jdbcType=VARCHAR},
      </if>
      <if test="etShopId != null">
        ET_SHOP_ID = #{etShopId,jdbcType=DECIMAL},
      </if>
      <if test="obs != null">
        OBS = #{obs,jdbcType=VARCHAR},
      </if>
      <if test="createUserId != null">
        CREATE_USER_ID = #{createUserId,jdbcType=DECIMAL},
      </if>
      <if test="updateUserId != null">
        UPDATE_USER_ID = #{updateUserId,jdbcType=DECIMAL},
      </if>
    </set>
    where TRADE_UKID = #{tradeUkid,jdbcType=DECIMAL}
  </update>
  <update id="updateByPrimaryKey" parameterType="com.wwwarehouse.xdw.datasync.dao.model.SeTaobaoTradeDO">
    update SE_TAOBAO_TRADE
    set SHOP_ID = #{shopId,jdbcType=DECIMAL},
      DOWN_TIME = #{downTime,jdbcType=TIMESTAMP},
      UPDATE_TIME = #{updateTime,jdbcType=TIMESTAMP},
      RELEASE_TIME = #{releaseTime,jdbcType=TIMESTAMP},
      ORIGIN_TRADE_STATUS = #{originTradeStatus,jdbcType=DECIMAL},
      SELLER_NICK = #{sellerNick,jdbcType=VARCHAR},
      PIC_PATH = #{picPath,jdbcType=VARCHAR},
      PAYMENT = #{payment,jdbcType=DECIMAL},
      SELLER_RATE = #{sellerRate,jdbcType=DECIMAL},
      POST_FEE = #{postFee,jdbcType=DECIMAL},
      RECEIVER_NAME = #{receiverName,jdbcType=VARCHAR},
      RECEIVER_STATE = #{receiverState,jdbcType=VARCHAR},
      RECEIVER_ADDRESS = #{receiverAddress,jdbcType=VARCHAR},
      RECEIVER_ZIP = #{receiverZip,jdbcType=VARCHAR},
      RECEIVER_MOBILE = #{receiverMobile,jdbcType=VARCHAR},
      RECEIVER_PHONE = #{receiverPhone,jdbcType=VARCHAR},
      CONSIGN_TIME = #{consignTime,jdbcType=TIMESTAMP},
      RECEIVER_COUNTRY = #{receiverCountry,jdbcType=VARCHAR},
      RECEIVER_TOWN = #{receiverTown,jdbcType=VARCHAR},
      ORDER_TAX_FEE = #{orderTaxFee,jdbcType=DECIMAL},
      SHOP_PICK = #{shopPick,jdbcType=DECIMAL},
      ORDER_ID = #{orderId,jdbcType=VARCHAR},
      NUM = #{num,jdbcType=DECIMAL},
      NUM_IID = #{numIid,jdbcType=DECIMAL},
      PLATFORM_ORDER_STATUS = #{platformOrderStatus,jdbcType=VARCHAR},
      TITLE = #{title,jdbcType=VARCHAR},
      TYPE = #{type,jdbcType=VARCHAR},
      PRICE = #{price,jdbcType=DECIMAL},
      DISCOUNT_FEE = #{discountFee,jdbcType=DECIMAL},
      TOTAL_FEE = #{totalFee,jdbcType=DECIMAL},
      ORDER_CREATE_TIME = #{orderCreateTime,jdbcType=TIMESTAMP},
      ORDER_PAY_TIME = #{orderPayTime,jdbcType=TIMESTAMP},
      ORDER_MODIFY_TIME = #{orderModifyTime,jdbcType=TIMESTAMP},
      ORDER_END_TIME = #{orderEndTime,jdbcType=TIMESTAMP},
      SELLER_FLAG = #{sellerFlag,jdbcType=DECIMAL},
      BUYER_NICK = #{buyerNick,jdbcType=VARCHAR},
      HAS_BUYER_MESSAGE = #{hasBuyerMessage,jdbcType=DECIMAL},
      CREDIT_CARD_FEE = #{creditCardFee,jdbcType=DECIMAL},
      STEP_TRADE_STATUS = #{stepTradeStatus,jdbcType=VARCHAR},
      STEP_PAID_FEE = #{stepPaidFee,jdbcType=DECIMAL},
      MARK_DESC = #{markDesc,jdbcType=VARCHAR},
      SHIPPING_TYPE = #{shippingType,jdbcType=VARCHAR},
      ADJUST_FEE = #{adjustFee,jdbcType=DECIMAL},
      TRADE_FROM = #{tradeFrom,jdbcType=VARCHAR},
      BUYER_RATE = #{buyerRate,jdbcType=DECIMAL},
      RECEIVER_CITY = #{receiverCity,jdbcType=VARCHAR},
      RECEIVER_COUNTY = #{receiverCounty,jdbcType=VARCHAR},
      RX_AUDIT_STATUS = #{rxAuditStatus,jdbcType=VARCHAR},
      HAS_POST_FEE = #{hasPostFee,jdbcType=DECIMAL},
      SELLER_COD_FEE = #{sellerCodFee,jdbcType=DECIMAL},
      BUYER_COD_FEE = #{buyerCodFee,jdbcType=DECIMAL},
      COD_STATUS = #{codStatus,jdbcType=VARCHAR},
      COD_FEE = #{codFee,jdbcType=DECIMAL},
      POINT_FEE = #{pointFee,jdbcType=DECIMAL},
      BUYER_MESSAGE = #{buyerMessage,jdbcType=VARCHAR},
      BUYER_FLAG = #{buyerFlag,jdbcType=DECIMAL},
      SELLER_MEMO = #{sellerMemo,jdbcType=VARCHAR},
      BUYER_AREA = #{buyerArea,jdbcType=VARCHAR},
      BUYER_ALIPAY_NO = #{buyerAlipayNo,jdbcType=VARCHAR},
      FENXIAO_SHOP_NAME = #{fenxiaoShopName,jdbcType=VARCHAR},
      FENXIAO_SHOP_ID = #{fenxiaoShopId,jdbcType=DECIMAL},
      IS_SCORE_UPDATED = #{isScoreUpdated,jdbcType=DECIMAL},
      SERVICE_TAGS = #{serviceTags,jdbcType=VARCHAR},
      ZHENGJI_STATUS = #{zhengjiStatus,jdbcType=DECIMAL},
      TARGET_ORDER_UKID = #{targetOrderUkid,jdbcType=DECIMAL},
      INVOICE_NAME = #{invoiceName,jdbcType=VARCHAR},
      INVOICE_TYPE = #{invoiceType,jdbcType=VARCHAR},
      EST_CON_TIME = #{estConTime,jdbcType=VARCHAR},
      INVOICE_KIND = #{invoiceKind,jdbcType=VARCHAR},
      PAID_COUPON_FEE = #{paidCouponFee,jdbcType=VARCHAR},
      RECEIVED_PAYMENT = #{receivedPayment,jdbcType=VARCHAR},
      ETICKET_SERVICE_ADDR = #{eticketServiceAddr,jdbcType=VARCHAR},
      IS_SH_SHIP = #{isShShip,jdbcType=VARCHAR},
      O2O_SNATCH_STATUS = #{o2oSnatchStatus,jdbcType=VARCHAR},
      MARKET = #{market,jdbcType=VARCHAR},
      ET_TYPE = #{etType,jdbcType=VARCHAR},
      ET_SHOP_ID = #{etShopId,jdbcType=DECIMAL},
      OBS = #{obs,jdbcType=VARCHAR},
      CREATE_USER_ID = #{createUserId,jdbcType=DECIMAL},
      UPDATE_USER_ID = #{updateUserId,jdbcType=DECIMAL}
    where TRADE_UKID = #{tradeUkid,jdbcType=DECIMAL}
  </update>
  <select id="getByOrderId"  resultMap="BaseResultMap">
    select
    <include refid="Base_Column_List" />
    from SE_TAOBAO_TRADE
    where SHOP_ID = #{shopId,jdbcType=DECIMAL}
    and ORDER_ID = #{orderId,jdbcType=VARCHAR}
  </select>
  <update id="updateOriginStatus" parameterType="com.wwwarehouse.xdw.datasync.dao.model.SeTaobaoTradeDO">
    update SE_TAOBAO_TRADE
    set update_time = sysdate,origin_trade_status = #{originTradeStatus,jdbcType=DECIMAL}
    <if test="originTradeStatus == 200">
      ,release_time = sysdate,target_order_ukid=#{targetOrderUkid,jdbcType=DECIMAL}
    </if>
    where trade_ukid = #{tradeUkid} and origin_trade_status != #{originTradeStatus,jdbcType=DECIMAL}
    <if test="originTradeStatus == 200">
      and origin_trade_status <![CDATA[ < ]]> #{originTradeStatus,jdbcType=DECIMAL}
    </if>
  </update>

  <cache />
</mapper>