<?xml version="1.0" encoding="UTF-8"?>
<!DOCTYPE mapper PUBLIC "-//mybatis.org//DTD Mapper 3.0//EN" "http://mybatis.org/dtd/mybatis-3-mapper.dtd">
<mapper namespace="com.wwwarehouse.xdw.datasync.dao.mapper.SeTaobaoRefundDOMapper">
    <resultMap id="BaseResultMap" type="com.wwwarehouse.xdw.datasync.dao.model.SeTaobaoRefundDO">
        <id column="REFUND_UKID" jdbcType="DECIMAL" property="refundUkid"/>
        <result column="REFUND_ID" jdbcType="VARCHAR" property="refundId"/>
        <result column="SHOP_ID" jdbcType="DECIMAL" property="shopId"/>
        <result column="DOWN_TIME" jdbcType="TIMESTAMP" property="downTime"/>
        <result column="SHIPPING_TYPE" jdbcType="VARCHAR" property="shippingType"/>
        <result column="ORDER_ID" jdbcType="VARCHAR" property="orderId"/>
        <result column="SUB_ORDER_ID" jdbcType="VARCHAR" property="subOrderId"/>
        <result column="ALIPAY_NO" jdbcType="VARCHAR" property="alipayNo"/>
        <result column="TOTAL_FEE" jdbcType="DECIMAL" property="totalFee"/>
        <result column="BUYER_NICK" jdbcType="VARCHAR" property="buyerNick"/>
        <result column="SELLER_NICK" jdbcType="VARCHAR" property="sellerNick"/>
        <result column="REFUND_CREATE_TIME" jdbcType="TIMESTAMP" property="refundCreateTime"/>
        <result column="MODIFIED" jdbcType="TIMESTAMP" property="modified"/>
        <result column="ORDER_STATUS" jdbcType="VARCHAR" property="orderStatus"/>
        <result column="STATUS" jdbcType="VARCHAR" property="status"/>
        <result column="GOOD_STATUS" jdbcType="VARCHAR" property="goodStatus"/>
        <result column="HAS_GOOD_RETURN" jdbcType="DECIMAL" property="hasGoodReturn"/>
        <result column="REFUND_FEE" jdbcType="DECIMAL" property="refundFee"/>
        <result column="PAYMENT" jdbcType="DECIMAL" property="payment"/>
        <result column="REASON" jdbcType="VARCHAR" property="reason"/>
        <result column="REASON_DESC" jdbcType="VARCHAR" property="reasonDesc"/>
        <result column="TITLE" jdbcType="VARCHAR" property="title"/>
        <result column="PRICE" jdbcType="DECIMAL" property="price"/>
        <result column="NUM" jdbcType="DECIMAL" property="num"/>
        <result column="GOOD_RETURN_TIME" jdbcType="TIMESTAMP" property="goodReturnTime"/>
        <result column="COMPANY_NAME" jdbcType="VARCHAR" property="companyName"/>
        <result column="SID" jdbcType="VARCHAR" property="sid"/>
        <result column="ADDRESS" jdbcType="VARCHAR" property="address"/>
        <result column="NUM_IID" jdbcType="DECIMAL" property="numIid"/>
        <result column="CS_STATUS" jdbcType="DECIMAL" property="csStatus"/>
        <result column="ADVANCE_STATUS" jdbcType="DECIMAL" property="advanceStatus"/>
        <result column="SPLIT_TAOBAO_FEE" jdbcType="DECIMAL" property="splitTaobaoFee"/>
        <result column="SPLIT_SELLER_FEE" jdbcType="DECIMAL" property="splitSellerFee"/>
        <result column="REMIND_TYPE" jdbcType="DECIMAL" property="remindType"/>
        <result column="EXIST_TIMEOUT" jdbcType="DECIMAL" property="existTimeout"/>
        <result column="TIMEOUT" jdbcType="TIMESTAMP" property="timeout"/>
        <result column="REFUND_PHASE" jdbcType="VARCHAR" property="refundPhase"/>
        <result column="REFUND_VERSION" jdbcType="DECIMAL" property="refundVersion"/>
        <result column="SKU" jdbcType="VARCHAR" property="sku"/>
        <result column="ATTRIBUTE" jdbcType="VARCHAR" property="attribute"/>
        <result column="OUTER_ID" jdbcType="VARCHAR" property="outerId"/>
        <result column="OPERATION_CONTRAINT" jdbcType="VARCHAR" property="operationContraint"/>
        <result column="ISCS_RECEIPT_STATUS" jdbcType="VARCHAR" property="iscsReceiptStatus"/>
        <result column="SERVICE_STATUS" jdbcType="VARCHAR" property="serviceStatus"/>
        <result column="PROCESS_STATUS" jdbcType="DECIMAL" property="processStatus"/>
        <result column="CREATE_USER_ID" jdbcType="DECIMAL" property="createUserId"/>
        <result column="UPDATE_USER_ID" jdbcType="DECIMAL" property="updateUserId"/>
        <result column="UPDATE_TIME" jdbcType="TIMESTAMP" property="updateTime"/>
    </resultMap>
    <sql id="Example_Where_Clause">
        <where>
            <foreach collection="oredCriteria" item="criteria" separator="or">
                <if test="criteria.valid">
                    <trim prefix="(" prefixOverrides="and" suffix=")">
                        <foreach collection="criteria.criteria" item="criterion">
                            <choose>
                                <when test="criterion.noValue">
                                    and ${criterion.condition}
                                </when>
                                <when test="criterion.singleValue">
                                    and ${criterion.condition} #{criterion.value}
                                </when>
                                <when test="criterion.betweenValue">
                                    and ${criterion.condition} #{criterion.value} and #{criterion.secondValue}
                                </when>
                                <when test="criterion.listValue">
                                    and ${criterion.condition}
                                    <foreach close=")" collection="criterion.value" item="listItem" open="("
                                             separator=",">
                                        #{listItem}
                                    </foreach>
                                </when>
                            </choose>
                        </foreach>
                    </trim>
                </if>
            </foreach>
        </where>
    </sql>
    <sql id="Update_By_Example_Where_Clause">
        <where>
            <foreach collection="example.oredCriteria" item="criteria" separator="or">
                <if test="criteria.valid">
                    <trim prefix="(" prefixOverrides="and" suffix=")">
                        <foreach collection="criteria.criteria" item="criterion">
                            <choose>
                                <when test="criterion.noValue">
                                    and ${criterion.condition}
                                </when>
                                <when test="criterion.singleValue">
                                    and ${criterion.condition} #{criterion.value}
                                </when>
                                <when test="criterion.betweenValue">
                                    and ${criterion.condition} #{criterion.value} and #{criterion.secondValue}
                                </when>
                                <when test="criterion.listValue">
                                    and ${criterion.condition}
                                    <foreach close=")" collection="criterion.value" item="listItem" open="("
                                             separator=",">
                                        #{listItem}
                                    </foreach>
                                </when>
                            </choose>
                        </foreach>
                    </trim>
                </if>
            </foreach>
        </where>
    </sql>
    <sql id="Base_Column_List">
    REFUND_UKID, REFUND_ID, SHOP_ID, DOWN_TIME, SHIPPING_TYPE, ORDER_ID, SUB_ORDER_ID, 
    ALIPAY_NO, TOTAL_FEE, BUYER_NICK, SELLER_NICK, REFUND_CREATE_TIME, MODIFIED, ORDER_STATUS, 
    STATUS, GOOD_STATUS, HAS_GOOD_RETURN, REFUND_FEE, PAYMENT, REASON, REASON_DESC, TITLE, 
    PRICE, NUM, GOOD_RETURN_TIME, COMPANY_NAME, SID, ADDRESS, NUM_IID, CS_STATUS, ADVANCE_STATUS, 
    SPLIT_TAOBAO_FEE, SPLIT_SELLER_FEE, REMIND_TYPE, EXIST_TIMEOUT, TIMEOUT, REFUND_PHASE, 
    REFUND_VERSION, SKU, ATTRIBUTE, OUTER_ID, OPERATION_CONTRAINT, ISCS_RECEIPT_STATUS, 
    SERVICE_STATUS, PROCESS_STATUS, CREATE_USER_ID, UPDATE_USER_ID, UPDATE_TIME
  </sql>
    <select id="selectByExample" parameterType="com.wwwarehouse.xdw.datasync.dao.model.SeTaobaoRefundDOExample"
            resultMap="BaseResultMap">
        select
        <if test="distinct">
            distinct
        </if>
        <include refid="Base_Column_List"/>
        from SE_TAOBAO_REFUND
        <if test="_parameter != null">
            <include refid="Example_Where_Clause"/>
        </if>
        <if test="orderByClause != null">
            order by ${orderByClause}
        </if>
        <if test="limit != null">
            <if test="offset != null">
                OFFSET ${offset} rows fetch first ${limit} rows only
            </if>
            <if test="offset == null">
                fetch first ${limit} rows only
            </if>
        </if>
    </select>
    <select id="selectByPrimaryKey" parameterType="java.lang.Short" resultMap="BaseResultMap">
        select
        <include refid="Base_Column_List"/>
        from SE_TAOBAO_REFUND
        where REFUND_UKID = #{refundUkid,jdbcType=DECIMAL}
    </select>
    <delete id="deleteByPrimaryKey" parameterType="java.lang.Short">
    delete from SE_TAOBAO_REFUND
    where REFUND_UKID = #{refundUkid,jdbcType=DECIMAL}
  </delete>
    <delete id="deleteByExample" parameterType="com.wwwarehouse.xdw.datasync.dao.model.SeTaobaoRefundDOExample">
        delete from SE_TAOBAO_REFUND
        <if test="_parameter != null">
            <include refid="Example_Where_Clause"/>
        </if>
    </delete>
    <insert id="insert" parameterType="com.wwwarehouse.xdw.datasync.dao.model.SeTaobaoRefundDO">
    insert into SE_TAOBAO_REFUND (REFUND_UKID, REFUND_ID, SHOP_ID, 
      DOWN_TIME, SHIPPING_TYPE, ORDER_ID, 
      SUB_ORDER_ID, ALIPAY_NO, TOTAL_FEE, 
      BUYER_NICK, SELLER_NICK, REFUND_CREATE_TIME, 
      MODIFIED, ORDER_STATUS, STATUS, 
      GOOD_STATUS, HAS_GOOD_RETURN, REFUND_FEE, 
      PAYMENT, REASON, REASON_DESC, 
      TITLE, PRICE, NUM, 
      GOOD_RETURN_TIME, COMPANY_NAME, SID, 
      ADDRESS, NUM_IID, CS_STATUS, 
      ADVANCE_STATUS, SPLIT_TAOBAO_FEE, SPLIT_SELLER_FEE, 
      REMIND_TYPE, EXIST_TIMEOUT, TIMEOUT, 
      REFUND_PHASE, REFUND_VERSION, SKU, 
      ATTRIBUTE, OUTER_ID, OPERATION_CONTRAINT, 
      ISCS_RECEIPT_STATUS, SERVICE_STATUS, PROCESS_STATUS, 
      CREATE_USER_ID, UPDATE_USER_ID, UPDATE_TIME
      )
    values (#{refundUkid,jdbcType=DECIMAL}, #{refundId,jdbcType=VARCHAR}, #{shopId,jdbcType=DECIMAL}, 
      #{downTime,jdbcType=TIMESTAMP}, #{shippingType,jdbcType=VARCHAR}, #{orderId,jdbcType=VARCHAR}, 
      #{subOrderId,jdbcType=VARCHAR}, #{alipayNo,jdbcType=VARCHAR}, #{totalFee,jdbcType=DECIMAL}, 
      #{buyerNick,jdbcType=VARCHAR}, #{sellerNick,jdbcType=VARCHAR}, #{refundCreateTime,jdbcType=TIMESTAMP}, 
      #{modified,jdbcType=TIMESTAMP}, #{orderStatus,jdbcType=VARCHAR}, #{status,jdbcType=VARCHAR}, 
      #{goodStatus,jdbcType=VARCHAR}, #{hasGoodReturn,jdbcType=DECIMAL}, #{refundFee,jdbcType=DECIMAL}, 
      #{payment,jdbcType=DECIMAL}, #{reason,jdbcType=VARCHAR}, #{reasonDesc,jdbcType=VARCHAR}, 
      #{title,jdbcType=VARCHAR}, #{price,jdbcType=DECIMAL}, #{num,jdbcType=DECIMAL}, 
      #{goodReturnTime,jdbcType=TIMESTAMP}, #{companyName,jdbcType=VARCHAR}, #{sid,jdbcType=VARCHAR}, 
      #{address,jdbcType=VARCHAR}, #{numIid,jdbcType=DECIMAL}, #{csStatus,jdbcType=DECIMAL}, 
      #{advanceStatus,jdbcType=DECIMAL}, #{splitTaobaoFee,jdbcType=DECIMAL}, #{splitSellerFee,jdbcType=DECIMAL}, 
      #{remindType,jdbcType=DECIMAL}, #{existTimeout,jdbcType=DECIMAL}, #{timeout,jdbcType=TIMESTAMP}, 
      #{refundPhase,jdbcType=VARCHAR}, #{refundVersion,jdbcType=DECIMAL}, #{sku,jdbcType=VARCHAR}, 
      #{attribute,jdbcType=VARCHAR}, #{outerId,jdbcType=VARCHAR}, #{operationContraint,jdbcType=VARCHAR}, 
      #{iscsReceiptStatus,jdbcType=VARCHAR}, #{serviceStatus,jdbcType=VARCHAR}, #{processStatus,jdbcType=DECIMAL}, 
      #{createUserId,jdbcType=DECIMAL}, #{updateUserId,jdbcType=DECIMAL}, #{updateTime,jdbcType=TIMESTAMP}
      )
  </insert>
    <insert id="insertSelective" parameterType="com.wwwarehouse.xdw.datasync.dao.model.SeTaobaoRefundDO">
        insert into SE_TAOBAO_REFUND
        <trim prefix="(" suffix=")" suffixOverrides=",">
            <if test="refundUkid != null">
                REFUND_UKID,
            </if>
            <if test="refundId != null">
                REFUND_ID,
            </if>
            <if test="shopId != null">
                SHOP_ID,
            </if>
            <if test="downTime != null">
                DOWN_TIME,
            </if>
            <if test="shippingType != null">
                SHIPPING_TYPE,
            </if>
            <if test="orderId != null">
                ORDER_ID,
            </if>
            <if test="subOrderId != null">
                SUB_ORDER_ID,
            </if>
            <if test="alipayNo != null">
                ALIPAY_NO,
            </if>
            <if test="totalFee != null">
                TOTAL_FEE,
            </if>
            <if test="buyerNick != null">
                BUYER_NICK,
            </if>
            <if test="sellerNick != null">
                SELLER_NICK,
            </if>
            <if test="refundCreateTime != null">
                REFUND_CREATE_TIME,
            </if>
            <if test="modified != null">
                MODIFIED,
            </if>
            <if test="orderStatus != null">
                ORDER_STATUS,
            </if>
            <if test="status != null">
                STATUS,
            </if>
            <if test="goodStatus != null">
                GOOD_STATUS,
            </if>
            <if test="hasGoodReturn != null">
                HAS_GOOD_RETURN,
            </if>
            <if test="refundFee != null">
                REFUND_FEE,
            </if>
            <if test="payment != null">
                PAYMENT,
            </if>
            <if test="reason != null">
                REASON,
            </if>
            <if test="reasonDesc != null">
                REASON_DESC,
            </if>
            <if test="title != null">
                TITLE,
            </if>
            <if test="price != null">
                PRICE,
            </if>
            <if test="num != null">
                NUM,
            </if>
            <if test="goodReturnTime != null">
                GOOD_RETURN_TIME,
            </if>
            <if test="companyName != null">
                COMPANY_NAME,
            </if>
            <if test="sid != null">
                SID,
            </if>
            <if test="address != null">
                ADDRESS,
            </if>
            <if test="numIid != null">
                NUM_IID,
            </if>
            <if test="csStatus != null">
                CS_STATUS,
            </if>
            <if test="advanceStatus != null">
                ADVANCE_STATUS,
            </if>
            <if test="splitTaobaoFee != null">
                SPLIT_TAOBAO_FEE,
            </if>
            <if test="splitSellerFee != null">
                SPLIT_SELLER_FEE,
            </if>
            <if test="remindType != null">
                REMIND_TYPE,
            </if>
            <if test="existTimeout != null">
                EXIST_TIMEOUT,
            </if>
            <if test="timeout != null">
                TIMEOUT,
            </if>
            <if test="refundPhase != null">
                REFUND_PHASE,
            </if>
            <if test="refundVersion != null">
                REFUND_VERSION,
            </if>
            <if test="sku != null">
                SKU,
            </if>
            <if test="attribute != null">
                ATTRIBUTE,
            </if>
            <if test="outerId != null">
                OUTER_ID,
            </if>
            <if test="operationContraint != null">
                OPERATION_CONTRAINT,
            </if>
            <if test="iscsReceiptStatus != null">
                ISCS_RECEIPT_STATUS,
            </if>
            <if test="serviceStatus != null">
                SERVICE_STATUS,
            </if>
            <if test="processStatus != null">
                PROCESS_STATUS,
            </if>
            <if test="createUserId != null">
                CREATE_USER_ID,
            </if>
            <if test="updateUserId != null">
                UPDATE_USER_ID,
            </if>
            <if test="updateTime != null">
                UPDATE_TIME,
            </if>
        </trim>
        <trim prefix="values (" suffix=")" suffixOverrides=",">
            <if test="refundUkid != null">
                #{refundUkid,jdbcType=DECIMAL},
            </if>
            <if test="refundId != null">
                #{refundId,jdbcType=VARCHAR},
            </if>
            <if test="shopId != null">
                #{shopId,jdbcType=DECIMAL},
            </if>
            <if test="downTime != null">
                #{downTime,jdbcType=TIMESTAMP},
            </if>
            <if test="shippingType != null">
                #{shippingType,jdbcType=VARCHAR},
            </if>
            <if test="orderId != null">
                #{orderId,jdbcType=VARCHAR},
            </if>
            <if test="subOrderId != null">
                #{subOrderId,jdbcType=VARCHAR},
            </if>
            <if test="alipayNo != null">
                #{alipayNo,jdbcType=VARCHAR},
            </if>
            <if test="totalFee != null">
                #{totalFee,jdbcType=DECIMAL},
            </if>
            <if test="buyerNick != null">
                #{buyerNick,jdbcType=VARCHAR},
            </if>
            <if test="sellerNick != null">
                #{sellerNick,jdbcType=VARCHAR},
            </if>
            <if test="refundCreateTime != null">
                #{refundCreateTime,jdbcType=TIMESTAMP},
            </if>
            <if test="modified != null">
                #{modified,jdbcType=TIMESTAMP},
            </if>
            <if test="orderStatus != null">
                #{orderStatus,jdbcType=VARCHAR},
            </if>
            <if test="status != null">
                #{status,jdbcType=VARCHAR},
            </if>
            <if test="goodStatus != null">
                #{goodStatus,jdbcType=VARCHAR},
            </if>
            <if test="hasGoodReturn != null">
                #{hasGoodReturn,jdbcType=DECIMAL},
            </if>
            <if test="refundFee != null">
                #{refundFee,jdbcType=DECIMAL},
            </if>
            <if test="payment != null">
                #{payment,jdbcType=DECIMAL},
            </if>
            <if test="reason != null">
                #{reason,jdbcType=VARCHAR},
            </if>
            <if test="reasonDesc != null">
                #{reasonDesc,jdbcType=VARCHAR},
            </if>
            <if test="title != null">
                #{title,jdbcType=VARCHAR},
            </if>
            <if test="price != null">
                #{price,jdbcType=DECIMAL},
            </if>
            <if test="num != null">
                #{num,jdbcType=DECIMAL},
            </if>
            <if test="goodReturnTime != null">
                #{goodReturnTime,jdbcType=TIMESTAMP},
            </if>
            <if test="companyName != null">
                #{companyName,jdbcType=VARCHAR},
            </if>
            <if test="sid != null">
                #{sid,jdbcType=VARCHAR},
            </if>
            <if test="address != null">
                #{address,jdbcType=VARCHAR},
            </if>
            <if test="numIid != null">
                #{numIid,jdbcType=DECIMAL},
            </if>
            <if test="csStatus != null">
                #{csStatus,jdbcType=DECIMAL},
            </if>
            <if test="advanceStatus != null">
                #{advanceStatus,jdbcType=DECIMAL},
            </if>
            <if test="splitTaobaoFee != null">
                #{splitTaobaoFee,jdbcType=DECIMAL},
            </if>
            <if test="splitSellerFee != null">
                #{splitSellerFee,jdbcType=DECIMAL},
            </if>
            <if test="remindType != null">
                #{remindType,jdbcType=DECIMAL},
            </if>
            <if test="existTimeout != null">
                #{existTimeout,jdbcType=DECIMAL},
            </if>
            <if test="timeout != null">
                #{timeout,jdbcType=TIMESTAMP},
            </if>
            <if test="refundPhase != null">
                #{refundPhase,jdbcType=VARCHAR},
            </if>
            <if test="refundVersion != null">
                #{refundVersion,jdbcType=DECIMAL},
            </if>
            <if test="sku != null">
                #{sku,jdbcType=VARCHAR},
            </if>
            <if test="attribute != null">
                #{attribute,jdbcType=VARCHAR},
            </if>
            <if test="outerId != null">
                #{outerId,jdbcType=VARCHAR},
            </if>
            <if test="operationContraint != null">
                #{operationContraint,jdbcType=VARCHAR},
            </if>
            <if test="iscsReceiptStatus != null">
                #{iscsReceiptStatus,jdbcType=VARCHAR},
            </if>
            <if test="serviceStatus != null">
                #{serviceStatus,jdbcType=VARCHAR},
            </if>
            <if test="processStatus != null">
                #{processStatus,jdbcType=DECIMAL},
            </if>
            <if test="createUserId != null">
                #{createUserId,jdbcType=DECIMAL},
            </if>
            <if test="updateUserId != null">
                #{updateUserId,jdbcType=DECIMAL},
            </if>
            <if test="updateTime != null">
                #{updateTime,jdbcType=TIMESTAMP},
            </if>
        </trim>
    </insert>
    <select id="countByExample" parameterType="com.wwwarehouse.xdw.datasync.dao.model.SeTaobaoRefundDOExample"
            resultType="java.lang.Long">
        select count(*) from SE_TAOBAO_REFUND
        <if test="_parameter != null">
            <include refid="Example_Where_Clause"/>
        </if>
    </select>
    <update id="updateByExampleSelective" parameterType="map">
        update SE_TAOBAO_REFUND
        <set>
            <if test="record.refundUkid != null">
                REFUND_UKID = #{record.refundUkid,jdbcType=DECIMAL},
            </if>
            <if test="record.refundId != null">
                REFUND_ID = #{record.refundId,jdbcType=VARCHAR},
            </if>
            <if test="record.shopId != null">
                SHOP_ID = #{record.shopId,jdbcType=DECIMAL},
            </if>
            <if test="record.downTime != null">
                DOWN_TIME = #{record.downTime,jdbcType=TIMESTAMP},
            </if>
            <if test="record.shippingType != null">
                SHIPPING_TYPE = #{record.shippingType,jdbcType=VARCHAR},
            </if>
            <if test="record.orderId != null">
                ORDER_ID = #{record.orderId,jdbcType=VARCHAR},
            </if>
            <if test="record.subOrderId != null">
                SUB_ORDER_ID = #{record.subOrderId,jdbcType=VARCHAR},
            </if>
            <if test="record.alipayNo != null">
                ALIPAY_NO = #{record.alipayNo,jdbcType=VARCHAR},
            </if>
            <if test="record.totalFee != null">
                TOTAL_FEE = #{record.totalFee,jdbcType=DECIMAL},
            </if>
            <if test="record.buyerNick != null">
                BUYER_NICK = #{record.buyerNick,jdbcType=VARCHAR},
            </if>
            <if test="record.sellerNick != null">
                SELLER_NICK = #{record.sellerNick,jdbcType=VARCHAR},
            </if>
            <if test="record.refundCreateTime != null">
                REFUND_CREATE_TIME = #{record.refundCreateTime,jdbcType=TIMESTAMP},
            </if>
            <if test="record.modified != null">
                MODIFIED = #{record.modified,jdbcType=TIMESTAMP},
            </if>
            <if test="record.orderStatus != null">
                ORDER_STATUS = #{record.orderStatus,jdbcType=VARCHAR},
            </if>
            <if test="record.status != null">
                STATUS = #{record.status,jdbcType=VARCHAR},
            </if>
            <if test="record.goodStatus != null">
                GOOD_STATUS = #{record.goodStatus,jdbcType=VARCHAR},
            </if>
            <if test="record.hasGoodReturn != null">
                HAS_GOOD_RETURN = #{record.hasGoodReturn,jdbcType=DECIMAL},
            </if>
            <if test="record.refundFee != null">
                REFUND_FEE = #{record.refundFee,jdbcType=DECIMAL},
            </if>
            <if test="record.payment != null">
                PAYMENT = #{record.payment,jdbcType=DECIMAL},
            </if>
            <if test="record.reason != null">
                REASON = #{record.reason,jdbcType=VARCHAR},
            </if>
            <if test="record.reasonDesc != null">
                REASON_DESC = #{record.reasonDesc,jdbcType=VARCHAR},
            </if>
            <if test="record.title != null">
                TITLE = #{record.title,jdbcType=VARCHAR},
            </if>
            <if test="record.price != null">
                PRICE = #{record.price,jdbcType=DECIMAL},
            </if>
            <if test="record.num != null">
                NUM = #{record.num,jdbcType=DECIMAL},
            </if>
            <if test="record.goodReturnTime != null">
                GOOD_RETURN_TIME = #{record.goodReturnTime,jdbcType=TIMESTAMP},
            </if>
            <if test="record.companyName != null">
                COMPANY_NAME = #{record.companyName,jdbcType=VARCHAR},
            </if>
            <if test="record.sid != null">
                SID = #{record.sid,jdbcType=VARCHAR},
            </if>
            <if test="record.address != null">
                ADDRESS = #{record.address,jdbcType=VARCHAR},
            </if>
            <if test="record.numIid != null">
                NUM_IID = #{record.numIid,jdbcType=DECIMAL},
            </if>
            <if test="record.csStatus != null">
                CS_STATUS = #{record.csStatus,jdbcType=DECIMAL},
            </if>
            <if test="record.advanceStatus != null">
                ADVANCE_STATUS = #{record.advanceStatus,jdbcType=DECIMAL},
            </if>
            <if test="record.splitTaobaoFee != null">
                SPLIT_TAOBAO_FEE = #{record.splitTaobaoFee,jdbcType=DECIMAL},
            </if>
            <if test="record.splitSellerFee != null">
                SPLIT_SELLER_FEE = #{record.splitSellerFee,jdbcType=DECIMAL},
            </if>
            <if test="record.remindType != null">
                REMIND_TYPE = #{record.remindType,jdbcType=DECIMAL},
            </if>
            <if test="record.existTimeout != null">
                EXIST_TIMEOUT = #{record.existTimeout,jdbcType=DECIMAL},
            </if>
            <if test="record.timeout != null">
                TIMEOUT = #{record.timeout,jdbcType=TIMESTAMP},
            </if>
            <if test="record.refundPhase != null">
                REFUND_PHASE = #{record.refundPhase,jdbcType=VARCHAR},
            </if>
            <if test="record.refundVersion != null">
                REFUND_VERSION = #{record.refundVersion,jdbcType=DECIMAL},
            </if>
            <if test="record.sku != null">
                SKU = #{record.sku,jdbcType=VARCHAR},
            </if>
            <if test="record.attribute != null">
                ATTRIBUTE = #{record.attribute,jdbcType=VARCHAR},
            </if>
            <if test="record.outerId != null">
                OUTER_ID = #{record.outerId,jdbcType=VARCHAR},
            </if>
            <if test="record.operationContraint != null">
                OPERATION_CONTRAINT = #{record.operationContraint,jdbcType=VARCHAR},
            </if>
            <if test="record.iscsReceiptStatus != null">
                ISCS_RECEIPT_STATUS = #{record.iscsReceiptStatus,jdbcType=VARCHAR},
            </if>
            <if test="record.serviceStatus != null">
                SERVICE_STATUS = #{record.serviceStatus,jdbcType=VARCHAR},
            </if>
            <if test="record.processStatus != null">
                PROCESS_STATUS = #{record.processStatus,jdbcType=DECIMAL},
            </if>
            <if test="record.createUserId != null">
                CREATE_USER_ID = #{record.createUserId,jdbcType=DECIMAL},
            </if>
            <if test="record.updateUserId != null">
                UPDATE_USER_ID = #{record.updateUserId,jdbcType=DECIMAL},
            </if>
            <if test="record.updateTime != null">
                UPDATE_TIME = #{record.updateTime,jdbcType=TIMESTAMP},
            </if>
        </set>
        <if test="_parameter != null">
            <include refid="Update_By_Example_Where_Clause"/>
        </if>
    </update>
    <update id="updateByExample" parameterType="map">
        update SE_TAOBAO_REFUND
        set REFUND_UKID = #{record.refundUkid,jdbcType=DECIMAL},
        REFUND_ID = #{record.refundId,jdbcType=VARCHAR},
        SHOP_ID = #{record.shopId,jdbcType=DECIMAL},
        DOWN_TIME = #{record.downTime,jdbcType=TIMESTAMP},
        SHIPPING_TYPE = #{record.shippingType,jdbcType=VARCHAR},
        ORDER_ID = #{record.orderId,jdbcType=VARCHAR},
        SUB_ORDER_ID = #{record.subOrderId,jdbcType=VARCHAR},
        ALIPAY_NO = #{record.alipayNo,jdbcType=VARCHAR},
        TOTAL_FEE = #{record.totalFee,jdbcType=DECIMAL},
        BUYER_NICK = #{record.buyerNick,jdbcType=VARCHAR},
        SELLER_NICK = #{record.sellerNick,jdbcType=VARCHAR},
        REFUND_CREATE_TIME = #{record.refundCreateTime,jdbcType=TIMESTAMP},
        MODIFIED = #{record.modified,jdbcType=TIMESTAMP},
        ORDER_STATUS = #{record.orderStatus,jdbcType=VARCHAR},
        STATUS = #{record.status,jdbcType=VARCHAR},
        GOOD_STATUS = #{record.goodStatus,jdbcType=VARCHAR},
        HAS_GOOD_RETURN = #{record.hasGoodReturn,jdbcType=DECIMAL},
        REFUND_FEE = #{record.refundFee,jdbcType=DECIMAL},
        PAYMENT = #{record.payment,jdbcType=DECIMAL},
        REASON = #{record.reason,jdbcType=VARCHAR},
        REASON_DESC = #{record.reasonDesc,jdbcType=VARCHAR},
        TITLE = #{record.title,jdbcType=VARCHAR},
        PRICE = #{record.price,jdbcType=DECIMAL},
        NUM = #{record.num,jdbcType=DECIMAL},
        GOOD_RETURN_TIME = #{record.goodReturnTime,jdbcType=TIMESTAMP},
        COMPANY_NAME = #{record.companyName,jdbcType=VARCHAR},
        SID = #{record.sid,jdbcType=VARCHAR},
        ADDRESS = #{record.address,jdbcType=VARCHAR},
        NUM_IID = #{record.numIid,jdbcType=DECIMAL},
        CS_STATUS = #{record.csStatus,jdbcType=DECIMAL},
        ADVANCE_STATUS = #{record.advanceStatus,jdbcType=DECIMAL},
        SPLIT_TAOBAO_FEE = #{record.splitTaobaoFee,jdbcType=DECIMAL},
        SPLIT_SELLER_FEE = #{record.splitSellerFee,jdbcType=DECIMAL},
        REMIND_TYPE = #{record.remindType,jdbcType=DECIMAL},
        EXIST_TIMEOUT = #{record.existTimeout,jdbcType=DECIMAL},
        TIMEOUT = #{record.timeout,jdbcType=TIMESTAMP},
        REFUND_PHASE = #{record.refundPhase,jdbcType=VARCHAR},
        REFUND_VERSION = #{record.refundVersion,jdbcType=DECIMAL},
        SKU = #{record.sku,jdbcType=VARCHAR},
        ATTRIBUTE = #{record.attribute,jdbcType=VARCHAR},
        OUTER_ID = #{record.outerId,jdbcType=VARCHAR},
        OPERATION_CONTRAINT = #{record.operationContraint,jdbcType=VARCHAR},
        ISCS_RECEIPT_STATUS = #{record.iscsReceiptStatus,jdbcType=VARCHAR},
        SERVICE_STATUS = #{record.serviceStatus,jdbcType=VARCHAR},
        PROCESS_STATUS = #{record.processStatus,jdbcType=DECIMAL},
        CREATE_USER_ID = #{record.createUserId,jdbcType=DECIMAL},
        UPDATE_USER_ID = #{record.updateUserId,jdbcType=DECIMAL},
        UPDATE_TIME = #{record.updateTime,jdbcType=TIMESTAMP}
        <if test="_parameter != null">
            <include refid="Update_By_Example_Where_Clause"/>
        </if>
    </update>
    <update id="updateByPrimaryKeySelective" parameterType="com.wwwarehouse.xdw.datasync.dao.model.SeTaobaoRefundDO">
        update SE_TAOBAO_REFUND
        <set>
            <if test="refundId != null">
                REFUND_ID = #{refundId,jdbcType=VARCHAR},
            </if>
            <if test="shopId != null">
                SHOP_ID = #{shopId,jdbcType=DECIMAL},
            </if>
            <if test="downTime != null">
                DOWN_TIME = #{downTime,jdbcType=TIMESTAMP},
            </if>
            <if test="shippingType != null">
                SHIPPING_TYPE = #{shippingType,jdbcType=VARCHAR},
            </if>
            <if test="orderId != null">
                ORDER_ID = #{orderId,jdbcType=VARCHAR},
            </if>
            <if test="subOrderId != null">
                SUB_ORDER_ID = #{subOrderId,jdbcType=VARCHAR},
            </if>
            <if test="alipayNo != null">
                ALIPAY_NO = #{alipayNo,jdbcType=VARCHAR},
            </if>
            <if test="totalFee != null">
                TOTAL_FEE = #{totalFee,jdbcType=DECIMAL},
            </if>
            <if test="buyerNick != null">
                BUYER_NICK = #{buyerNick,jdbcType=VARCHAR},
            </if>
            <if test="sellerNick != null">
                SELLER_NICK = #{sellerNick,jdbcType=VARCHAR},
            </if>
            <if test="refundCreateTime != null">
                REFUND_CREATE_TIME = #{refundCreateTime,jdbcType=TIMESTAMP},
            </if>
            <if test="modified != null">
                MODIFIED = #{modified,jdbcType=TIMESTAMP},
            </if>
            <if test="orderStatus != null">
                ORDER_STATUS = #{orderStatus,jdbcType=VARCHAR},
            </if>
            <if test="status != null">
                STATUS = #{status,jdbcType=VARCHAR},
            </if>
            <if test="goodStatus != null">
                GOOD_STATUS = #{goodStatus,jdbcType=VARCHAR},
            </if>
            <if test="hasGoodReturn != null">
                HAS_GOOD_RETURN = #{hasGoodReturn,jdbcType=DECIMAL},
            </if>
            <if test="refundFee != null">
                REFUND_FEE = #{refundFee,jdbcType=DECIMAL},
            </if>
            <if test="payment != null">
                PAYMENT = #{payment,jdbcType=DECIMAL},
            </if>
            <if test="reason != null">
                REASON = #{reason,jdbcType=VARCHAR},
            </if>
            <if test="reasonDesc != null">
                REASON_DESC = #{reasonDesc,jdbcType=VARCHAR},
            </if>
            <if test="title != null">
                TITLE = #{title,jdbcType=VARCHAR},
            </if>
            <if test="price != null">
                PRICE = #{price,jdbcType=DECIMAL},
            </if>
            <if test="num != null">
                NUM = #{num,jdbcType=DECIMAL},
            </if>
            <if test="goodReturnTime != null">
                GOOD_RETURN_TIME = #{goodReturnTime,jdbcType=TIMESTAMP},
            </if>
            <if test="companyName != null">
                COMPANY_NAME = #{companyName,jdbcType=VARCHAR},
            </if>
            <if test="sid != null">
                SID = #{sid,jdbcType=VARCHAR},
            </if>
            <if test="address != null">
                ADDRESS = #{address,jdbcType=VARCHAR},
            </if>
            <if test="numIid != null">
                NUM_IID = #{numIid,jdbcType=DECIMAL},
            </if>
            <if test="csStatus != null">
                CS_STATUS = #{csStatus,jdbcType=DECIMAL},
            </if>
            <if test="advanceStatus != null">
                ADVANCE_STATUS = #{advanceStatus,jdbcType=DECIMAL},
            </if>
            <if test="splitTaobaoFee != null">
                SPLIT_TAOBAO_FEE = #{splitTaobaoFee,jdbcType=DECIMAL},
            </if>
            <if test="splitSellerFee != null">
                SPLIT_SELLER_FEE = #{splitSellerFee,jdbcType=DECIMAL},
            </if>
            <if test="remindType != null">
                REMIND_TYPE = #{remindType,jdbcType=DECIMAL},
            </if>
            <if test="existTimeout != null">
                EXIST_TIMEOUT = #{existTimeout,jdbcType=DECIMAL},
            </if>
            <if test="timeout != null">
                TIMEOUT = #{timeout,jdbcType=TIMESTAMP},
            </if>
            <if test="refundPhase != null">
                REFUND_PHASE = #{refundPhase,jdbcType=VARCHAR},
            </if>
            <if test="refundVersion != null">
                REFUND_VERSION = #{refundVersion,jdbcType=DECIMAL},
            </if>
            <if test="sku != null">
                SKU = #{sku,jdbcType=VARCHAR},
            </if>
            <if test="attribute != null">
                ATTRIBUTE = #{attribute,jdbcType=VARCHAR},
            </if>
            <if test="outerId != null">
                OUTER_ID = #{outerId,jdbcType=VARCHAR},
            </if>
            <if test="operationContraint != null">
                OPERATION_CONTRAINT = #{operationContraint,jdbcType=VARCHAR},
            </if>
            <if test="iscsReceiptStatus != null">
                ISCS_RECEIPT_STATUS = #{iscsReceiptStatus,jdbcType=VARCHAR},
            </if>
            <if test="serviceStatus != null">
                SERVICE_STATUS = #{serviceStatus,jdbcType=VARCHAR},
            </if>
            <if test="processStatus != null">
                PROCESS_STATUS = #{processStatus,jdbcType=DECIMAL},
            </if>
            <if test="createUserId != null">
                CREATE_USER_ID = #{createUserId,jdbcType=DECIMAL},
            </if>
            <if test="updateUserId != null">
                UPDATE_USER_ID = #{updateUserId,jdbcType=DECIMAL},
            </if>
            <if test="updateTime != null">
                UPDATE_TIME = #{updateTime,jdbcType=TIMESTAMP},
            </if>
        </set>
        where REFUND_UKID = #{refundUkid,jdbcType=DECIMAL}
    </update>
    <update id="updateByPrimaryKey" parameterType="com.wwwarehouse.xdw.datasync.dao.model.SeTaobaoRefundDO">
    update SE_TAOBAO_REFUND
    set REFUND_ID = #{refundId,jdbcType=VARCHAR},
      SHOP_ID = #{shopId,jdbcType=DECIMAL},
      DOWN_TIME = #{downTime,jdbcType=TIMESTAMP},
      SHIPPING_TYPE = #{shippingType,jdbcType=VARCHAR},
      ORDER_ID = #{orderId,jdbcType=VARCHAR},
      SUB_ORDER_ID = #{subOrderId,jdbcType=VARCHAR},
      ALIPAY_NO = #{alipayNo,jdbcType=VARCHAR},
      TOTAL_FEE = #{totalFee,jdbcType=DECIMAL},
      BUYER_NICK = #{buyerNick,jdbcType=VARCHAR},
      SELLER_NICK = #{sellerNick,jdbcType=VARCHAR},
      REFUND_CREATE_TIME = #{refundCreateTime,jdbcType=TIMESTAMP},
      MODIFIED = #{modified,jdbcType=TIMESTAMP},
      ORDER_STATUS = #{orderStatus,jdbcType=VARCHAR},
      STATUS = #{status,jdbcType=VARCHAR},
      GOOD_STATUS = #{goodStatus,jdbcType=VARCHAR},
      HAS_GOOD_RETURN = #{hasGoodReturn,jdbcType=DECIMAL},
      REFUND_FEE = #{refundFee,jdbcType=DECIMAL},
      PAYMENT = #{payment,jdbcType=DECIMAL},
      REASON = #{reason,jdbcType=VARCHAR},
      REASON_DESC = #{reasonDesc,jdbcType=VARCHAR},
      TITLE = #{title,jdbcType=VARCHAR},
      PRICE = #{price,jdbcType=DECIMAL},
      NUM = #{num,jdbcType=DECIMAL},
      GOOD_RETURN_TIME = #{goodReturnTime,jdbcType=TIMESTAMP},
      COMPANY_NAME = #{companyName,jdbcType=VARCHAR},
      SID = #{sid,jdbcType=VARCHAR},
      ADDRESS = #{address,jdbcType=VARCHAR},
      NUM_IID = #{numIid,jdbcType=DECIMAL},
      CS_STATUS = #{csStatus,jdbcType=DECIMAL},
      ADVANCE_STATUS = #{advanceStatus,jdbcType=DECIMAL},
      SPLIT_TAOBAO_FEE = #{splitTaobaoFee,jdbcType=DECIMAL},
      SPLIT_SELLER_FEE = #{splitSellerFee,jdbcType=DECIMAL},
      REMIND_TYPE = #{remindType,jdbcType=DECIMAL},
      EXIST_TIMEOUT = #{existTimeout,jdbcType=DECIMAL},
      TIMEOUT = #{timeout,jdbcType=TIMESTAMP},
      REFUND_PHASE = #{refundPhase,jdbcType=VARCHAR},
      REFUND_VERSION = #{refundVersion,jdbcType=DECIMAL},
      SKU = #{sku,jdbcType=VARCHAR},
      ATTRIBUTE = #{attribute,jdbcType=VARCHAR},
      OUTER_ID = #{outerId,jdbcType=VARCHAR},
      OPERATION_CONTRAINT = #{operationContraint,jdbcType=VARCHAR},
      ISCS_RECEIPT_STATUS = #{iscsReceiptStatus,jdbcType=VARCHAR},
      SERVICE_STATUS = #{serviceStatus,jdbcType=VARCHAR},
      PROCESS_STATUS = #{processStatus,jdbcType=DECIMAL},
      CREATE_USER_ID = #{createUserId,jdbcType=DECIMAL},
      UPDATE_USER_ID = #{updateUserId,jdbcType=DECIMAL},
      UPDATE_TIME = #{updateTime,jdbcType=TIMESTAMP}
    where REFUND_UKID = #{refundUkid,jdbcType=DECIMAL}
  </update>
    <select id="getRefund" resultMap="BaseResultMap">
        select
        <include refid="Base_Column_List"/>
        from SE_TAOBAO_REFUND u
        where u.refund_id = #{refundId,jdbcType=VARCHAR}
        <if test="sku != null">and u.sku=#{sku,jdbcType=VARCHAR}</if>
    </select>
    <update id="updatePlatfromStatus" parameterType="com.wwwarehouse.xdw.datasync.dao.model.SeTaobaoRefundDO">
    update SE_TAOBAO_REFUND
		set update_time=sysdate,
			status=#{status,jdbcType=VARCHAR},
			good_status=#{goodStatus,jdbcType=VARCHAR},
			refund_fee=#{refundFee,jdbcType=DECIMAL},
			reason=#{reason,jdbcType=VARCHAR},
			company_name=#{companyName,jdbcType=VARCHAR},
			sid=#{sid,jdbcType=VARCHAR},
			reason_desc=#{reasonDesc,jdbcType=VARCHAR}
		where refund_ukid=#{refundUkid,jdbcType=DECIMAL}
  </update>
    <update id="updateProcessStatus" parameterType="com.wwwarehouse.xdw.datasync.dao.model.SeTaobaoRefundDO">
    update SE_TAOBAO_REFUND
        set update_time=sysdate,
            status=#{status,jdbcType=VARCHAR},
            process_status=#{processStatus,jdbcType=DECIMAL},
            good_status=#{goodStatus,jdbcType=VARCHAR},
            refund_fee=#{refundFee,jdbcType=DECIMAL},
            reason=#{reason,jdbcType=VARCHAR},
           company_name=#{companyName,jdbcType=VARCHAR},
            id=#{sid,jdbcType=VARCHAR},
             reason_desc=#{reasonDesc,jdbcType=VARCHAR}
        where refund_ukid=#{refundUkid,jdbcType=DECIMAL}
  </update>
    <cache/>
</mapper>