<?xml version="1.0" encoding="UTF-8"?>
<!DOCTYPE mapper PUBLIC "-//mybatis.org//DTD Mapper 3.0//EN" "http://mybatis.org/dtd/mybatis-3-mapper.dtd">
<mapper namespace="com.wwwarehouse.xdw.datasync.dao.mapper.SeTaobaoItemDOMapper">
  <resultMap id="BaseResultMap" type="com.wwwarehouse.xdw.datasync.dao.model.SeTaobaoItemDO">
    <id column="ITEM_UKID" jdbcType="DECIMAL" property="itemUkid" />
    <result column="TRADE_UKID" jdbcType="DECIMAL" property="tradeUkid" />
    <result column="ORIGIN_ORDER_STATUS" jdbcType="DECIMAL" property="originOrderStatus" />
    <result column="SHOP_PRODUCT_UKID" jdbcType="DECIMAL" property="shopProductUkid" />
    <result column="PRODUCT_CODE_UKID" jdbcType="DECIMAL" property="productCodeUkid" />
    <result column="PRODUCT_CODE" jdbcType="VARCHAR" property="productCode" />
    <result column="PRESALE_DATE" jdbcType="TIMESTAMP" property="presaleDate" />
    <result column="DOWN_TIME" jdbcType="TIMESTAMP" property="downTime" />
    <result column="UPDATE_TIME" jdbcType="TIMESTAMP" property="updateTime" />
    <result column="WORKSPACE_ID" jdbcType="VARCHAR" property="workspaceId" />
    <result column="ITEM_MEAL_NAME" jdbcType="VARCHAR" property="itemMealName" />
    <result column="PIC_PATH" jdbcType="VARCHAR" property="picPath" />
    <result column="SELLER_NICK" jdbcType="VARCHAR" property="sellerNick" />
    <result column="BUYER_NICK" jdbcType="VARCHAR" property="buyerNick" />
    <result column="REFUND_STATUS" jdbcType="VARCHAR" property="refundStatus" />
    <result column="PRODUCT_OUTER_ID" jdbcType="VARCHAR" property="productOuterId" />
    <result column="SNAPSHOT_URL" jdbcType="VARCHAR" property="snapshotUrl" />
    <result column="SNAPSHOT" jdbcType="VARCHAR" property="snapshot" />
    <result column="TIMEOUT_ACTION_TIME" jdbcType="TIMESTAMP" property="timeoutActionTime" />
    <result column="BUYER_RATE" jdbcType="DECIMAL" property="buyerRate" />
    <result column="SELLER_RATE" jdbcType="DECIMAL" property="sellerRate" />
    <result column="SELLER_TYPE" jdbcType="VARCHAR" property="sellerType" />
    <result column="CID" jdbcType="DECIMAL" property="cid" />
    <result column="SUB_ORDER_TAX_FEE" jdbcType="DECIMAL" property="subOrderTaxFee" />
    <result column="SUB_ORDER_TAX_RATE" jdbcType="DECIMAL" property="subOrderTaxRate" />
    <result column="SUB_ORDER_ID" jdbcType="DECIMAL" property="subOrderId" />
    <result column="SUB_ORDER_STATUS" jdbcType="VARCHAR" property="subOrderStatus" />
    <result column="PRODUCT_NAME" jdbcType="VARCHAR" property="productName" />
    <result column="TYPE" jdbcType="VARCHAR" property="type" />
    <result column="IID" jdbcType="VARCHAR" property="iid" />
    <result column="PRICE" jdbcType="DECIMAL" property="price" />
    <result column="PRODUCT_NUM_ID" jdbcType="DECIMAL" property="productNumId" />
    <result column="ITEM_MEAL_ID" jdbcType="DECIMAL" property="itemMealId" />
    <result column="SKU_NUM_ID" jdbcType="VARCHAR" property="skuNumId" />
    <result column="QTY" jdbcType="DECIMAL" property="qty" />
    <result column="SKU_OUTER_ID" jdbcType="VARCHAR" property="skuOuterId" />
    <result column="ORDER_FROM" jdbcType="VARCHAR" property="orderFrom" />
    <result column="TOTAL_FEE" jdbcType="DECIMAL" property="totalFee" />
    <result column="PAYMENT" jdbcType="DECIMAL" property="payment" />
    <result column="DISCOUNT_FEE" jdbcType="DECIMAL" property="discountFee" />
    <result column="ADJUST_FEE" jdbcType="DECIMAL" property="adjustFee" />
    <result column="MODIFIED" jdbcType="TIMESTAMP" property="modified" />
    <result column="SKU_PROPERTIES_NAME" jdbcType="VARCHAR" property="skuPropertiesName" />
    <result column="REFUND_ID" jdbcType="DECIMAL" property="refundId" />
    <result column="IS_OVERSOLD" jdbcType="DECIMAL" property="isOversold" />
    <result column="IS_SERVICE_ORDER" jdbcType="DECIMAL" property="isServiceOrder" />
    <result column="END_TIME" jdbcType="TIMESTAMP" property="endTime" />
    <result column="CONSIGN_TIME" jdbcType="TIMESTAMP" property="consignTime" />
    <result column="SHIPPING_TYPE" jdbcType="VARCHAR" property="shippingType" />
    <result column="BIND_OID" jdbcType="DECIMAL" property="bindOid" />
    <result column="LOGISTICS_COMPANY" jdbcType="VARCHAR" property="logisticsCompany" />
    <result column="INVOICE_NO" jdbcType="VARCHAR" property="invoiceNo" />
    <result column="IS_DAIXIAO" jdbcType="DECIMAL" property="isDaixiao" />
    <result column="DIVIDE_ORDER_FEE" jdbcType="DECIMAL" property="divideOrderFee" />
    <result column="PART_MJZ_DISCOUNT" jdbcType="DECIMAL" property="partMjzDiscount" />
    <result column="TICKET_OUTER_ID" jdbcType="VARCHAR" property="ticketOuterId" />
    <result column="TICKET_EXPDATE_KEY" jdbcType="VARCHAR" property="ticketExpdateKey" />
    <result column="STORE_CODE" jdbcType="VARCHAR" property="storeCode" />
    <result column="IS_WWW" jdbcType="DECIMAL" property="isWww" />
    <result column="TMSER_SPU_CODE" jdbcType="VARCHAR" property="tmserSpuCode" />
    <result column="BIND_OIDS" jdbcType="VARCHAR" property="bindOids" />
    <result column="ZHENGJI_STATUS" jdbcType="DECIMAL" property="zhengjiStatus" />
    <result column="MD_QUALIFICATION" jdbcType="VARCHAR" property="mdQualification" />
    <result column="MD_FEE" jdbcType="DECIMAL" property="mdFee" />
    <result column="CUSTOMIZATION" jdbcType="VARCHAR" property="customization" />
    <result column="UPDATE_USER_ID" jdbcType="DECIMAL" property="updateUserId" />
  </resultMap>
  <sql id="Example_Where_Clause">
    <where>
      <foreach collection="oredCriteria" item="criteria" separator="or">
        <if test="criteria.valid">
          <trim prefix="(" prefixOverrides="and" suffix=")">
            <foreach collection="criteria.criteria" item="criterion">
              <choose>
                <when test="criterion.noValue">
                  and ${criterion.condition}
                </when>
                <when test="criterion.singleValue">
                  and ${criterion.condition} #{criterion.value}
                </when>
                <when test="criterion.betweenValue">
                  and ${criterion.condition} #{criterion.value} and #{criterion.secondValue}
                </when>
                <when test="criterion.listValue">
                  and ${criterion.condition}
                  <foreach close=")" collection="criterion.value" item="listItem" open="(" separator=",">
                    #{listItem}
                  </foreach>
                </when>
              </choose>
            </foreach>
          </trim>
        </if>
      </foreach>
    </where>
  </sql>
  <sql id="Update_By_Example_Where_Clause">
    <where>
      <foreach collection="example.oredCriteria" item="criteria" separator="or">
        <if test="criteria.valid">
          <trim prefix="(" prefixOverrides="and" suffix=")">
            <foreach collection="criteria.criteria" item="criterion">
              <choose>
                <when test="criterion.noValue">
                  and ${criterion.condition}
                </when>
                <when test="criterion.singleValue">
                  and ${criterion.condition} #{criterion.value}
                </when>
                <when test="criterion.betweenValue">
                  and ${criterion.condition} #{criterion.value} and #{criterion.secondValue}
                </when>
                <when test="criterion.listValue">
                  and ${criterion.condition}
                  <foreach close=")" collection="criterion.value" item="listItem" open="(" separator=",">
                    #{listItem}
                  </foreach>
                </when>
              </choose>
            </foreach>
          </trim>
        </if>
      </foreach>
    </where>
  </sql>
  <sql id="Base_Column_List">
    ITEM_UKID, TRADE_UKID, ORIGIN_ORDER_STATUS, SHOP_PRODUCT_UKID, PRODUCT_CODE_UKID, 
    PRODUCT_CODE, PRESALE_DATE, DOWN_TIME, UPDATE_TIME, WORKSPACE_ID, ITEM_MEAL_NAME, 
    PIC_PATH, SELLER_NICK, BUYER_NICK, REFUND_STATUS, PRODUCT_OUTER_ID, SNAPSHOT_URL, 
    SNAPSHOT, TIMEOUT_ACTION_TIME, BUYER_RATE, SELLER_RATE, SELLER_TYPE, CID, SUB_ORDER_TAX_FEE, 
    SUB_ORDER_TAX_RATE, SUB_ORDER_ID, SUB_ORDER_STATUS, PRODUCT_NAME, TYPE, IID, PRICE, 
    PRODUCT_NUM_ID, ITEM_MEAL_ID, SKU_NUM_ID, QTY, SKU_OUTER_ID, ORDER_FROM, TOTAL_FEE, 
    PAYMENT, DISCOUNT_FEE, ADJUST_FEE, MODIFIED, SKU_PROPERTIES_NAME, REFUND_ID, IS_OVERSOLD, 
    IS_SERVICE_ORDER, END_TIME, CONSIGN_TIME, SHIPPING_TYPE, BIND_OID, LOGISTICS_COMPANY, 
    INVOICE_NO, IS_DAIXIAO, DIVIDE_ORDER_FEE, PART_MJZ_DISCOUNT, TICKET_OUTER_ID, TICKET_EXPDATE_KEY, 
    STORE_CODE, IS_WWW, TMSER_SPU_CODE, BIND_OIDS, ZHENGJI_STATUS, MD_QUALIFICATION, 
    MD_FEE, CUSTOMIZATION, UPDATE_USER_ID
  </sql>
  <select id="selectByExample" parameterType="com.wwwarehouse.xdw.datasync.dao.model.SeTaobaoItemDOExample" resultMap="BaseResultMap">
    select
    <if test="distinct">
      distinct
    </if>
    <include refid="Base_Column_List" />
    from SE_TAOBAO_ITEM
    <if test="_parameter != null">
      <include refid="Example_Where_Clause" />
    </if>
    <if test="orderByClause != null">
      order by ${orderByClause}
    </if>
    <if test="limit != null">
      <if test="offset != null">
        OFFSET ${offset} rows fetch first ${limit} rows only
      </if>
      <if test="offset == null">
        fetch first ${limit} rows only
      </if>
    </if>
  </select>
  <select id="selectByPrimaryKey" parameterType="java.lang.Short" resultMap="BaseResultMap">
    select 
    <include refid="Base_Column_List" />
    from SE_TAOBAO_ITEM
    where ITEM_UKID = #{itemUkid,jdbcType=DECIMAL}
  </select>
  <delete id="deleteByPrimaryKey" parameterType="java.lang.Short">
    delete from SE_TAOBAO_ITEM
    where ITEM_UKID = #{itemUkid,jdbcType=DECIMAL}
  </delete>
  <delete id="deleteByExample" parameterType="com.wwwarehouse.xdw.datasync.dao.model.SeTaobaoItemDOExample">
    delete from SE_TAOBAO_ITEM
    <if test="_parameter != null">
      <include refid="Example_Where_Clause" />
    </if>
  </delete>
  <insert id="insert" parameterType="com.wwwarehouse.xdw.datasync.dao.model.SeTaobaoItemDO">
    insert into SE_TAOBAO_ITEM (ITEM_UKID, TRADE_UKID, ORIGIN_ORDER_STATUS, 
      SHOP_PRODUCT_UKID, PRODUCT_CODE_UKID, PRODUCT_CODE, 
      PRESALE_DATE, DOWN_TIME, UPDATE_TIME, 
      WORKSPACE_ID, ITEM_MEAL_NAME, PIC_PATH, 
      SELLER_NICK, BUYER_NICK, REFUND_STATUS, 
      PRODUCT_OUTER_ID, SNAPSHOT_URL, SNAPSHOT, 
      TIMEOUT_ACTION_TIME, BUYER_RATE, SELLER_RATE, 
      SELLER_TYPE, CID, SUB_ORDER_TAX_FEE, 
      SUB_ORDER_TAX_RATE, SUB_ORDER_ID, SUB_ORDER_STATUS, 
      PRODUCT_NAME, TYPE, IID, 
      PRICE, PRODUCT_NUM_ID, ITEM_MEAL_ID, 
      SKU_NUM_ID, QTY, SKU_OUTER_ID, 
      ORDER_FROM, TOTAL_FEE, PAYMENT, 
      DISCOUNT_FEE, ADJUST_FEE, MODIFIED, 
      SKU_PROPERTIES_NAME, REFUND_ID, IS_OVERSOLD, 
      IS_SERVICE_ORDER, END_TIME, CONSIGN_TIME, 
      SHIPPING_TYPE, BIND_OID, LOGISTICS_COMPANY, 
      INVOICE_NO, IS_DAIXIAO, DIVIDE_ORDER_FEE, 
      PART_MJZ_DISCOUNT, TICKET_OUTER_ID, TICKET_EXPDATE_KEY, 
      STORE_CODE, IS_WWW, TMSER_SPU_CODE, 
      BIND_OIDS, ZHENGJI_STATUS, MD_QUALIFICATION, 
      MD_FEE, CUSTOMIZATION, UPDATE_USER_ID
      )
    values (#{itemUkid,jdbcType=DECIMAL}, #{tradeUkid,jdbcType=DECIMAL}, #{originOrderStatus,jdbcType=DECIMAL}, 
      #{shopProductUkid,jdbcType=DECIMAL}, #{productCodeUkid,jdbcType=DECIMAL}, #{productCode,jdbcType=VARCHAR}, 
      #{presaleDate,jdbcType=TIMESTAMP}, sysdate, sysdate,
      #{workspaceId,jdbcType=VARCHAR}, #{itemMealName,jdbcType=VARCHAR}, #{picPath,jdbcType=VARCHAR}, 
      #{sellerNick,jdbcType=VARCHAR}, #{buyerNick,jdbcType=VARCHAR}, #{refundStatus,jdbcType=VARCHAR}, 
      #{productOuterId,jdbcType=VARCHAR}, #{snapshotUrl,jdbcType=VARCHAR}, #{snapshot,jdbcType=VARCHAR}, 
      #{timeoutActionTime,jdbcType=TIMESTAMP}, #{buyerRate,jdbcType=DECIMAL}, #{sellerRate,jdbcType=DECIMAL}, 
      #{sellerType,jdbcType=VARCHAR}, #{cid,jdbcType=DECIMAL}, #{subOrderTaxFee,jdbcType=DECIMAL}, 
      #{subOrderTaxRate,jdbcType=DECIMAL}, #{subOrderId,jdbcType=DECIMAL}, #{subOrderStatus,jdbcType=VARCHAR}, 
      #{productName,jdbcType=VARCHAR}, #{type,jdbcType=VARCHAR}, #{iid,jdbcType=VARCHAR}, 
      #{price,jdbcType=DECIMAL}, #{productNumId,jdbcType=DECIMAL}, #{itemMealId,jdbcType=DECIMAL}, 
      #{skuNumId,jdbcType=VARCHAR}, #{qty,jdbcType=DECIMAL}, #{skuOuterId,jdbcType=VARCHAR}, 
      #{orderFrom,jdbcType=VARCHAR}, #{totalFee,jdbcType=DECIMAL}, #{payment,jdbcType=DECIMAL}, 
      #{discountFee,jdbcType=DECIMAL}, #{adjustFee,jdbcType=DECIMAL}, #{modified,jdbcType=TIMESTAMP}, 
      #{skuPropertiesName,jdbcType=VARCHAR}, #{refundId,jdbcType=DECIMAL}, #{isOversold,jdbcType=DECIMAL}, 
      #{isServiceOrder,jdbcType=DECIMAL}, #{endTime,jdbcType=TIMESTAMP}, #{consignTime,jdbcType=TIMESTAMP}, 
      #{shippingType,jdbcType=VARCHAR}, #{bindOid,jdbcType=DECIMAL}, #{logisticsCompany,jdbcType=VARCHAR}, 
      #{invoiceNo,jdbcType=VARCHAR}, #{isDaixiao,jdbcType=DECIMAL}, #{divideOrderFee,jdbcType=DECIMAL}, 
      #{partMjzDiscount,jdbcType=DECIMAL}, #{ticketOuterId,jdbcType=VARCHAR}, #{ticketExpdateKey,jdbcType=VARCHAR}, 
      #{storeCode,jdbcType=VARCHAR}, #{isWww,jdbcType=DECIMAL}, #{tmserSpuCode,jdbcType=VARCHAR}, 
      #{bindOids,jdbcType=VARCHAR}, #{zhengjiStatus,jdbcType=DECIMAL}, #{mdQualification,jdbcType=VARCHAR}, 
      #{mdFee,jdbcType=DECIMAL}, #{customization,jdbcType=VARCHAR}, #{updateUserId,jdbcType=DECIMAL}
      )
  </insert>
  <insert id="insertSelective" parameterType="com.wwwarehouse.xdw.datasync.dao.model.SeTaobaoItemDO">
    insert into SE_TAOBAO_ITEM
    <trim prefix="(" suffix=")" suffixOverrides=",">
      <if test="itemUkid != null">
        ITEM_UKID,
      </if>
      <if test="tradeUkid != null">
        TRADE_UKID,
      </if>
      <if test="originOrderStatus != null">
        ORIGIN_ORDER_STATUS,
      </if>
      <if test="shopProductUkid != null">
        SHOP_PRODUCT_UKID,
      </if>
      <if test="productCodeUkid != null">
        PRODUCT_CODE_UKID,
      </if>
      <if test="productCode != null">
        PRODUCT_CODE,
      </if>
      <if test="presaleDate != null">
        PRESALE_DATE,
      </if>
      <if test="downTime != null">
        DOWN_TIME,
      </if>
      <if test="updateTime != null">
        UPDATE_TIME,
      </if>
      <if test="workspaceId != null">
        WORKSPACE_ID,
      </if>
      <if test="itemMealName != null">
        ITEM_MEAL_NAME,
      </if>
      <if test="picPath != null">
        PIC_PATH,
      </if>
      <if test="sellerNick != null">
        SELLER_NICK,
      </if>
      <if test="buyerNick != null">
        BUYER_NICK,
      </if>
      <if test="refundStatus != null">
        REFUND_STATUS,
      </if>
      <if test="productOuterId != null">
        PRODUCT_OUTER_ID,
      </if>
      <if test="snapshotUrl != null">
        SNAPSHOT_URL,
      </if>
      <if test="snapshot != null">
        SNAPSHOT,
      </if>
      <if test="timeoutActionTime != null">
        TIMEOUT_ACTION_TIME,
      </if>
      <if test="buyerRate != null">
        BUYER_RATE,
      </if>
      <if test="sellerRate != null">
        SELLER_RATE,
      </if>
      <if test="sellerType != null">
        SELLER_TYPE,
      </if>
      <if test="cid != null">
        CID,
      </if>
      <if test="subOrderTaxFee != null">
        SUB_ORDER_TAX_FEE,
      </if>
      <if test="subOrderTaxRate != null">
        SUB_ORDER_TAX_RATE,
      </if>
      <if test="subOrderId != null">
        SUB_ORDER_ID,
      </if>
      <if test="subOrderStatus != null">
        SUB_ORDER_STATUS,
      </if>
      <if test="productName != null">
        PRODUCT_NAME,
      </if>
      <if test="type != null">
        TYPE,
      </if>
      <if test="iid != null">
        IID,
      </if>
      <if test="price != null">
        PRICE,
      </if>
      <if test="productNumId != null">
        PRODUCT_NUM_ID,
      </if>
      <if test="itemMealId != null">
        ITEM_MEAL_ID,
      </if>
      <if test="skuNumId != null">
        SKU_NUM_ID,
      </if>
      <if test="qty != null">
        QTY,
      </if>
      <if test="skuOuterId != null">
        SKU_OUTER_ID,
      </if>
      <if test="orderFrom != null">
        ORDER_FROM,
      </if>
      <if test="totalFee != null">
        TOTAL_FEE,
      </if>
      <if test="payment != null">
        PAYMENT,
      </if>
      <if test="discountFee != null">
        DISCOUNT_FEE,
      </if>
      <if test="adjustFee != null">
        ADJUST_FEE,
      </if>
      <if test="modified != null">
        MODIFIED,
      </if>
      <if test="skuPropertiesName != null">
        SKU_PROPERTIES_NAME,
      </if>
      <if test="refundId != null">
        REFUND_ID,
      </if>
      <if test="isOversold != null">
        IS_OVERSOLD,
      </if>
      <if test="isServiceOrder != null">
        IS_SERVICE_ORDER,
      </if>
      <if test="endTime != null">
        END_TIME,
      </if>
      <if test="consignTime != null">
        CONSIGN_TIME,
      </if>
      <if test="shippingType != null">
        SHIPPING_TYPE,
      </if>
      <if test="bindOid != null">
        BIND_OID,
      </if>
      <if test="logisticsCompany != null">
        LOGISTICS_COMPANY,
      </if>
      <if test="invoiceNo != null">
        INVOICE_NO,
      </if>
      <if test="isDaixiao != null">
        IS_DAIXIAO,
      </if>
      <if test="divideOrderFee != null">
        DIVIDE_ORDER_FEE,
      </if>
      <if test="partMjzDiscount != null">
        PART_MJZ_DISCOUNT,
      </if>
      <if test="ticketOuterId != null">
        TICKET_OUTER_ID,
      </if>
      <if test="ticketExpdateKey != null">
        TICKET_EXPDATE_KEY,
      </if>
      <if test="storeCode != null">
        STORE_CODE,
      </if>
      <if test="isWww != null">
        IS_WWW,
      </if>
      <if test="tmserSpuCode != null">
        TMSER_SPU_CODE,
      </if>
      <if test="bindOids != null">
        BIND_OIDS,
      </if>
      <if test="zhengjiStatus != null">
        ZHENGJI_STATUS,
      </if>
      <if test="mdQualification != null">
        MD_QUALIFICATION,
      </if>
      <if test="mdFee != null">
        MD_FEE,
      </if>
      <if test="customization != null">
        CUSTOMIZATION,
      </if>
      <if test="updateUserId != null">
        UPDATE_USER_ID,
      </if>
    </trim>
    <trim prefix="values (" suffix=")" suffixOverrides=",">
      <if test="itemUkid != null">
        #{itemUkid,jdbcType=DECIMAL},
      </if>
      <if test="tradeUkid != null">
        #{tradeUkid,jdbcType=DECIMAL},
      </if>
      <if test="originOrderStatus != null">
        #{originOrderStatus,jdbcType=DECIMAL},
      </if>
      <if test="shopProductUkid != null">
        #{shopProductUkid,jdbcType=DECIMAL},
      </if>
      <if test="productCodeUkid != null">
        #{productCodeUkid,jdbcType=DECIMAL},
      </if>
      <if test="productCode != null">
        #{productCode,jdbcType=VARCHAR},
      </if>
      <if test="presaleDate != null">
        #{presaleDate,jdbcType=TIMESTAMP},
      </if>
      <if test="downTime != null">
        #{downTime,jdbcType=TIMESTAMP},
      </if>
      <if test="updateTime != null">
        #{updateTime,jdbcType=TIMESTAMP},
      </if>
      <if test="workspaceId != null">
        #{workspaceId,jdbcType=VARCHAR},
      </if>
      <if test="itemMealName != null">
        #{itemMealName,jdbcType=VARCHAR},
      </if>
      <if test="picPath != null">
        #{picPath,jdbcType=VARCHAR},
      </if>
      <if test="sellerNick != null">
        #{sellerNick,jdbcType=VARCHAR},
      </if>
      <if test="buyerNick != null">
        #{buyerNick,jdbcType=VARCHAR},
      </if>
      <if test="refundStatus != null">
        #{refundStatus,jdbcType=VARCHAR},
      </if>
      <if test="productOuterId != null">
        #{productOuterId,jdbcType=VARCHAR},
      </if>
      <if test="snapshotUrl != null">
        #{snapshotUrl,jdbcType=VARCHAR},
      </if>
      <if test="snapshot != null">
        #{snapshot,jdbcType=VARCHAR},
      </if>
      <if test="timeoutActionTime != null">
        #{timeoutActionTime,jdbcType=TIMESTAMP},
      </if>
      <if test="buyerRate != null">
        #{buyerRate,jdbcType=DECIMAL},
      </if>
      <if test="sellerRate != null">
        #{sellerRate,jdbcType=DECIMAL},
      </if>
      <if test="sellerType != null">
        #{sellerType,jdbcType=VARCHAR},
      </if>
      <if test="cid != null">
        #{cid,jdbcType=DECIMAL},
      </if>
      <if test="subOrderTaxFee != null">
        #{subOrderTaxFee,jdbcType=DECIMAL},
      </if>
      <if test="subOrderTaxRate != null">
        #{subOrderTaxRate,jdbcType=DECIMAL},
      </if>
      <if test="subOrderId != null">
        #{subOrderId,jdbcType=DECIMAL},
      </if>
      <if test="subOrderStatus != null">
        #{subOrderStatus,jdbcType=VARCHAR},
      </if>
      <if test="productName != null">
        #{productName,jdbcType=VARCHAR},
      </if>
      <if test="type != null">
        #{type,jdbcType=VARCHAR},
      </if>
      <if test="iid != null">
        #{iid,jdbcType=VARCHAR},
      </if>
      <if test="price != null">
        #{price,jdbcType=DECIMAL},
      </if>
      <if test="productNumId != null">
        #{productNumId,jdbcType=DECIMAL},
      </if>
      <if test="itemMealId != null">
        #{itemMealId,jdbcType=DECIMAL},
      </if>
      <if test="skuNumId != null">
        #{skuNumId,jdbcType=VARCHAR},
      </if>
      <if test="qty != null">
        #{qty,jdbcType=DECIMAL},
      </if>
      <if test="skuOuterId != null">
        #{skuOuterId,jdbcType=VARCHAR},
      </if>
      <if test="orderFrom != null">
        #{orderFrom,jdbcType=VARCHAR},
      </if>
      <if test="totalFee != null">
        #{totalFee,jdbcType=DECIMAL},
      </if>
      <if test="payment != null">
        #{payment,jdbcType=DECIMAL},
      </if>
      <if test="discountFee != null">
        #{discountFee,jdbcType=DECIMAL},
      </if>
      <if test="adjustFee != null">
        #{adjustFee,jdbcType=DECIMAL},
      </if>
      <if test="modified != null">
        #{modified,jdbcType=TIMESTAMP},
      </if>
      <if test="skuPropertiesName != null">
        #{skuPropertiesName,jdbcType=VARCHAR},
      </if>
      <if test="refundId != null">
        #{refundId,jdbcType=DECIMAL},
      </if>
      <if test="isOversold != null">
        #{isOversold,jdbcType=DECIMAL},
      </if>
      <if test="isServiceOrder != null">
        #{isServiceOrder,jdbcType=DECIMAL},
      </if>
      <if test="endTime != null">
        #{endTime,jdbcType=TIMESTAMP},
      </if>
      <if test="consignTime != null">
        #{consignTime,jdbcType=TIMESTAMP},
      </if>
      <if test="shippingType != null">
        #{shippingType,jdbcType=VARCHAR},
      </if>
      <if test="bindOid != null">
        #{bindOid,jdbcType=DECIMAL},
      </if>
      <if test="logisticsCompany != null">
        #{logisticsCompany,jdbcType=VARCHAR},
      </if>
      <if test="invoiceNo != null">
        #{invoiceNo,jdbcType=VARCHAR},
      </if>
      <if test="isDaixiao != null">
        #{isDaixiao,jdbcType=DECIMAL},
      </if>
      <if test="divideOrderFee != null">
        #{divideOrderFee,jdbcType=DECIMAL},
      </if>
      <if test="partMjzDiscount != null">
        #{partMjzDiscount,jdbcType=DECIMAL},
      </if>
      <if test="ticketOuterId != null">
        #{ticketOuterId,jdbcType=VARCHAR},
      </if>
      <if test="ticketExpdateKey != null">
        #{ticketExpdateKey,jdbcType=VARCHAR},
      </if>
      <if test="storeCode != null">
        #{storeCode,jdbcType=VARCHAR},
      </if>
      <if test="isWww != null">
        #{isWww,jdbcType=DECIMAL},
      </if>
      <if test="tmserSpuCode != null">
        #{tmserSpuCode,jdbcType=VARCHAR},
      </if>
      <if test="bindOids != null">
        #{bindOids,jdbcType=VARCHAR},
      </if>
      <if test="zhengjiStatus != null">
        #{zhengjiStatus,jdbcType=DECIMAL},
      </if>
      <if test="mdQualification != null">
        #{mdQualification,jdbcType=VARCHAR},
      </if>
      <if test="mdFee != null">
        #{mdFee,jdbcType=DECIMAL},
      </if>
      <if test="customization != null">
        #{customization,jdbcType=VARCHAR},
      </if>
      <if test="updateUserId != null">
        #{updateUserId,jdbcType=DECIMAL},
      </if>
    </trim>
  </insert>
  <select id="countByExample" parameterType="com.wwwarehouse.xdw.datasync.dao.model.SeTaobaoItemDOExample" resultType="java.lang.Long">
    select count(*) from SE_TAOBAO_ITEM
    <if test="_parameter != null">
      <include refid="Example_Where_Clause" />
    </if>
  </select>
  <update id="updateByExampleSelective" parameterType="map">
    update SE_TAOBAO_ITEM
    <set>
      <if test="record.itemUkid != null">
        ITEM_UKID = #{record.itemUkid,jdbcType=DECIMAL},
      </if>
      <if test="record.tradeUkid != null">
        TRADE_UKID = #{record.tradeUkid,jdbcType=DECIMAL},
      </if>
      <if test="record.originOrderStatus != null">
        ORIGIN_ORDER_STATUS = #{record.originOrderStatus,jdbcType=DECIMAL},
      </if>
      <if test="record.shopProductUkid != null">
        SHOP_PRODUCT_UKID = #{record.shopProductUkid,jdbcType=DECIMAL},
      </if>
      <if test="record.productCodeUkid != null">
        PRODUCT_CODE_UKID = #{record.productCodeUkid,jdbcType=DECIMAL},
      </if>
      <if test="record.productCode != null">
        PRODUCT_CODE = #{record.productCode,jdbcType=VARCHAR},
      </if>
      <if test="record.presaleDate != null">
        PRESALE_DATE = #{record.presaleDate,jdbcType=TIMESTAMP},
      </if>
      <if test="record.downTime != null">
        DOWN_TIME = #{record.downTime,jdbcType=TIMESTAMP},
      </if>
      <if test="record.updateTime != null">
        UPDATE_TIME = #{record.updateTime,jdbcType=TIMESTAMP},
      </if>
      <if test="record.workspaceId != null">
        WORKSPACE_ID = #{record.workspaceId,jdbcType=VARCHAR},
      </if>
      <if test="record.itemMealName != null">
        ITEM_MEAL_NAME = #{record.itemMealName,jdbcType=VARCHAR},
      </if>
      <if test="record.picPath != null">
        PIC_PATH = #{record.picPath,jdbcType=VARCHAR},
      </if>
      <if test="record.sellerNick != null">
        SELLER_NICK = #{record.sellerNick,jdbcType=VARCHAR},
      </if>
      <if test="record.buyerNick != null">
        BUYER_NICK = #{record.buyerNick,jdbcType=VARCHAR},
      </if>
      <if test="record.refundStatus != null">
        REFUND_STATUS = #{record.refundStatus,jdbcType=VARCHAR},
      </if>
      <if test="record.productOuterId != null">
        PRODUCT_OUTER_ID = #{record.productOuterId,jdbcType=VARCHAR},
      </if>
      <if test="record.snapshotUrl != null">
        SNAPSHOT_URL = #{record.snapshotUrl,jdbcType=VARCHAR},
      </if>
      <if test="record.snapshot != null">
        SNAPSHOT = #{record.snapshot,jdbcType=VARCHAR},
      </if>
      <if test="record.timeoutActionTime != null">
        TIMEOUT_ACTION_TIME = #{record.timeoutActionTime,jdbcType=TIMESTAMP},
      </if>
      <if test="record.buyerRate != null">
        BUYER_RATE = #{record.buyerRate,jdbcType=DECIMAL},
      </if>
      <if test="record.sellerRate != null">
        SELLER_RATE = #{record.sellerRate,jdbcType=DECIMAL},
      </if>
      <if test="record.sellerType != null">
        SELLER_TYPE = #{record.sellerType,jdbcType=VARCHAR},
      </if>
      <if test="record.cid != null">
        CID = #{record.cid,jdbcType=DECIMAL},
      </if>
      <if test="record.subOrderTaxFee != null">
        SUB_ORDER_TAX_FEE = #{record.subOrderTaxFee,jdbcType=DECIMAL},
      </if>
      <if test="record.subOrderTaxRate != null">
        SUB_ORDER_TAX_RATE = #{record.subOrderTaxRate,jdbcType=DECIMAL},
      </if>
      <if test="record.subOrderId != null">
        SUB_ORDER_ID = #{record.subOrderId,jdbcType=DECIMAL},
      </if>
      <if test="record.subOrderStatus != null">
        SUB_ORDER_STATUS = #{record.subOrderStatus,jdbcType=VARCHAR},
      </if>
      <if test="record.productName != null">
        PRODUCT_NAME = #{record.productName,jdbcType=VARCHAR},
      </if>
      <if test="record.type != null">
        TYPE = #{record.type,jdbcType=VARCHAR},
      </if>
      <if test="record.iid != null">
        IID = #{record.iid,jdbcType=VARCHAR},
      </if>
      <if test="record.price != null">
        PRICE = #{record.price,jdbcType=DECIMAL},
      </if>
      <if test="record.productNumId != null">
        PRODUCT_NUM_ID = #{record.productNumId,jdbcType=DECIMAL},
      </if>
      <if test="record.itemMealId != null">
        ITEM_MEAL_ID = #{record.itemMealId,jdbcType=DECIMAL},
      </if>
      <if test="record.skuNumId != null">
        SKU_NUM_ID = #{record.skuNumId,jdbcType=VARCHAR},
      </if>
      <if test="record.qty != null">
        QTY = #{record.qty,jdbcType=DECIMAL},
      </if>
      <if test="record.skuOuterId != null">
        SKU_OUTER_ID = #{record.skuOuterId,jdbcType=VARCHAR},
      </if>
      <if test="record.orderFrom != null">
        ORDER_FROM = #{record.orderFrom,jdbcType=VARCHAR},
      </if>
      <if test="record.totalFee != null">
        TOTAL_FEE = #{record.totalFee,jdbcType=DECIMAL},
      </if>
      <if test="record.payment != null">
        PAYMENT = #{record.payment,jdbcType=DECIMAL},
      </if>
      <if test="record.discountFee != null">
        DISCOUNT_FEE = #{record.discountFee,jdbcType=DECIMAL},
      </if>
      <if test="record.adjustFee != null">
        ADJUST_FEE = #{record.adjustFee,jdbcType=DECIMAL},
      </if>
      <if test="record.modified != null">
        MODIFIED = #{record.modified,jdbcType=TIMESTAMP},
      </if>
      <if test="record.skuPropertiesName != null">
        SKU_PROPERTIES_NAME = #{record.skuPropertiesName,jdbcType=VARCHAR},
      </if>
      <if test="record.refundId != null">
        REFUND_ID = #{record.refundId,jdbcType=DECIMAL},
      </if>
      <if test="record.isOversold != null">
        IS_OVERSOLD = #{record.isOversold,jdbcType=DECIMAL},
      </if>
      <if test="record.isServiceOrder != null">
        IS_SERVICE_ORDER = #{record.isServiceOrder,jdbcType=DECIMAL},
      </if>
      <if test="record.endTime != null">
        END_TIME = #{record.endTime,jdbcType=TIMESTAMP},
      </if>
      <if test="record.consignTime != null">
        CONSIGN_TIME = #{record.consignTime,jdbcType=TIMESTAMP},
      </if>
      <if test="record.shippingType != null">
        SHIPPING_TYPE = #{record.shippingType,jdbcType=VARCHAR},
      </if>
      <if test="record.bindOid != null">
        BIND_OID = #{record.bindOid,jdbcType=DECIMAL},
      </if>
      <if test="record.logisticsCompany != null">
        LOGISTICS_COMPANY = #{record.logisticsCompany,jdbcType=VARCHAR},
      </if>
      <if test="record.invoiceNo != null">
        INVOICE_NO = #{record.invoiceNo,jdbcType=VARCHAR},
      </if>
      <if test="record.isDaixiao != null">
        IS_DAIXIAO = #{record.isDaixiao,jdbcType=DECIMAL},
      </if>
      <if test="record.divideOrderFee != null">
        DIVIDE_ORDER_FEE = #{record.divideOrderFee,jdbcType=DECIMAL},
      </if>
      <if test="record.partMjzDiscount != null">
        PART_MJZ_DISCOUNT = #{record.partMjzDiscount,jdbcType=DECIMAL},
      </if>
      <if test="record.ticketOuterId != null">
        TICKET_OUTER_ID = #{record.ticketOuterId,jdbcType=VARCHAR},
      </if>
      <if test="record.ticketExpdateKey != null">
        TICKET_EXPDATE_KEY = #{record.ticketExpdateKey,jdbcType=VARCHAR},
      </if>
      <if test="record.storeCode != null">
        STORE_CODE = #{record.storeCode,jdbcType=VARCHAR},
      </if>
      <if test="record.isWww != null">
        IS_WWW = #{record.isWww,jdbcType=DECIMAL},
      </if>
      <if test="record.tmserSpuCode != null">
        TMSER_SPU_CODE = #{record.tmserSpuCode,jdbcType=VARCHAR},
      </if>
      <if test="record.bindOids != null">
        BIND_OIDS = #{record.bindOids,jdbcType=VARCHAR},
      </if>
      <if test="record.zhengjiStatus != null">
        ZHENGJI_STATUS = #{record.zhengjiStatus,jdbcType=DECIMAL},
      </if>
      <if test="record.mdQualification != null">
        MD_QUALIFICATION = #{record.mdQualification,jdbcType=VARCHAR},
      </if>
      <if test="record.mdFee != null">
        MD_FEE = #{record.mdFee,jdbcType=DECIMAL},
      </if>
      <if test="record.customization != null">
        CUSTOMIZATION = #{record.customization,jdbcType=VARCHAR},
      </if>
      <if test="record.updateUserId != null">
        UPDATE_USER_ID = #{record.updateUserId,jdbcType=DECIMAL},
      </if>
    </set>
    <if test="_parameter != null">
      <include refid="Update_By_Example_Where_Clause" />
    </if>
  </update>
  <update id="updateByExample" parameterType="map">
    update SE_TAOBAO_ITEM
    set ITEM_UKID = #{record.itemUkid,jdbcType=DECIMAL},
      TRADE_UKID = #{record.tradeUkid,jdbcType=DECIMAL},
      ORIGIN_ORDER_STATUS = #{record.originOrderStatus,jdbcType=DECIMAL},
      SHOP_PRODUCT_UKID = #{record.shopProductUkid,jdbcType=DECIMAL},
      PRODUCT_CODE_UKID = #{record.productCodeUkid,jdbcType=DECIMAL},
      PRODUCT_CODE = #{record.productCode,jdbcType=VARCHAR},
      PRESALE_DATE = #{record.presaleDate,jdbcType=TIMESTAMP},
      DOWN_TIME = #{record.downTime,jdbcType=TIMESTAMP},
      UPDATE_TIME = #{record.updateTime,jdbcType=TIMESTAMP},
      WORKSPACE_ID = #{record.workspaceId,jdbcType=VARCHAR},
      ITEM_MEAL_NAME = #{record.itemMealName,jdbcType=VARCHAR},
      PIC_PATH = #{record.picPath,jdbcType=VARCHAR},
      SELLER_NICK = #{record.sellerNick,jdbcType=VARCHAR},
      BUYER_NICK = #{record.buyerNick,jdbcType=VARCHAR},
      REFUND_STATUS = #{record.refundStatus,jdbcType=VARCHAR},
      PRODUCT_OUTER_ID = #{record.productOuterId,jdbcType=VARCHAR},
      SNAPSHOT_URL = #{record.snapshotUrl,jdbcType=VARCHAR},
      SNAPSHOT = #{record.snapshot,jdbcType=VARCHAR},
      TIMEOUT_ACTION_TIME = #{record.timeoutActionTime,jdbcType=TIMESTAMP},
      BUYER_RATE = #{record.buyerRate,jdbcType=DECIMAL},
      SELLER_RATE = #{record.sellerRate,jdbcType=DECIMAL},
      SELLER_TYPE = #{record.sellerType,jdbcType=VARCHAR},
      CID = #{record.cid,jdbcType=DECIMAL},
      SUB_ORDER_TAX_FEE = #{record.subOrderTaxFee,jdbcType=DECIMAL},
      SUB_ORDER_TAX_RATE = #{record.subOrderTaxRate,jdbcType=DECIMAL},
      SUB_ORDER_ID = #{record.subOrderId,jdbcType=DECIMAL},
      SUB_ORDER_STATUS = #{record.subOrderStatus,jdbcType=VARCHAR},
      PRODUCT_NAME = #{record.productName,jdbcType=VARCHAR},
      TYPE = #{record.type,jdbcType=VARCHAR},
      IID = #{record.iid,jdbcType=VARCHAR},
      PRICE = #{record.price,jdbcType=DECIMAL},
      PRODUCT_NUM_ID = #{record.productNumId,jdbcType=DECIMAL},
      ITEM_MEAL_ID = #{record.itemMealId,jdbcType=DECIMAL},
      SKU_NUM_ID = #{record.skuNumId,jdbcType=VARCHAR},
      QTY = #{record.qty,jdbcType=DECIMAL},
      SKU_OUTER_ID = #{record.skuOuterId,jdbcType=VARCHAR},
      ORDER_FROM = #{record.orderFrom,jdbcType=VARCHAR},
      TOTAL_FEE = #{record.totalFee,jdbcType=DECIMAL},
      PAYMENT = #{record.payment,jdbcType=DECIMAL},
      DISCOUNT_FEE = #{record.discountFee,jdbcType=DECIMAL},
      ADJUST_FEE = #{record.adjustFee,jdbcType=DECIMAL},
      MODIFIED = #{record.modified,jdbcType=TIMESTAMP},
      SKU_PROPERTIES_NAME = #{record.skuPropertiesName,jdbcType=VARCHAR},
      REFUND_ID = #{record.refundId,jdbcType=DECIMAL},
      IS_OVERSOLD = #{record.isOversold,jdbcType=DECIMAL},
      IS_SERVICE_ORDER = #{record.isServiceOrder,jdbcType=DECIMAL},
      END_TIME = #{record.endTime,jdbcType=TIMESTAMP},
      CONSIGN_TIME = #{record.consignTime,jdbcType=TIMESTAMP},
      SHIPPING_TYPE = #{record.shippingType,jdbcType=VARCHAR},
      BIND_OID = #{record.bindOid,jdbcType=DECIMAL},
      LOGISTICS_COMPANY = #{record.logisticsCompany,jdbcType=VARCHAR},
      INVOICE_NO = #{record.invoiceNo,jdbcType=VARCHAR},
      IS_DAIXIAO = #{record.isDaixiao,jdbcType=DECIMAL},
      DIVIDE_ORDER_FEE = #{record.divideOrderFee,jdbcType=DECIMAL},
      PART_MJZ_DISCOUNT = #{record.partMjzDiscount,jdbcType=DECIMAL},
      TICKET_OUTER_ID = #{record.ticketOuterId,jdbcType=VARCHAR},
      TICKET_EXPDATE_KEY = #{record.ticketExpdateKey,jdbcType=VARCHAR},
      STORE_CODE = #{record.storeCode,jdbcType=VARCHAR},
      IS_WWW = #{record.isWww,jdbcType=DECIMAL},
      TMSER_SPU_CODE = #{record.tmserSpuCode,jdbcType=VARCHAR},
      BIND_OIDS = #{record.bindOids,jdbcType=VARCHAR},
      ZHENGJI_STATUS = #{record.zhengjiStatus,jdbcType=DECIMAL},
      MD_QUALIFICATION = #{record.mdQualification,jdbcType=VARCHAR},
      MD_FEE = #{record.mdFee,jdbcType=DECIMAL},
      CUSTOMIZATION = #{record.customization,jdbcType=VARCHAR},
      UPDATE_USER_ID = #{record.updateUserId,jdbcType=DECIMAL}
    <if test="_parameter != null">
      <include refid="Update_By_Example_Where_Clause" />
    </if>
  </update>
  <update id="updateByPrimaryKeySelective" parameterType="com.wwwarehouse.xdw.datasync.dao.model.SeTaobaoItemDO">
    update SE_TAOBAO_ITEM
    <set>
      <if test="tradeUkid != null">
        TRADE_UKID = #{tradeUkid,jdbcType=DECIMAL},
      </if>
      <if test="originOrderStatus != null">
        ORIGIN_ORDER_STATUS = #{originOrderStatus,jdbcType=DECIMAL},
      </if>
      <if test="shopProductUkid != null">
        SHOP_PRODUCT_UKID = #{shopProductUkid,jdbcType=DECIMAL},
      </if>
      <if test="productCodeUkid != null">
        PRODUCT_CODE_UKID = #{productCodeUkid,jdbcType=DECIMAL},
      </if>
      <if test="productCode != null">
        PRODUCT_CODE = #{productCode,jdbcType=VARCHAR},
      </if>
      <if test="presaleDate != null">
        PRESALE_DATE = #{presaleDate,jdbcType=TIMESTAMP},
      </if>
      <if test="downTime != null">
        DOWN_TIME = #{downTime,jdbcType=TIMESTAMP},
      </if>
      <if test="updateTime != null">
        UPDATE_TIME = #{updateTime,jdbcType=TIMESTAMP},
      </if>
      <if test="workspaceId != null">
        WORKSPACE_ID = #{workspaceId,jdbcType=VARCHAR},
      </if>
      <if test="itemMealName != null">
        ITEM_MEAL_NAME = #{itemMealName,jdbcType=VARCHAR},
      </if>
      <if test="picPath != null">
        PIC_PATH = #{picPath,jdbcType=VARCHAR},
      </if>
      <if test="sellerNick != null">
        SELLER_NICK = #{sellerNick,jdbcType=VARCHAR},
      </if>
      <if test="buyerNick != null">
        BUYER_NICK = #{buyerNick,jdbcType=VARCHAR},
      </if>
      <if test="refundStatus != null">
        REFUND_STATUS = #{refundStatus,jdbcType=VARCHAR},
      </if>
      <if test="productOuterId != null">
        PRODUCT_OUTER_ID = #{productOuterId,jdbcType=VARCHAR},
      </if>
      <if test="snapshotUrl != null">
        SNAPSHOT_URL = #{snapshotUrl,jdbcType=VARCHAR},
      </if>
      <if test="snapshot != null">
        SNAPSHOT = #{snapshot,jdbcType=VARCHAR},
      </if>
      <if test="timeoutActionTime != null">
        TIMEOUT_ACTION_TIME = #{timeoutActionTime,jdbcType=TIMESTAMP},
      </if>
      <if test="buyerRate != null">
        BUYER_RATE = #{buyerRate,jdbcType=DECIMAL},
      </if>
      <if test="sellerRate != null">
        SELLER_RATE = #{sellerRate,jdbcType=DECIMAL},
      </if>
      <if test="sellerType != null">
        SELLER_TYPE = #{sellerType,jdbcType=VARCHAR},
      </if>
      <if test="cid != null">
        CID = #{cid,jdbcType=DECIMAL},
      </if>
      <if test="subOrderTaxFee != null">
        SUB_ORDER_TAX_FEE = #{subOrderTaxFee,jdbcType=DECIMAL},
      </if>
      <if test="subOrderTaxRate != null">
        SUB_ORDER_TAX_RATE = #{subOrderTaxRate,jdbcType=DECIMAL},
      </if>
      <if test="subOrderId != null">
        SUB_ORDER_ID = #{subOrderId,jdbcType=DECIMAL},
      </if>
      <if test="subOrderStatus != null">
        SUB_ORDER_STATUS = #{subOrderStatus,jdbcType=VARCHAR},
      </if>
      <if test="productName != null">
        PRODUCT_NAME = #{productName,jdbcType=VARCHAR},
      </if>
      <if test="type != null">
        TYPE = #{type,jdbcType=VARCHAR},
      </if>
      <if test="iid != null">
        IID = #{iid,jdbcType=VARCHAR},
      </if>
      <if test="price != null">
        PRICE = #{price,jdbcType=DECIMAL},
      </if>
      <if test="productNumId != null">
        PRODUCT_NUM_ID = #{productNumId,jdbcType=DECIMAL},
      </if>
      <if test="itemMealId != null">
        ITEM_MEAL_ID = #{itemMealId,jdbcType=DECIMAL},
      </if>
      <if test="skuNumId != null">
        SKU_NUM_ID = #{skuNumId,jdbcType=VARCHAR},
      </if>
      <if test="qty != null">
        QTY = #{qty,jdbcType=DECIMAL},
      </if>
      <if test="skuOuterId != null">
        SKU_OUTER_ID = #{skuOuterId,jdbcType=VARCHAR},
      </if>
      <if test="orderFrom != null">
        ORDER_FROM = #{orderFrom,jdbcType=VARCHAR},
      </if>
      <if test="totalFee != null">
        TOTAL_FEE = #{totalFee,jdbcType=DECIMAL},
      </if>
      <if test="payment != null">
        PAYMENT = #{payment,jdbcType=DECIMAL},
      </if>
      <if test="discountFee != null">
        DISCOUNT_FEE = #{discountFee,jdbcType=DECIMAL},
      </if>
      <if test="adjustFee != null">
        ADJUST_FEE = #{adjustFee,jdbcType=DECIMAL},
      </if>
      <if test="modified != null">
        MODIFIED = #{modified,jdbcType=TIMESTAMP},
      </if>
      <if test="skuPropertiesName != null">
        SKU_PROPERTIES_NAME = #{skuPropertiesName,jdbcType=VARCHAR},
      </if>
      <if test="refundId != null">
        REFUND_ID = #{refundId,jdbcType=DECIMAL},
      </if>
      <if test="isOversold != null">
        IS_OVERSOLD = #{isOversold,jdbcType=DECIMAL},
      </if>
      <if test="isServiceOrder != null">
        IS_SERVICE_ORDER = #{isServiceOrder,jdbcType=DECIMAL},
      </if>
      <if test="endTime != null">
        END_TIME = #{endTime,jdbcType=TIMESTAMP},
      </if>
      <if test="consignTime != null">
        CONSIGN_TIME = #{consignTime,jdbcType=TIMESTAMP},
      </if>
      <if test="shippingType != null">
        SHIPPING_TYPE = #{shippingType,jdbcType=VARCHAR},
      </if>
      <if test="bindOid != null">
        BIND_OID = #{bindOid,jdbcType=DECIMAL},
      </if>
      <if test="logisticsCompany != null">
        LOGISTICS_COMPANY = #{logisticsCompany,jdbcType=VARCHAR},
      </if>
      <if test="invoiceNo != null">
        INVOICE_NO = #{invoiceNo,jdbcType=VARCHAR},
      </if>
      <if test="isDaixiao != null">
        IS_DAIXIAO = #{isDaixiao,jdbcType=DECIMAL},
      </if>
      <if test="divideOrderFee != null">
        DIVIDE_ORDER_FEE = #{divideOrderFee,jdbcType=DECIMAL},
      </if>
      <if test="partMjzDiscount != null">
        PART_MJZ_DISCOUNT = #{partMjzDiscount,jdbcType=DECIMAL},
      </if>
      <if test="ticketOuterId != null">
        TICKET_OUTER_ID = #{ticketOuterId,jdbcType=VARCHAR},
      </if>
      <if test="ticketExpdateKey != null">
        TICKET_EXPDATE_KEY = #{ticketExpdateKey,jdbcType=VARCHAR},
      </if>
      <if test="storeCode != null">
        STORE_CODE = #{storeCode,jdbcType=VARCHAR},
      </if>
      <if test="isWww != null">
        IS_WWW = #{isWww,jdbcType=DECIMAL},
      </if>
      <if test="tmserSpuCode != null">
        TMSER_SPU_CODE = #{tmserSpuCode,jdbcType=VARCHAR},
      </if>
      <if test="bindOids != null">
        BIND_OIDS = #{bindOids,jdbcType=VARCHAR},
      </if>
      <if test="zhengjiStatus != null">
        ZHENGJI_STATUS = #{zhengjiStatus,jdbcType=DECIMAL},
      </if>
      <if test="mdQualification != null">
        MD_QUALIFICATION = #{mdQualification,jdbcType=VARCHAR},
      </if>
      <if test="mdFee != null">
        MD_FEE = #{mdFee,jdbcType=DECIMAL},
      </if>
      <if test="customization != null">
        CUSTOMIZATION = #{customization,jdbcType=VARCHAR},
      </if>
      <if test="updateUserId != null">
        UPDATE_USER_ID = #{updateUserId,jdbcType=DECIMAL},
      </if>
    </set>
    where ITEM_UKID = #{itemUkid,jdbcType=DECIMAL}
  </update>
  <update id="updateByPrimaryKey" parameterType="com.wwwarehouse.xdw.datasync.dao.model.SeTaobaoItemDO">
    update SE_TAOBAO_ITEM
    set TRADE_UKID = #{tradeUkid,jdbcType=DECIMAL},
      ORIGIN_ORDER_STATUS = #{originOrderStatus,jdbcType=DECIMAL},
      SHOP_PRODUCT_UKID = #{shopProductUkid,jdbcType=DECIMAL},
      PRODUCT_CODE_UKID = #{productCodeUkid,jdbcType=DECIMAL},
      PRODUCT_CODE = #{productCode,jdbcType=VARCHAR},
      PRESALE_DATE = #{presaleDate,jdbcType=TIMESTAMP},
      DOWN_TIME = #{downTime,jdbcType=TIMESTAMP},
      UPDATE_TIME = #{updateTime,jdbcType=TIMESTAMP},
      WORKSPACE_ID = #{workspaceId,jdbcType=VARCHAR},
      ITEM_MEAL_NAME = #{itemMealName,jdbcType=VARCHAR},
      PIC_PATH = #{picPath,jdbcType=VARCHAR},
      SELLER_NICK = #{sellerNick,jdbcType=VARCHAR},
      BUYER_NICK = #{buyerNick,jdbcType=VARCHAR},
      REFUND_STATUS = #{refundStatus,jdbcType=VARCHAR},
      PRODUCT_OUTER_ID = #{productOuterId,jdbcType=VARCHAR},
      SNAPSHOT_URL = #{snapshotUrl,jdbcType=VARCHAR},
      SNAPSHOT = #{snapshot,jdbcType=VARCHAR},
      TIMEOUT_ACTION_TIME = #{timeoutActionTime,jdbcType=TIMESTAMP},
      BUYER_RATE = #{buyerRate,jdbcType=DECIMAL},
      SELLER_RATE = #{sellerRate,jdbcType=DECIMAL},
      SELLER_TYPE = #{sellerType,jdbcType=VARCHAR},
      CID = #{cid,jdbcType=DECIMAL},
      SUB_ORDER_TAX_FEE = #{subOrderTaxFee,jdbcType=DECIMAL},
      SUB_ORDER_TAX_RATE = #{subOrderTaxRate,jdbcType=DECIMAL},
      SUB_ORDER_ID = #{subOrderId,jdbcType=DECIMAL},
      SUB_ORDER_STATUS = #{subOrderStatus,jdbcType=VARCHAR},
      PRODUCT_NAME = #{productName,jdbcType=VARCHAR},
      TYPE = #{type,jdbcType=VARCHAR},
      IID = #{iid,jdbcType=VARCHAR},
      PRICE = #{price,jdbcType=DECIMAL},
      PRODUCT_NUM_ID = #{productNumId,jdbcType=DECIMAL},
      ITEM_MEAL_ID = #{itemMealId,jdbcType=DECIMAL},
      SKU_NUM_ID = #{skuNumId,jdbcType=VARCHAR},
      QTY = #{qty,jdbcType=DECIMAL},
      SKU_OUTER_ID = #{skuOuterId,jdbcType=VARCHAR},
      ORDER_FROM = #{orderFrom,jdbcType=VARCHAR},
      TOTAL_FEE = #{totalFee,jdbcType=DECIMAL},
      PAYMENT = #{payment,jdbcType=DECIMAL},
      DISCOUNT_FEE = #{discountFee,jdbcType=DECIMAL},
      ADJUST_FEE = #{adjustFee,jdbcType=DECIMAL},
      MODIFIED = #{modified,jdbcType=TIMESTAMP},
      SKU_PROPERTIES_NAME = #{skuPropertiesName,jdbcType=VARCHAR},
      REFUND_ID = #{refundId,jdbcType=DECIMAL},
      IS_OVERSOLD = #{isOversold,jdbcType=DECIMAL},
      IS_SERVICE_ORDER = #{isServiceOrder,jdbcType=DECIMAL},
      END_TIME = #{endTime,jdbcType=TIMESTAMP},
      CONSIGN_TIME = #{consignTime,jdbcType=TIMESTAMP},
      SHIPPING_TYPE = #{shippingType,jdbcType=VARCHAR},
      BIND_OID = #{bindOid,jdbcType=DECIMAL},
      LOGISTICS_COMPANY = #{logisticsCompany,jdbcType=VARCHAR},
      INVOICE_NO = #{invoiceNo,jdbcType=VARCHAR},
      IS_DAIXIAO = #{isDaixiao,jdbcType=DECIMAL},
      DIVIDE_ORDER_FEE = #{divideOrderFee,jdbcType=DECIMAL},
      PART_MJZ_DISCOUNT = #{partMjzDiscount,jdbcType=DECIMAL},
      TICKET_OUTER_ID = #{ticketOuterId,jdbcType=VARCHAR},
      TICKET_EXPDATE_KEY = #{ticketExpdateKey,jdbcType=VARCHAR},
      STORE_CODE = #{storeCode,jdbcType=VARCHAR},
      IS_WWW = #{isWww,jdbcType=DECIMAL},
      TMSER_SPU_CODE = #{tmserSpuCode,jdbcType=VARCHAR},
      BIND_OIDS = #{bindOids,jdbcType=VARCHAR},
      ZHENGJI_STATUS = #{zhengjiStatus,jdbcType=DECIMAL},
      MD_QUALIFICATION = #{mdQualification,jdbcType=VARCHAR},
      MD_FEE = #{mdFee,jdbcType=DECIMAL},
      CUSTOMIZATION = #{customization,jdbcType=VARCHAR},
      UPDATE_USER_ID = #{updateUserId,jdbcType=DECIMAL}
    where ITEM_UKID = #{itemUkid,jdbcType=DECIMAL}
  </update>
  <update id="updateOriginStatus" parameterType="com.wwwarehouse.xdw.datasync.dao.model.SeTaobaoItemDO">
    update se_taobao_item
    set update_time = sysdate,origin_order_status = #{originOrderStatus,jdbcType=DECIMAL}
    where trade_ukid = #{tradeUkid} and origin_order_status != #{originOrderStatus,jdbcType=DECIMAL}
    <if test="originOrderStatus == 200">
      and origin_order_status <![CDATA[ < ]]> #{originOrderStatus,jdbcType=DECIMAL}
    </if>
  </update>
  <select id="getsItemByProduct"  resultType="java.lang.Long">
    select
    DISTINCT t.trade_ukid
    from se_taobao_item t
    inner join se_taobao_trade d on d.trade_ukid = t.trade_ukid
    where  t.product_num_id = #{productNumId,jdbcType=DECIMAL} and t.sku_num_id = #{skuNumId,jdbcType=VARCHAR} and d.shop_id =  #{shopId,jdbcType=DECIMAL} and t.origin_order_status = 130
  </select>
  <select id="getsByTradeUkid" parameterType="java.lang.Long" resultMap="BaseResultMap">
    select
    <include refid="Base_Column_List" />
    from se_taobao_item
    where  trade_ukid = #{tradeUkid,jdbcType=DECIMAL}
  </select>
  <cache />
</mapper>