<?xml version="1.0" encoding="UTF-8"?>
<!DOCTYPE mapper PUBLIC "-//mybatis.org//DTD Mapper 3.0//EN" "http://mybatis.org/dtd/mybatis-3-mapper.dtd">
<mapper namespace="com.wwwarehouse.xdw.datasync.dao.mapper.SeYhdRefundItemDOMapper">
  <resultMap id="BaseResultMap" type="com.wwwarehouse.xdw.datasync.dao.model.SeYhdRefundItemDO">
    <id column="REFUND_ITEM_UKID" jdbcType="DECIMAL" property="refundItemUkid" />
    <result column="REFUND_UKID" jdbcType="DECIMAL" property="refundUkid" />
    <result column="PRODUCT_ID" jdbcType="VARCHAR" property="productId" />
    <result column="PRODUCT_CNAME" jdbcType="VARCHAR" property="productCname" />
    <result column="ORDER_ITEM_NUM" jdbcType="DECIMAL" property="orderItemNum" />
    <result column="ORDER_ITEM_PRICE" jdbcType="DECIMAL" property="orderItemPrice" />
    <result column="PRODUCT_REFUND_NUM" jdbcType="DECIMAL" property="productRefundNum" />
    <result column="ORIGINAL_REFUND_NUM" jdbcType="DECIMAL" property="originalRefundNum" />
    <result column="ORDER_ITEM_ID" jdbcType="DECIMAL" property="orderItemId" />
    <result column="CREATE_TIME" jdbcType="TIMESTAMP" property="createTime" />
    <result column="CREATE_USER_ID" jdbcType="DECIMAL" property="createUserId" />
    <result column="UPDATE_TIME" jdbcType="TIMESTAMP" property="updateTime" />
    <result column="UPDATE_USER_ID" jdbcType="DECIMAL" property="updateUserId" />
  </resultMap>
  <sql id="Example_Where_Clause">
    <where>
      <foreach collection="oredCriteria" item="criteria" separator="or">
        <if test="criteria.valid">
          <trim prefix="(" prefixOverrides="and" suffix=")">
            <foreach collection="criteria.criteria" item="criterion">
              <choose>
                <when test="criterion.noValue">
                  and ${criterion.condition}
                </when>
                <when test="criterion.singleValue">
                  and ${criterion.condition} #{criterion.value}
                </when>
                <when test="criterion.betweenValue">
                  and ${criterion.condition} #{criterion.value} and #{criterion.secondValue}
                </when>
                <when test="criterion.listValue">
                  and ${criterion.condition}
                  <foreach close=")" collection="criterion.value" item="listItem" open="(" separator=",">
                    #{listItem}
                  </foreach>
                </when>
              </choose>
            </foreach>
          </trim>
        </if>
      </foreach>
    </where>
  </sql>
  <sql id="Update_By_Example_Where_Clause">
    <where>
      <foreach collection="example.oredCriteria" item="criteria" separator="or">
        <if test="criteria.valid">
          <trim prefix="(" prefixOverrides="and" suffix=")">
            <foreach collection="criteria.criteria" item="criterion">
              <choose>
                <when test="criterion.noValue">
                  and ${criterion.condition}
                </when>
                <when test="criterion.singleValue">
                  and ${criterion.condition} #{criterion.value}
                </when>
                <when test="criterion.betweenValue">
                  and ${criterion.condition} #{criterion.value} and #{criterion.secondValue}
                </when>
                <when test="criterion.listValue">
                  and ${criterion.condition}
                  <foreach close=")" collection="criterion.value" item="listItem" open="(" separator=",">
                    #{listItem}
                  </foreach>
                </when>
              </choose>
            </foreach>
          </trim>
        </if>
      </foreach>
    </where>
  </sql>
  <sql id="Base_Column_List">
    REFUND_ITEM_UKID, REFUND_UKID, PRODUCT_ID, PRODUCT_CNAME, ORDER_ITEM_NUM, ORDER_ITEM_PRICE, 
    PRODUCT_REFUND_NUM, ORIGINAL_REFUND_NUM, ORDER_ITEM_ID, CREATE_TIME, CREATE_USER_ID, 
    UPDATE_TIME, UPDATE_USER_ID
  </sql>
  <select id="selectByExample" parameterType="com.wwwarehouse.xdw.datasync.dao.model.SeYhdRefundItemDOExample" resultMap="BaseResultMap">
    select
    <if test="distinct">
      distinct
    </if>
    <include refid="Base_Column_List" />
    from SE_YHD_REFUND_ITEM
    <if test="_parameter != null">
      <include refid="Example_Where_Clause" />
    </if>
    <if test="orderByClause != null">
      order by ${orderByClause}
    </if>
    <if test="limit != null">
      <if test="offset != null">
        OFFSET ${offset} rows fetch first ${limit} rows only
      </if>
      <if test="offset == null">
        fetch first ${limit} rows only
      </if>
    </if>
  </select>
  <select id="selectByPrimaryKey" parameterType="java.lang.Short" resultMap="BaseResultMap">
    select 
    <include refid="Base_Column_List" />
    from SE_YHD_REFUND_ITEM
    where REFUND_ITEM_UKID = #{refundItemUkid,jdbcType=DECIMAL}
  </select>
  <delete id="deleteByPrimaryKey" parameterType="java.lang.Short">
    delete from SE_YHD_REFUND_ITEM
    where REFUND_ITEM_UKID = #{refundItemUkid,jdbcType=DECIMAL}
  </delete>
  <delete id="deleteByExample" parameterType="com.wwwarehouse.xdw.datasync.dao.model.SeYhdRefundItemDOExample">
    delete from SE_YHD_REFUND_ITEM
    <if test="_parameter != null">
      <include refid="Example_Where_Clause" />
    </if>
  </delete>
  <insert id="insert" parameterType="com.wwwarehouse.xdw.datasync.dao.model.SeYhdRefundItemDO">
    insert into SE_YHD_REFUND_ITEM (REFUND_ITEM_UKID, REFUND_UKID, PRODUCT_ID, 
      PRODUCT_CNAME, ORDER_ITEM_NUM, ORDER_ITEM_PRICE, 
      PRODUCT_REFUND_NUM, ORIGINAL_REFUND_NUM, ORDER_ITEM_ID, 
      CREATE_TIME, CREATE_USER_ID, UPDATE_TIME, 
      UPDATE_USER_ID)
    values (#{refundItemUkid,jdbcType=DECIMAL}, #{refundUkid,jdbcType=DECIMAL}, #{productId,jdbcType=VARCHAR}, 
      #{productCname,jdbcType=VARCHAR}, #{orderItemNum,jdbcType=DECIMAL}, #{orderItemPrice,jdbcType=DECIMAL}, 
      #{productRefundNum,jdbcType=DECIMAL}, #{originalRefundNum,jdbcType=DECIMAL}, #{orderItemId,jdbcType=DECIMAL}, 
      #{createTime,jdbcType=TIMESTAMP}, #{createUserId,jdbcType=DECIMAL}, #{updateTime,jdbcType=TIMESTAMP}, 
      #{updateUserId,jdbcType=DECIMAL})
  </insert>
  <insert id="insertSelective" parameterType="com.wwwarehouse.xdw.datasync.dao.model.SeYhdRefundItemDO">
    insert into SE_YHD_REFUND_ITEM
    <trim prefix="(" suffix=")" suffixOverrides=",">
      <if test="refundItemUkid != null">
        REFUND_ITEM_UKID,
      </if>
      <if test="refundUkid != null">
        REFUND_UKID,
      </if>
      <if test="productId != null">
        PRODUCT_ID,
      </if>
      <if test="productCname != null">
        PRODUCT_CNAME,
      </if>
      <if test="orderItemNum != null">
        ORDER_ITEM_NUM,
      </if>
      <if test="orderItemPrice != null">
        ORDER_ITEM_PRICE,
      </if>
      <if test="productRefundNum != null">
        PRODUCT_REFUND_NUM,
      </if>
      <if test="originalRefundNum != null">
        ORIGINAL_REFUND_NUM,
      </if>
      <if test="orderItemId != null">
        ORDER_ITEM_ID,
      </if>
      <if test="createTime != null">
        CREATE_TIME,
      </if>
      <if test="createUserId != null">
        CREATE_USER_ID,
      </if>
      <if test="updateTime != null">
        UPDATE_TIME,
      </if>
      <if test="updateUserId != null">
        UPDATE_USER_ID,
      </if>
    </trim>
    <trim prefix="values (" suffix=")" suffixOverrides=",">
      <if test="refundItemUkid != null">
        #{refundItemUkid,jdbcType=DECIMAL},
      </if>
      <if test="refundUkid != null">
        #{refundUkid,jdbcType=DECIMAL},
      </if>
      <if test="productId != null">
        #{productId,jdbcType=VARCHAR},
      </if>
      <if test="productCname != null">
        #{productCname,jdbcType=VARCHAR},
      </if>
      <if test="orderItemNum != null">
        #{orderItemNum,jdbcType=DECIMAL},
      </if>
      <if test="orderItemPrice != null">
        #{orderItemPrice,jdbcType=DECIMAL},
      </if>
      <if test="productRefundNum != null">
        #{productRefundNum,jdbcType=DECIMAL},
      </if>
      <if test="originalRefundNum != null">
        #{originalRefundNum,jdbcType=DECIMAL},
      </if>
      <if test="orderItemId != null">
        #{orderItemId,jdbcType=DECIMAL},
      </if>
      <if test="createTime != null">
        #{createTime,jdbcType=TIMESTAMP},
      </if>
      <if test="createUserId != null">
        #{createUserId,jdbcType=DECIMAL},
      </if>
      <if test="updateTime != null">
        #{updateTime,jdbcType=TIMESTAMP},
      </if>
      <if test="updateUserId != null">
        #{updateUserId,jdbcType=DECIMAL},
      </if>
    </trim>
  </insert>
  <select id="countByExample" parameterType="com.wwwarehouse.xdw.datasync.dao.model.SeYhdRefundItemDOExample" resultType="java.lang.Long">
    select count(*) from SE_YHD_REFUND_ITEM
    <if test="_parameter != null">
      <include refid="Example_Where_Clause" />
    </if>
  </select>
  <update id="updateByExampleSelective" parameterType="map">
    update SE_YHD_REFUND_ITEM
    <set>
      <if test="record.refundItemUkid != null">
        REFUND_ITEM_UKID = #{record.refundItemUkid,jdbcType=DECIMAL},
      </if>
      <if test="record.refundUkid != null">
        REFUND_UKID = #{record.refundUkid,jdbcType=DECIMAL},
      </if>
      <if test="record.productId != null">
        PRODUCT_ID = #{record.productId,jdbcType=VARCHAR},
      </if>
      <if test="record.productCname != null">
        PRODUCT_CNAME = #{record.productCname,jdbcType=VARCHAR},
      </if>
      <if test="record.orderItemNum != null">
        ORDER_ITEM_NUM = #{record.orderItemNum,jdbcType=DECIMAL},
      </if>
      <if test="record.orderItemPrice != null">
        ORDER_ITEM_PRICE = #{record.orderItemPrice,jdbcType=DECIMAL},
      </if>
      <if test="record.productRefundNum != null">
        PRODUCT_REFUND_NUM = #{record.productRefundNum,jdbcType=DECIMAL},
      </if>
      <if test="record.originalRefundNum != null">
        ORIGINAL_REFUND_NUM = #{record.originalRefundNum,jdbcType=DECIMAL},
      </if>
      <if test="record.orderItemId != null">
        ORDER_ITEM_ID = #{record.orderItemId,jdbcType=DECIMAL},
      </if>
      <if test="record.createTime != null">
        CREATE_TIME = #{record.createTime,jdbcType=TIMESTAMP},
      </if>
      <if test="record.createUserId != null">
        CREATE_USER_ID = #{record.createUserId,jdbcType=DECIMAL},
      </if>
      <if test="record.updateTime != null">
        UPDATE_TIME = #{record.updateTime,jdbcType=TIMESTAMP},
      </if>
      <if test="record.updateUserId != null">
        UPDATE_USER_ID = #{record.updateUserId,jdbcType=DECIMAL},
      </if>
    </set>
    <if test="_parameter != null">
      <include refid="Update_By_Example_Where_Clause" />
    </if>
  </update>
  <update id="updateByExample" parameterType="map">
    update SE_YHD_REFUND_ITEM
    set REFUND_ITEM_UKID = #{record.refundItemUkid,jdbcType=DECIMAL},
      REFUND_UKID = #{record.refundUkid,jdbcType=DECIMAL},
      PRODUCT_ID = #{record.productId,jdbcType=VARCHAR},
      PRODUCT_CNAME = #{record.productCname,jdbcType=VARCHAR},
      ORDER_ITEM_NUM = #{record.orderItemNum,jdbcType=DECIMAL},
      ORDER_ITEM_PRICE = #{record.orderItemPrice,jdbcType=DECIMAL},
      PRODUCT_REFUND_NUM = #{record.productRefundNum,jdbcType=DECIMAL},
      ORIGINAL_REFUND_NUM = #{record.originalRefundNum,jdbcType=DECIMAL},
      ORDER_ITEM_ID = #{record.orderItemId,jdbcType=DECIMAL},
      CREATE_TIME = #{record.createTime,jdbcType=TIMESTAMP},
      CREATE_USER_ID = #{record.createUserId,jdbcType=DECIMAL},
      UPDATE_TIME = #{record.updateTime,jdbcType=TIMESTAMP},
      UPDATE_USER_ID = #{record.updateUserId,jdbcType=DECIMAL}
    <if test="_parameter != null">
      <include refid="Update_By_Example_Where_Clause" />
    </if>
  </update>
  <update id="updateByPrimaryKeySelective" parameterType="com.wwwarehouse.xdw.datasync.dao.model.SeYhdRefundItemDO">
    update SE_YHD_REFUND_ITEM
    <set>
      <if test="refundUkid != null">
        REFUND_UKID = #{refundUkid,jdbcType=DECIMAL},
      </if>
      <if test="productId != null">
        PRODUCT_ID = #{productId,jdbcType=VARCHAR},
      </if>
      <if test="productCname != null">
        PRODUCT_CNAME = #{productCname,jdbcType=VARCHAR},
      </if>
      <if test="orderItemNum != null">
        ORDER_ITEM_NUM = #{orderItemNum,jdbcType=DECIMAL},
      </if>
      <if test="orderItemPrice != null">
        ORDER_ITEM_PRICE = #{orderItemPrice,jdbcType=DECIMAL},
      </if>
      <if test="productRefundNum != null">
        PRODUCT_REFUND_NUM = #{productRefundNum,jdbcType=DECIMAL},
      </if>
      <if test="originalRefundNum != null">
        ORIGINAL_REFUND_NUM = #{originalRefundNum,jdbcType=DECIMAL},
      </if>
      <if test="orderItemId != null">
        ORDER_ITEM_ID = #{orderItemId,jdbcType=DECIMAL},
      </if>
      <if test="createTime != null">
        CREATE_TIME = #{createTime,jdbcType=TIMESTAMP},
      </if>
      <if test="createUserId != null">
        CREATE_USER_ID = #{createUserId,jdbcType=DECIMAL},
      </if>
      <if test="updateTime != null">
        UPDATE_TIME = #{updateTime,jdbcType=TIMESTAMP},
      </if>
      <if test="updateUserId != null">
        UPDATE_USER_ID = #{updateUserId,jdbcType=DECIMAL},
      </if>
    </set>
    where REFUND_ITEM_UKID = #{refundItemUkid,jdbcType=DECIMAL}
  </update>
  <update id="updateByPrimaryKey" parameterType="com.wwwarehouse.xdw.datasync.dao.model.SeYhdRefundItemDO">
    update SE_YHD_REFUND_ITEM
    set REFUND_UKID = #{refundUkid,jdbcType=DECIMAL},
      PRODUCT_ID = #{productId,jdbcType=VARCHAR},
      PRODUCT_CNAME = #{productCname,jdbcType=VARCHAR},
      ORDER_ITEM_NUM = #{orderItemNum,jdbcType=DECIMAL},
      ORDER_ITEM_PRICE = #{orderItemPrice,jdbcType=DECIMAL},
      PRODUCT_REFUND_NUM = #{productRefundNum,jdbcType=DECIMAL},
      ORIGINAL_REFUND_NUM = #{originalRefundNum,jdbcType=DECIMAL},
      ORDER_ITEM_ID = #{orderItemId,jdbcType=DECIMAL},
      CREATE_TIME = #{createTime,jdbcType=TIMESTAMP},
      CREATE_USER_ID = #{createUserId,jdbcType=DECIMAL},
      UPDATE_TIME = #{updateTime,jdbcType=TIMESTAMP},
      UPDATE_USER_ID = #{updateUserId,jdbcType=DECIMAL}
    where REFUND_ITEM_UKID = #{refundItemUkid,jdbcType=DECIMAL}
  </update>
  <cache />
</mapper>