<?xml version="1.0" encoding="UTF-8"?>
<!DOCTYPE mapper PUBLIC "-//mybatis.org//DTD Mapper 3.0//EN" "http://mybatis.org/dtd/mybatis-3-mapper.dtd">
<mapper namespace="com.wwwarehouse.xdw.datasync.dao.mapper.SeYhdRefundDOMapper">
  <resultMap id="BaseResultMap" type="com.wwwarehouse.xdw.datasync.dao.model.SeYhdRefundDO">
    <id column="REFUND_UKID" jdbcType="DECIMAL" property="refundUkid" />
    <result column="SHOP_ID" jdbcType="DECIMAL" property="shopId" />
    <result column="DOWN_TIME" jdbcType="TIMESTAMP" property="downTime" />
    <result column="UPDATE_TIME" jdbcType="TIMESTAMP" property="updateTime" />
    <result column="REFUND_ID" jdbcType="VARCHAR" property="refundId" />
    <result column="ORDER_ID" jdbcType="VARCHAR" property="orderId" />
    <result column="ORDER_CODE" jdbcType="VARCHAR" property="orderCode" />
    <result column="REFUND_STATUS" jdbcType="VARCHAR" property="refundStatus" />
    <result column="DELIVERY_FEE" jdbcType="DECIMAL" property="deliveryFee" />
    <result column="PRODUCT_AMOUNT" jdbcType="DECIMAL" property="productAmount" />
    <result column="CONTACT_NAME" jdbcType="VARCHAR" property="contactName" />
    <result column="CONTACT_PHONE" jdbcType="VARCHAR" property="contactPhone" />
    <result column="SEND_BACK_ADDRESS" jdbcType="VARCHAR" property="sendBackAddress" />
    <result column="REASON_MSG" jdbcType="VARCHAR" property="reasonMsg" />
    <result column="REFUND_PROBLEM" jdbcType="VARCHAR" property="refundProblem" />
    <result column="EVIDENCE_PIC_URLS" jdbcType="VARCHAR" property="evidencePicUrls" />
    <result column="BUYER_NICK" jdbcType="VARCHAR" property="buyerNick" />
    <result column="RECEIVER_PHONE" jdbcType="VARCHAR" property="receiverPhone" />
    <result column="RECEIVER_ADDRESS" jdbcType="VARCHAR" property="receiverAddress" />
    <result column="REFUND_CREATE_TIME" jdbcType="TIMESTAMP" property="refundCreateTime" />
    <result column="MERCHANT_MARK" jdbcType="VARCHAR" property="merchantMark" />
    <result column="MERCHANT_REMARK" jdbcType="VARCHAR" property="merchantRemark" />
    <result column="APPROVE_DATE" jdbcType="TIMESTAMP" property="approveDate" />
    <result column="SEND_BACK_DATE" jdbcType="TIMESTAMP" property="sendBackDate" />
    <result column="REJECT_DATE" jdbcType="TIMESTAMP" property="rejectDate" />
    <result column="CANCEL_TIME" jdbcType="TIMESTAMP" property="cancelTime" />
    <result column="EXPRESS_NAME" jdbcType="VARCHAR" property="expressName" />
    <result column="EXPRESS_NBR" jdbcType="VARCHAR" property="expressNbr" />
    <result column="CONVERSION_STATUS" jdbcType="DECIMAL" property="conversionStatus" />
    <result column="TARGET_ORDER_UKID" jdbcType="DECIMAL" property="targetOrderUkid" />
    <result column="ORDER_STATUS" jdbcType="VARCHAR" property="orderStatus" />
    <result column="ISCS_RECEIPT_STATUS" jdbcType="VARCHAR" property="iscsReceiptStatus" />
    <result column="SERVICE_STATUS" jdbcType="VARCHAR" property="serviceStatus" />
    <result column="PROCESS_STATUS" jdbcType="DECIMAL" property="processStatus" />
    <result column="SUB_ORDER_ID" jdbcType="VARCHAR" property="subOrderId" />
    <result column="GOOD_STATUS" jdbcType="VARCHAR" property="goodStatus" />
    <result column="CREATE_USER_ID" jdbcType="DECIMAL" property="createUserId" />
    <result column="UPDATE_USER_ID" jdbcType="DECIMAL" property="updateUserId" />
  </resultMap>
  <sql id="Example_Where_Clause">
    <where>
      <foreach collection="oredCriteria" item="criteria" separator="or">
        <if test="criteria.valid">
          <trim prefix="(" prefixOverrides="and" suffix=")">
            <foreach collection="criteria.criteria" item="criterion">
              <choose>
                <when test="criterion.noValue">
                  and ${criterion.condition}
                </when>
                <when test="criterion.singleValue">
                  and ${criterion.condition} #{criterion.value}
                </when>
                <when test="criterion.betweenValue">
                  and ${criterion.condition} #{criterion.value} and #{criterion.secondValue}
                </when>
                <when test="criterion.listValue">
                  and ${criterion.condition}
                  <foreach close=")" collection="criterion.value" item="listItem" open="(" separator=",">
                    #{listItem}
                  </foreach>
                </when>
              </choose>
            </foreach>
          </trim>
        </if>
      </foreach>
    </where>
  </sql>
  <sql id="Update_By_Example_Where_Clause">
    <where>
      <foreach collection="example.oredCriteria" item="criteria" separator="or">
        <if test="criteria.valid">
          <trim prefix="(" prefixOverrides="and" suffix=")">
            <foreach collection="criteria.criteria" item="criterion">
              <choose>
                <when test="criterion.noValue">
                  and ${criterion.condition}
                </when>
                <when test="criterion.singleValue">
                  and ${criterion.condition} #{criterion.value}
                </when>
                <when test="criterion.betweenValue">
                  and ${criterion.condition} #{criterion.value} and #{criterion.secondValue}
                </when>
                <when test="criterion.listValue">
                  and ${criterion.condition}
                  <foreach close=")" collection="criterion.value" item="listItem" open="(" separator=",">
                    #{listItem}
                  </foreach>
                </when>
              </choose>
            </foreach>
          </trim>
        </if>
      </foreach>
    </where>
  </sql>
  <sql id="Base_Column_List">
    REFUND_UKID, SHOP_ID, DOWN_TIME, UPDATE_TIME, REFUND_ID, ORDER_ID, ORDER_CODE, REFUND_STATUS, 
    DELIVERY_FEE, PRODUCT_AMOUNT, CONTACT_NAME, CONTACT_PHONE, SEND_BACK_ADDRESS, REASON_MSG, 
    REFUND_PROBLEM, EVIDENCE_PIC_URLS, BUYER_NICK, RECEIVER_PHONE, RECEIVER_ADDRESS, 
    REFUND_CREATE_TIME, MERCHANT_MARK, MERCHANT_REMARK, APPROVE_DATE, SEND_BACK_DATE, 
    REJECT_DATE, CANCEL_TIME, EXPRESS_NAME, EXPRESS_NBR, CONVERSION_STATUS, TARGET_ORDER_UKID, 
    ORDER_STATUS, ISCS_RECEIPT_STATUS, SERVICE_STATUS, PROCESS_STATUS, SUB_ORDER_ID, 
    GOOD_STATUS, CREATE_USER_ID, UPDATE_USER_ID
  </sql>
  <select id="selectByExample" parameterType="com.wwwarehouse.xdw.datasync.dao.model.SeYhdRefundDOExample" resultMap="BaseResultMap">
    select
    <if test="distinct">
      distinct
    </if>
    <include refid="Base_Column_List" />
    from SE_YHD_REFUND
    <if test="_parameter != null">
      <include refid="Example_Where_Clause" />
    </if>
    <if test="orderByClause != null">
      order by ${orderByClause}
    </if>
    <if test="limit != null">
      <if test="offset != null">
        OFFSET ${offset} rows fetch first ${limit} rows only
      </if>
      <if test="offset == null">
        fetch first ${limit} rows only
      </if>
    </if>
  </select>
  <select id="selectByPrimaryKey" parameterType="java.lang.Short" resultMap="BaseResultMap">
    select 
    <include refid="Base_Column_List" />
    from SE_YHD_REFUND
    where REFUND_UKID = #{refundUkid,jdbcType=DECIMAL}
  </select>
  <delete id="deleteByPrimaryKey" parameterType="java.lang.Short">
    delete from SE_YHD_REFUND
    where REFUND_UKID = #{refundUkid,jdbcType=DECIMAL}
  </delete>
  <delete id="deleteByExample" parameterType="com.wwwarehouse.xdw.datasync.dao.model.SeYhdRefundDOExample">
    delete from SE_YHD_REFUND
    <if test="_parameter != null">
      <include refid="Example_Where_Clause" />
    </if>
  </delete>
  <insert id="insert" parameterType="com.wwwarehouse.xdw.datasync.dao.model.SeYhdRefundDO">
    insert into SE_YHD_REFUND (REFUND_UKID, SHOP_ID, DOWN_TIME, 
      UPDATE_TIME, REFUND_ID, ORDER_ID, 
      ORDER_CODE, REFUND_STATUS, DELIVERY_FEE, 
      PRODUCT_AMOUNT, CONTACT_NAME, CONTACT_PHONE, 
      SEND_BACK_ADDRESS, REASON_MSG, REFUND_PROBLEM, 
      EVIDENCE_PIC_URLS, BUYER_NICK, RECEIVER_PHONE, 
      RECEIVER_ADDRESS, REFUND_CREATE_TIME, MERCHANT_MARK, 
      MERCHANT_REMARK, APPROVE_DATE, SEND_BACK_DATE, 
      REJECT_DATE, CANCEL_TIME, EXPRESS_NAME, 
      EXPRESS_NBR, CONVERSION_STATUS, TARGET_ORDER_UKID, 
      ORDER_STATUS, ISCS_RECEIPT_STATUS, SERVICE_STATUS, 
      PROCESS_STATUS, SUB_ORDER_ID, GOOD_STATUS, 
      CREATE_USER_ID, UPDATE_USER_ID)
    values (#{refundUkid,jdbcType=DECIMAL}, #{shopId,jdbcType=DECIMAL}, #{downTime,jdbcType=TIMESTAMP}, 
      #{updateTime,jdbcType=TIMESTAMP}, #{refundId,jdbcType=VARCHAR}, #{orderId,jdbcType=VARCHAR}, 
      #{orderCode,jdbcType=VARCHAR}, #{refundStatus,jdbcType=VARCHAR}, #{deliveryFee,jdbcType=DECIMAL}, 
      #{productAmount,jdbcType=DECIMAL}, #{contactName,jdbcType=VARCHAR}, #{contactPhone,jdbcType=VARCHAR}, 
      #{sendBackAddress,jdbcType=VARCHAR}, #{reasonMsg,jdbcType=VARCHAR}, #{refundProblem,jdbcType=VARCHAR}, 
      #{evidencePicUrls,jdbcType=VARCHAR}, #{buyerNick,jdbcType=VARCHAR}, #{receiverPhone,jdbcType=VARCHAR}, 
      #{receiverAddress,jdbcType=VARCHAR}, #{refundCreateTime,jdbcType=TIMESTAMP}, #{merchantMark,jdbcType=VARCHAR}, 
      #{merchantRemark,jdbcType=VARCHAR}, #{approveDate,jdbcType=TIMESTAMP}, #{sendBackDate,jdbcType=TIMESTAMP}, 
      #{rejectDate,jdbcType=TIMESTAMP}, #{cancelTime,jdbcType=TIMESTAMP}, #{expressName,jdbcType=VARCHAR}, 
      #{expressNbr,jdbcType=VARCHAR}, #{conversionStatus,jdbcType=DECIMAL}, #{targetOrderUkid,jdbcType=DECIMAL}, 
      #{orderStatus,jdbcType=VARCHAR}, #{iscsReceiptStatus,jdbcType=VARCHAR}, #{serviceStatus,jdbcType=VARCHAR}, 
      #{processStatus,jdbcType=DECIMAL}, #{subOrderId,jdbcType=VARCHAR}, #{goodStatus,jdbcType=VARCHAR}, 
      #{createUserId,jdbcType=DECIMAL}, #{updateUserId,jdbcType=DECIMAL})
  </insert>
  <insert id="insertSelective" parameterType="com.wwwarehouse.xdw.datasync.dao.model.SeYhdRefundDO">
    insert into SE_YHD_REFUND
    <trim prefix="(" suffix=")" suffixOverrides=",">
      <if test="refundUkid != null">
        REFUND_UKID,
      </if>
      <if test="shopId != null">
        SHOP_ID,
      </if>
      <if test="downTime != null">
        DOWN_TIME,
      </if>
      <if test="updateTime != null">
        UPDATE_TIME,
      </if>
      <if test="refundId != null">
        REFUND_ID,
      </if>
      <if test="orderId != null">
        ORDER_ID,
      </if>
      <if test="orderCode != null">
        ORDER_CODE,
      </if>
      <if test="refundStatus != null">
        REFUND_STATUS,
      </if>
      <if test="deliveryFee != null">
        DELIVERY_FEE,
      </if>
      <if test="productAmount != null">
        PRODUCT_AMOUNT,
      </if>
      <if test="contactName != null">
        CONTACT_NAME,
      </if>
      <if test="contactPhone != null">
        CONTACT_PHONE,
      </if>
      <if test="sendBackAddress != null">
        SEND_BACK_ADDRESS,
      </if>
      <if test="reasonMsg != null">
        REASON_MSG,
      </if>
      <if test="refundProblem != null">
        REFUND_PROBLEM,
      </if>
      <if test="evidencePicUrls != null">
        EVIDENCE_PIC_URLS,
      </if>
      <if test="buyerNick != null">
        BUYER_NICK,
      </if>
      <if test="receiverPhone != null">
        RECEIVER_PHONE,
      </if>
      <if test="receiverAddress != null">
        RECEIVER_ADDRESS,
      </if>
      <if test="refundCreateTime != null">
        REFUND_CREATE_TIME,
      </if>
      <if test="merchantMark != null">
        MERCHANT_MARK,
      </if>
      <if test="merchantRemark != null">
        MERCHANT_REMARK,
      </if>
      <if test="approveDate != null">
        APPROVE_DATE,
      </if>
      <if test="sendBackDate != null">
        SEND_BACK_DATE,
      </if>
      <if test="rejectDate != null">
        REJECT_DATE,
      </if>
      <if test="cancelTime != null">
        CANCEL_TIME,
      </if>
      <if test="expressName != null">
        EXPRESS_NAME,
      </if>
      <if test="expressNbr != null">
        EXPRESS_NBR,
      </if>
      <if test="conversionStatus != null">
        CONVERSION_STATUS,
      </if>
      <if test="targetOrderUkid != null">
        TARGET_ORDER_UKID,
      </if>
      <if test="orderStatus != null">
        ORDER_STATUS,
      </if>
      <if test="iscsReceiptStatus != null">
        ISCS_RECEIPT_STATUS,
      </if>
      <if test="serviceStatus != null">
        SERVICE_STATUS,
      </if>
      <if test="processStatus != null">
        PROCESS_STATUS,
      </if>
      <if test="subOrderId != null">
        SUB_ORDER_ID,
      </if>
      <if test="goodStatus != null">
        GOOD_STATUS,
      </if>
      <if test="createUserId != null">
        CREATE_USER_ID,
      </if>
      <if test="updateUserId != null">
        UPDATE_USER_ID,
      </if>
    </trim>
    <trim prefix="values (" suffix=")" suffixOverrides=",">
      <if test="refundUkid != null">
        #{refundUkid,jdbcType=DECIMAL},
      </if>
      <if test="shopId != null">
        #{shopId,jdbcType=DECIMAL},
      </if>
      <if test="downTime != null">
        #{downTime,jdbcType=TIMESTAMP},
      </if>
      <if test="updateTime != null">
        #{updateTime,jdbcType=TIMESTAMP},
      </if>
      <if test="refundId != null">
        #{refundId,jdbcType=VARCHAR},
      </if>
      <if test="orderId != null">
        #{orderId,jdbcType=VARCHAR},
      </if>
      <if test="orderCode != null">
        #{orderCode,jdbcType=VARCHAR},
      </if>
      <if test="refundStatus != null">
        #{refundStatus,jdbcType=VARCHAR},
      </if>
      <if test="deliveryFee != null">
        #{deliveryFee,jdbcType=DECIMAL},
      </if>
      <if test="productAmount != null">
        #{productAmount,jdbcType=DECIMAL},
      </if>
      <if test="contactName != null">
        #{contactName,jdbcType=VARCHAR},
      </if>
      <if test="contactPhone != null">
        #{contactPhone,jdbcType=VARCHAR},
      </if>
      <if test="sendBackAddress != null">
        #{sendBackAddress,jdbcType=VARCHAR},
      </if>
      <if test="reasonMsg != null">
        #{reasonMsg,jdbcType=VARCHAR},
      </if>
      <if test="refundProblem != null">
        #{refundProblem,jdbcType=VARCHAR},
      </if>
      <if test="evidencePicUrls != null">
        #{evidencePicUrls,jdbcType=VARCHAR},
      </if>
      <if test="buyerNick != null">
        #{buyerNick,jdbcType=VARCHAR},
      </if>
      <if test="receiverPhone != null">
        #{receiverPhone,jdbcType=VARCHAR},
      </if>
      <if test="receiverAddress != null">
        #{receiverAddress,jdbcType=VARCHAR},
      </if>
      <if test="refundCreateTime != null">
        #{refundCreateTime,jdbcType=TIMESTAMP},
      </if>
      <if test="merchantMark != null">
        #{merchantMark,jdbcType=VARCHAR},
      </if>
      <if test="merchantRemark != null">
        #{merchantRemark,jdbcType=VARCHAR},
      </if>
      <if test="approveDate != null">
        #{approveDate,jdbcType=TIMESTAMP},
      </if>
      <if test="sendBackDate != null">
        #{sendBackDate,jdbcType=TIMESTAMP},
      </if>
      <if test="rejectDate != null">
        #{rejectDate,jdbcType=TIMESTAMP},
      </if>
      <if test="cancelTime != null">
        #{cancelTime,jdbcType=TIMESTAMP},
      </if>
      <if test="expressName != null">
        #{expressName,jdbcType=VARCHAR},
      </if>
      <if test="expressNbr != null">
        #{expressNbr,jdbcType=VARCHAR},
      </if>
      <if test="conversionStatus != null">
        #{conversionStatus,jdbcType=DECIMAL},
      </if>
      <if test="targetOrderUkid != null">
        #{targetOrderUkid,jdbcType=DECIMAL},
      </if>
      <if test="orderStatus != null">
        #{orderStatus,jdbcType=VARCHAR},
      </if>
      <if test="iscsReceiptStatus != null">
        #{iscsReceiptStatus,jdbcType=VARCHAR},
      </if>
      <if test="serviceStatus != null">
        #{serviceStatus,jdbcType=VARCHAR},
      </if>
      <if test="processStatus != null">
        #{processStatus,jdbcType=DECIMAL},
      </if>
      <if test="subOrderId != null">
        #{subOrderId,jdbcType=VARCHAR},
      </if>
      <if test="goodStatus != null">
        #{goodStatus,jdbcType=VARCHAR},
      </if>
      <if test="createUserId != null">
        #{createUserId,jdbcType=DECIMAL},
      </if>
      <if test="updateUserId != null">
        #{updateUserId,jdbcType=DECIMAL},
      </if>
    </trim>
  </insert>
  <select id="countByExample" parameterType="com.wwwarehouse.xdw.datasync.dao.model.SeYhdRefundDOExample" resultType="java.lang.Long">
    select count(*) from SE_YHD_REFUND
    <if test="_parameter != null">
      <include refid="Example_Where_Clause" />
    </if>
  </select>
  <update id="updateByExampleSelective" parameterType="map">
    update SE_YHD_REFUND
    <set>
      <if test="record.refundUkid != null">
        REFUND_UKID = #{record.refundUkid,jdbcType=DECIMAL},
      </if>
      <if test="record.shopId != null">
        SHOP_ID = #{record.shopId,jdbcType=DECIMAL},
      </if>
      <if test="record.downTime != null">
        DOWN_TIME = #{record.downTime,jdbcType=TIMESTAMP},
      </if>
      <if test="record.updateTime != null">
        UPDATE_TIME = #{record.updateTime,jdbcType=TIMESTAMP},
      </if>
      <if test="record.refundId != null">
        REFUND_ID = #{record.refundId,jdbcType=VARCHAR},
      </if>
      <if test="record.orderId != null">
        ORDER_ID = #{record.orderId,jdbcType=VARCHAR},
      </if>
      <if test="record.orderCode != null">
        ORDER_CODE = #{record.orderCode,jdbcType=VARCHAR},
      </if>
      <if test="record.refundStatus != null">
        REFUND_STATUS = #{record.refundStatus,jdbcType=VARCHAR},
      </if>
      <if test="record.deliveryFee != null">
        DELIVERY_FEE = #{record.deliveryFee,jdbcType=DECIMAL},
      </if>
      <if test="record.productAmount != null">
        PRODUCT_AMOUNT = #{record.productAmount,jdbcType=DECIMAL},
      </if>
      <if test="record.contactName != null">
        CONTACT_NAME = #{record.contactName,jdbcType=VARCHAR},
      </if>
      <if test="record.contactPhone != null">
        CONTACT_PHONE = #{record.contactPhone,jdbcType=VARCHAR},
      </if>
      <if test="record.sendBackAddress != null">
        SEND_BACK_ADDRESS = #{record.sendBackAddress,jdbcType=VARCHAR},
      </if>
      <if test="record.reasonMsg != null">
        REASON_MSG = #{record.reasonMsg,jdbcType=VARCHAR},
      </if>
      <if test="record.refundProblem != null">
        REFUND_PROBLEM = #{record.refundProblem,jdbcType=VARCHAR},
      </if>
      <if test="record.evidencePicUrls != null">
        EVIDENCE_PIC_URLS = #{record.evidencePicUrls,jdbcType=VARCHAR},
      </if>
      <if test="record.buyerNick != null">
        BUYER_NICK = #{record.buyerNick,jdbcType=VARCHAR},
      </if>
      <if test="record.receiverPhone != null">
        RECEIVER_PHONE = #{record.receiverPhone,jdbcType=VARCHAR},
      </if>
      <if test="record.receiverAddress != null">
        RECEIVER_ADDRESS = #{record.receiverAddress,jdbcType=VARCHAR},
      </if>
      <if test="record.refundCreateTime != null">
        REFUND_CREATE_TIME = #{record.refundCreateTime,jdbcType=TIMESTAMP},
      </if>
      <if test="record.merchantMark != null">
        MERCHANT_MARK = #{record.merchantMark,jdbcType=VARCHAR},
      </if>
      <if test="record.merchantRemark != null">
        MERCHANT_REMARK = #{record.merchantRemark,jdbcType=VARCHAR},
      </if>
      <if test="record.approveDate != null">
        APPROVE_DATE = #{record.approveDate,jdbcType=TIMESTAMP},
      </if>
      <if test="record.sendBackDate != null">
        SEND_BACK_DATE = #{record.sendBackDate,jdbcType=TIMESTAMP},
      </if>
      <if test="record.rejectDate != null">
        REJECT_DATE = #{record.rejectDate,jdbcType=TIMESTAMP},
      </if>
      <if test="record.cancelTime != null">
        CANCEL_TIME = #{record.cancelTime,jdbcType=TIMESTAMP},
      </if>
      <if test="record.expressName != null">
        EXPRESS_NAME = #{record.expressName,jdbcType=VARCHAR},
      </if>
      <if test="record.expressNbr != null">
        EXPRESS_NBR = #{record.expressNbr,jdbcType=VARCHAR},
      </if>
      <if test="record.conversionStatus != null">
        CONVERSION_STATUS = #{record.conversionStatus,jdbcType=DECIMAL},
      </if>
      <if test="record.targetOrderUkid != null">
        TARGET_ORDER_UKID = #{record.targetOrderUkid,jdbcType=DECIMAL},
      </if>
      <if test="record.orderStatus != null">
        ORDER_STATUS = #{record.orderStatus,jdbcType=VARCHAR},
      </if>
      <if test="record.iscsReceiptStatus != null">
        ISCS_RECEIPT_STATUS = #{record.iscsReceiptStatus,jdbcType=VARCHAR},
      </if>
      <if test="record.serviceStatus != null">
        SERVICE_STATUS = #{record.serviceStatus,jdbcType=VARCHAR},
      </if>
      <if test="record.processStatus != null">
        PROCESS_STATUS = #{record.processStatus,jdbcType=DECIMAL},
      </if>
      <if test="record.subOrderId != null">
        SUB_ORDER_ID = #{record.subOrderId,jdbcType=VARCHAR},
      </if>
      <if test="record.goodStatus != null">
        GOOD_STATUS = #{record.goodStatus,jdbcType=VARCHAR},
      </if>
      <if test="record.createUserId != null">
        CREATE_USER_ID = #{record.createUserId,jdbcType=DECIMAL},
      </if>
      <if test="record.updateUserId != null">
        UPDATE_USER_ID = #{record.updateUserId,jdbcType=DECIMAL},
      </if>
    </set>
    <if test="_parameter != null">
      <include refid="Update_By_Example_Where_Clause" />
    </if>
  </update>

  <select id="getRefund" resultMap="BaseResultMap" parameterType="java.lang.String">
    select
    <include refid="Base_Column_List" />
    from SE_YHD_REFUND
    where refund_code=#{refundCode}
  </select>


  <update id="updateByExample" parameterType="map">
    update SE_YHD_REFUND
    set REFUND_UKID = #{record.refundUkid,jdbcType=DECIMAL},
      SHOP_ID = #{record.shopId,jdbcType=DECIMAL},
      DOWN_TIME = #{record.downTime,jdbcType=TIMESTAMP},
      UPDATE_TIME = #{record.updateTime,jdbcType=TIMESTAMP},
      REFUND_ID = #{record.refundId,jdbcType=VARCHAR},
      ORDER_ID = #{record.orderId,jdbcType=VARCHAR},
      ORDER_CODE = #{record.orderCode,jdbcType=VARCHAR},
      REFUND_STATUS = #{record.refundStatus,jdbcType=VARCHAR},
      DELIVERY_FEE = #{record.deliveryFee,jdbcType=DECIMAL},
      PRODUCT_AMOUNT = #{record.productAmount,jdbcType=DECIMAL},
      CONTACT_NAME = #{record.contactName,jdbcType=VARCHAR},
      CONTACT_PHONE = #{record.contactPhone,jdbcType=VARCHAR},
      SEND_BACK_ADDRESS = #{record.sendBackAddress,jdbcType=VARCHAR},
      REASON_MSG = #{record.reasonMsg,jdbcType=VARCHAR},
      REFUND_PROBLEM = #{record.refundProblem,jdbcType=VARCHAR},
      EVIDENCE_PIC_URLS = #{record.evidencePicUrls,jdbcType=VARCHAR},
      BUYER_NICK = #{record.buyerNick,jdbcType=VARCHAR},
      RECEIVER_PHONE = #{record.receiverPhone,jdbcType=VARCHAR},
      RECEIVER_ADDRESS = #{record.receiverAddress,jdbcType=VARCHAR},
      REFUND_CREATE_TIME = #{record.refundCreateTime,jdbcType=TIMESTAMP},
      MERCHANT_MARK = #{record.merchantMark,jdbcType=VARCHAR},
      MERCHANT_REMARK = #{record.merchantRemark,jdbcType=VARCHAR},
      APPROVE_DATE = #{record.approveDate,jdbcType=TIMESTAMP},
      SEND_BACK_DATE = #{record.sendBackDate,jdbcType=TIMESTAMP},
      REJECT_DATE = #{record.rejectDate,jdbcType=TIMESTAMP},
      CANCEL_TIME = #{record.cancelTime,jdbcType=TIMESTAMP},
      EXPRESS_NAME = #{record.expressName,jdbcType=VARCHAR},
      EXPRESS_NBR = #{record.expressNbr,jdbcType=VARCHAR},
      CONVERSION_STATUS = #{record.conversionStatus,jdbcType=DECIMAL},
      TARGET_ORDER_UKID = #{record.targetOrderUkid,jdbcType=DECIMAL},
      ORDER_STATUS = #{record.orderStatus,jdbcType=VARCHAR},
      ISCS_RECEIPT_STATUS = #{record.iscsReceiptStatus,jdbcType=VARCHAR},
      SERVICE_STATUS = #{record.serviceStatus,jdbcType=VARCHAR},
      PROCESS_STATUS = #{record.processStatus,jdbcType=DECIMAL},
      SUB_ORDER_ID = #{record.subOrderId,jdbcType=VARCHAR},
      GOOD_STATUS = #{record.goodStatus,jdbcType=VARCHAR},
      CREATE_USER_ID = #{record.createUserId,jdbcType=DECIMAL},
      UPDATE_USER_ID = #{record.updateUserId,jdbcType=DECIMAL}
    <if test="_parameter != null">
      <include refid="Update_By_Example_Where_Clause" />
    </if>
  </update>
  <update id="updateByPrimaryKeySelective" parameterType="com.wwwarehouse.xdw.datasync.dao.model.SeYhdRefundDO">
    update SE_YHD_REFUND
    <set>
      <if test="shopId != null">
        SHOP_ID = #{shopId,jdbcType=DECIMAL},
      </if>
      <if test="downTime != null">
        DOWN_TIME = #{downTime,jdbcType=TIMESTAMP},
      </if>
      <if test="updateTime != null">
        UPDATE_TIME = #{updateTime,jdbcType=TIMESTAMP},
      </if>
      <if test="refundId != null">
        REFUND_ID = #{refundId,jdbcType=VARCHAR},
      </if>
      <if test="orderId != null">
        ORDER_ID = #{orderId,jdbcType=VARCHAR},
      </if>
      <if test="orderCode != null">
        ORDER_CODE = #{orderCode,jdbcType=VARCHAR},
      </if>
      <if test="refundStatus != null">
        REFUND_STATUS = #{refundStatus,jdbcType=VARCHAR},
      </if>
      <if test="deliveryFee != null">
        DELIVERY_FEE = #{deliveryFee,jdbcType=DECIMAL},
      </if>
      <if test="productAmount != null">
        PRODUCT_AMOUNT = #{productAmount,jdbcType=DECIMAL},
      </if>
      <if test="contactName != null">
        CONTACT_NAME = #{contactName,jdbcType=VARCHAR},
      </if>
      <if test="contactPhone != null">
        CONTACT_PHONE = #{contactPhone,jdbcType=VARCHAR},
      </if>
      <if test="sendBackAddress != null">
        SEND_BACK_ADDRESS = #{sendBackAddress,jdbcType=VARCHAR},
      </if>
      <if test="reasonMsg != null">
        REASON_MSG = #{reasonMsg,jdbcType=VARCHAR},
      </if>
      <if test="refundProblem != null">
        REFUND_PROBLEM = #{refundProblem,jdbcType=VARCHAR},
      </if>
      <if test="evidencePicUrls != null">
        EVIDENCE_PIC_URLS = #{evidencePicUrls,jdbcType=VARCHAR},
      </if>
      <if test="buyerNick != null">
        BUYER_NICK = #{buyerNick,jdbcType=VARCHAR},
      </if>
      <if test="receiverPhone != null">
        RECEIVER_PHONE = #{receiverPhone,jdbcType=VARCHAR},
      </if>
      <if test="receiverAddress != null">
        RECEIVER_ADDRESS = #{receiverAddress,jdbcType=VARCHAR},
      </if>
      <if test="refundCreateTime != null">
        REFUND_CREATE_TIME = #{refundCreateTime,jdbcType=TIMESTAMP},
      </if>
      <if test="merchantMark != null">
        MERCHANT_MARK = #{merchantMark,jdbcType=VARCHAR},
      </if>
      <if test="merchantRemark != null">
        MERCHANT_REMARK = #{merchantRemark,jdbcType=VARCHAR},
      </if>
      <if test="approveDate != null">
        APPROVE_DATE = #{approveDate,jdbcType=TIMESTAMP},
      </if>
      <if test="sendBackDate != null">
        SEND_BACK_DATE = #{sendBackDate,jdbcType=TIMESTAMP},
      </if>
      <if test="rejectDate != null">
        REJECT_DATE = #{rejectDate,jdbcType=TIMESTAMP},
      </if>
      <if test="cancelTime != null">
        CANCEL_TIME = #{cancelTime,jdbcType=TIMESTAMP},
      </if>
      <if test="expressName != null">
        EXPRESS_NAME = #{expressName,jdbcType=VARCHAR},
      </if>
      <if test="expressNbr != null">
        EXPRESS_NBR = #{expressNbr,jdbcType=VARCHAR},
      </if>
      <if test="conversionStatus != null">
        CONVERSION_STATUS = #{conversionStatus,jdbcType=DECIMAL},
      </if>
      <if test="targetOrderUkid != null">
        TARGET_ORDER_UKID = #{targetOrderUkid,jdbcType=DECIMAL},
      </if>
      <if test="orderStatus != null">
        ORDER_STATUS = #{orderStatus,jdbcType=VARCHAR},
      </if>
      <if test="iscsReceiptStatus != null">
        ISCS_RECEIPT_STATUS = #{iscsReceiptStatus,jdbcType=VARCHAR},
      </if>
      <if test="serviceStatus != null">
        SERVICE_STATUS = #{serviceStatus,jdbcType=VARCHAR},
      </if>
      <if test="processStatus != null">
        PROCESS_STATUS = #{processStatus,jdbcType=DECIMAL},
      </if>
      <if test="subOrderId != null">
        SUB_ORDER_ID = #{subOrderId,jdbcType=VARCHAR},
      </if>
      <if test="goodStatus != null">
        GOOD_STATUS = #{goodStatus,jdbcType=VARCHAR},
      </if>
      <if test="createUserId != null">
        CREATE_USER_ID = #{createUserId,jdbcType=DECIMAL},
      </if>
      <if test="updateUserId != null">
        UPDATE_USER_ID = #{updateUserId,jdbcType=DECIMAL},
      </if>
    </set>
    where REFUND_UKID = #{refundUkid,jdbcType=DECIMAL}
  </update>
  <update id="updateByPrimaryKey" parameterType="com.wwwarehouse.xdw.datasync.dao.model.SeYhdRefundDO">
    update SE_YHD_REFUND
    set SHOP_ID = #{shopId,jdbcType=DECIMAL},
      DOWN_TIME = #{downTime,jdbcType=TIMESTAMP},
      UPDATE_TIME = #{updateTime,jdbcType=TIMESTAMP},
      REFUND_ID = #{refundId,jdbcType=VARCHAR},
      ORDER_ID = #{orderId,jdbcType=VARCHAR},
      ORDER_CODE = #{orderCode,jdbcType=VARCHAR},
      REFUND_STATUS = #{refundStatus,jdbcType=VARCHAR},
      DELIVERY_FEE = #{deliveryFee,jdbcType=DECIMAL},
      PRODUCT_AMOUNT = #{productAmount,jdbcType=DECIMAL},
      CONTACT_NAME = #{contactName,jdbcType=VARCHAR},
      CONTACT_PHONE = #{contactPhone,jdbcType=VARCHAR},
      SEND_BACK_ADDRESS = #{sendBackAddress,jdbcType=VARCHAR},
      REASON_MSG = #{reasonMsg,jdbcType=VARCHAR},
      REFUND_PROBLEM = #{refundProblem,jdbcType=VARCHAR},
      EVIDENCE_PIC_URLS = #{evidencePicUrls,jdbcType=VARCHAR},
      BUYER_NICK = #{buyerNick,jdbcType=VARCHAR},
      RECEIVER_PHONE = #{receiverPhone,jdbcType=VARCHAR},
      RECEIVER_ADDRESS = #{receiverAddress,jdbcType=VARCHAR},
      REFUND_CREATE_TIME = #{refundCreateTime,jdbcType=TIMESTAMP},
      MERCHANT_MARK = #{merchantMark,jdbcType=VARCHAR},
      MERCHANT_REMARK = #{merchantRemark,jdbcType=VARCHAR},
      APPROVE_DATE = #{approveDate,jdbcType=TIMESTAMP},
      SEND_BACK_DATE = #{sendBackDate,jdbcType=TIMESTAMP},
      REJECT_DATE = #{rejectDate,jdbcType=TIMESTAMP},
      CANCEL_TIME = #{cancelTime,jdbcType=TIMESTAMP},
      EXPRESS_NAME = #{expressName,jdbcType=VARCHAR},
      EXPRESS_NBR = #{expressNbr,jdbcType=VARCHAR},
      CONVERSION_STATUS = #{conversionStatus,jdbcType=DECIMAL},
      TARGET_ORDER_UKID = #{targetOrderUkid,jdbcType=DECIMAL},
      ORDER_STATUS = #{orderStatus,jdbcType=VARCHAR},
      ISCS_RECEIPT_STATUS = #{iscsReceiptStatus,jdbcType=VARCHAR},
      SERVICE_STATUS = #{serviceStatus,jdbcType=VARCHAR},
      PROCESS_STATUS = #{processStatus,jdbcType=DECIMAL},
      SUB_ORDER_ID = #{subOrderId,jdbcType=VARCHAR},
      GOOD_STATUS = #{goodStatus,jdbcType=VARCHAR},
      CREATE_USER_ID = #{createUserId,jdbcType=DECIMAL},
      UPDATE_USER_ID = #{updateUserId,jdbcType=DECIMAL}
    where REFUND_UKID = #{refundUkid,jdbcType=DECIMAL}
  </update>
  <update id="updateProcessStatus" parameterType="com.wwwarehouse.xdw.datasync.dao.model.SeYhdRefundDO">
    update SE_YHD_REFUND
    set update_time=sysdate,
    refund_status=#{refundStatus,jdbcType=VARCHAR},
    process_status=#{processStatus,jdbcType=DECIMAL},
    good_status=#{goodStatus,jdbcType=VARCHAR},
    delivery_fee=#{deliveryFee,jdbcType=DECIMAL},
    reason_msg=#{reasonMsg,jdbcType=VARCHAR},
    express_name=#{expressName,jdbcType=VARCHAR},
    express_nbr=#{expressNbr,jdbcType=VARCHAR},
    refund_problem=#{refundProblem,jdbcType=VARCHAR}
    where refund_ukid=#{refundUkid,jdbcType=DECIMAL}
  </update>

  <update id="updateRefundStatus" parameterType="com.wwwarehouse.xdw.datasync.dao.model.SeYhdRefundDO" >
    update SE_YHD_REFUND
    set update_time = sysdate,
    refund_status = #{refundStatus},
    product_amount = #{productAmount},
    reason_msg = #{reasonMsg},
    express_name = #{expressName},
    express_nbr = #{expressNbr},
    merchant_mark = #{merchantMark}
    where refund_ukid = #{refundUkid}
  </update>

  <cache />
</mapper>