<?xml version="1.0" encoding="UTF-8"?>
<!DOCTYPE mapper PUBLIC "-//mybatis.org//DTD Mapper 3.0//EN" "http://mybatis.org/dtd/mybatis-3-mapper.dtd">
<mapper namespace="com.wwwarehouse.xdw.datasync.dao.mapper.SeYhdItemDOMapper">
  <resultMap id="BaseResultMap" type="com.wwwarehouse.xdw.datasync.dao.model.SeYhdItemDO">
    <id column="ITEM_UKID" jdbcType="DECIMAL" property="itemUkid" />
    <result column="TRADE_UKID" jdbcType="DECIMAL" property="tradeUkid" />
    <result column="ORIGIN_ORDER_STATUS" jdbcType="DECIMAL" property="originOrderStatus" />
    <result column="SHOP_PRODUCT_UKID" jdbcType="DECIMAL" property="shopProductUkid" />
    <result column="PRODUCT_CODE_UKID" jdbcType="DECIMAL" property="productCodeUkid" />
    <result column="PRODUCT_CODE" jdbcType="VARCHAR" property="productCode" />
    <result column="PRESALE_DATE" jdbcType="TIMESTAMP" property="presaleDate" />
    <result column="DOWN_TIME" jdbcType="TIMESTAMP" property="downTime" />
    <result column="UPDATE_TIME" jdbcType="TIMESTAMP" property="updateTime" />
    <result column="WORKSPACE_ID" jdbcType="VARCHAR" property="workspaceId" />
    <result column="ORDER_ID" jdbcType="DECIMAL" property="orderId" />
    <result column="PRODUCT_CNAME" jdbcType="VARCHAR" property="productCname" />
    <result column="ORDER_ITEM_AMOUNT" jdbcType="DECIMAL" property="orderItemAmount" />
    <result column="ORDER_ITEM_NUM" jdbcType="DECIMAL" property="orderItemNum" />
    <result column="ORDER_ITEM_PRICE" jdbcType="DECIMAL" property="orderItemPrice" />
    <result column="ORIGINAL_PRICE" jdbcType="DECIMAL" property="originalPrice" />
    <result column="PRODUCT_ID" jdbcType="DECIMAL" property="productId" />
    <result column="GROUP_FLAG" jdbcType="DECIMAL" property="groupFlag" />
    <result column="MERCHANT_ID" jdbcType="DECIMAL" property="merchantId" />
    <result column="PROCESS_FINISH_DATE" jdbcType="TIMESTAMP" property="processFinishDate" />
    <result column="OUTER_ID" jdbcType="VARCHAR" property="outerId" />
    <result column="DELIVERY_FEE_AMOUNT" jdbcType="DECIMAL" property="deliveryFeeAmount" />
    <result column="PROMOTION_AMOUNT" jdbcType="DECIMAL" property="promotionAmount" />
    <result column="COUPON_AMOUNT_MERCHANT" jdbcType="DECIMAL" property="couponAmountMerchant" />
    <result column="COUPON_PLATFORM_DISCOUNT" jdbcType="DECIMAL" property="couponPlatformDiscount" />
    <result column="SUBSIDY_AMOUNT" jdbcType="DECIMAL" property="subsidyAmount" />
    <result column="PRODUCT_DEPOSIT" jdbcType="DECIMAL" property="productDeposit" />
    <result column="DISCOUNT_AMOUNT" jdbcType="DECIMAL" property="discountAmount" />
    <result column="SUB_ORDER_ID" jdbcType="DECIMAL" property="subOrderId" />
    <result column="UPDATE_USER_ID" jdbcType="DECIMAL" property="updateUserId" />
    <result column="CREATE_TIME" jdbcType="TIMESTAMP" property="createTime" />
  </resultMap>
  <sql id="Example_Where_Clause">
    <where>
      <foreach collection="oredCriteria" item="criteria" separator="or">
        <if test="criteria.valid">
          <trim prefix="(" prefixOverrides="and" suffix=")">
            <foreach collection="criteria.criteria" item="criterion">
              <choose>
                <when test="criterion.noValue">
                  and ${criterion.condition}
                </when>
                <when test="criterion.singleValue">
                  and ${criterion.condition} #{criterion.value}
                </when>
                <when test="criterion.betweenValue">
                  and ${criterion.condition} #{criterion.value} and #{criterion.secondValue}
                </when>
                <when test="criterion.listValue">
                  and ${criterion.condition}
                  <foreach close=")" collection="criterion.value" item="listItem" open="(" separator=",">
                    #{listItem}
                  </foreach>
                </when>
              </choose>
            </foreach>
          </trim>
        </if>
      </foreach>
    </where>
  </sql>
  <sql id="Update_By_Example_Where_Clause">
    <where>
      <foreach collection="example.oredCriteria" item="criteria" separator="or">
        <if test="criteria.valid">
          <trim prefix="(" prefixOverrides="and" suffix=")">
            <foreach collection="criteria.criteria" item="criterion">
              <choose>
                <when test="criterion.noValue">
                  and ${criterion.condition}
                </when>
                <when test="criterion.singleValue">
                  and ${criterion.condition} #{criterion.value}
                </when>
                <when test="criterion.betweenValue">
                  and ${criterion.condition} #{criterion.value} and #{criterion.secondValue}
                </when>
                <when test="criterion.listValue">
                  and ${criterion.condition}
                  <foreach close=")" collection="criterion.value" item="listItem" open="(" separator=",">
                    #{listItem}
                  </foreach>
                </when>
              </choose>
            </foreach>
          </trim>
        </if>
      </foreach>
    </where>
  </sql>
  <sql id="Base_Column_List">
    ITEM_UKID, TRADE_UKID, ORIGIN_ORDER_STATUS, SHOP_PRODUCT_UKID, PRODUCT_CODE_UKID, 
    PRODUCT_CODE, PRESALE_DATE, DOWN_TIME, UPDATE_TIME, WORKSPACE_ID, ORDER_ID, PRODUCT_CNAME, 
    ORDER_ITEM_AMOUNT, ORDER_ITEM_NUM, ORDER_ITEM_PRICE, ORIGINAL_PRICE, PRODUCT_ID, 
    GROUP_FLAG, MERCHANT_ID, PROCESS_FINISH_DATE, OUTER_ID, DELIVERY_FEE_AMOUNT, PROMOTION_AMOUNT, 
    COUPON_AMOUNT_MERCHANT, COUPON_PLATFORM_DISCOUNT, SUBSIDY_AMOUNT, PRODUCT_DEPOSIT, 
    DISCOUNT_AMOUNT, SUB_ORDER_ID, UPDATE_USER_ID, CREATE_TIME
  </sql>
  <select id="selectByExample" parameterType="com.wwwarehouse.xdw.datasync.dao.model.SeYhdItemDOExample" resultMap="BaseResultMap">
    select
    <if test="distinct">
      distinct
    </if>
    <include refid="Base_Column_List" />
    from SE_YHD_ITEM
    <if test="_parameter != null">
      <include refid="Example_Where_Clause" />
    </if>
    <if test="orderByClause != null">
      order by ${orderByClause}
    </if>
    <if test="limit != null">
      <if test="offset != null">
        OFFSET ${offset} rows fetch first ${limit} rows only
      </if>
      <if test="offset == null">
        fetch first ${limit} rows only
      </if>
    </if>
  </select>
  <select id="selectByPrimaryKey" parameterType="java.lang.Short" resultMap="BaseResultMap">
    select 
    <include refid="Base_Column_List" />
    from SE_YHD_ITEM
    where ITEM_UKID = #{itemUkid,jdbcType=DECIMAL}
  </select>
  <delete id="deleteByPrimaryKey" parameterType="java.lang.Short">
    delete from SE_YHD_ITEM
    where ITEM_UKID = #{itemUkid,jdbcType=DECIMAL}
  </delete>
  <delete id="deleteByExample" parameterType="com.wwwarehouse.xdw.datasync.dao.model.SeYhdItemDOExample">
    delete from SE_YHD_ITEM
    <if test="_parameter != null">
      <include refid="Example_Where_Clause" />
    </if>
  </delete>
  <insert id="insert" parameterType="com.wwwarehouse.xdw.datasync.dao.model.SeYhdItemDO">
    insert into SE_YHD_ITEM (ITEM_UKID, TRADE_UKID, ORIGIN_ORDER_STATUS, 
      SHOP_PRODUCT_UKID, PRODUCT_CODE_UKID, PRODUCT_CODE, 
      PRESALE_DATE, DOWN_TIME, UPDATE_TIME, 
      WORKSPACE_ID, ORDER_ID, PRODUCT_CNAME, 
      ORDER_ITEM_AMOUNT, ORDER_ITEM_NUM, ORDER_ITEM_PRICE, 
      ORIGINAL_PRICE, PRODUCT_ID, GROUP_FLAG, 
      MERCHANT_ID, PROCESS_FINISH_DATE, OUTER_ID, 
      DELIVERY_FEE_AMOUNT, PROMOTION_AMOUNT, COUPON_AMOUNT_MERCHANT, 
      COUPON_PLATFORM_DISCOUNT, SUBSIDY_AMOUNT, 
      PRODUCT_DEPOSIT, DISCOUNT_AMOUNT, SUB_ORDER_ID, 
      UPDATE_USER_ID, CREATE_TIME)
    values (#{itemUkid,jdbcType=DECIMAL}, #{tradeUkid,jdbcType=DECIMAL}, #{originOrderStatus,jdbcType=DECIMAL}, 
      #{shopProductUkid,jdbcType=DECIMAL}, #{productCodeUkid,jdbcType=DECIMAL}, #{productCode,jdbcType=VARCHAR}, 
      #{presaleDate,jdbcType=TIMESTAMP}, #{downTime,jdbcType=TIMESTAMP}, #{updateTime,jdbcType=TIMESTAMP}, 
      #{workspaceId,jdbcType=VARCHAR}, #{orderId,jdbcType=DECIMAL}, #{productCname,jdbcType=VARCHAR}, 
      #{orderItemAmount,jdbcType=DECIMAL}, #{orderItemNum,jdbcType=DECIMAL}, #{orderItemPrice,jdbcType=DECIMAL}, 
      #{originalPrice,jdbcType=DECIMAL}, #{productId,jdbcType=DECIMAL}, #{groupFlag,jdbcType=DECIMAL}, 
      #{merchantId,jdbcType=DECIMAL}, #{processFinishDate,jdbcType=TIMESTAMP}, #{outerId,jdbcType=VARCHAR}, 
      #{deliveryFeeAmount,jdbcType=DECIMAL}, #{promotionAmount,jdbcType=DECIMAL}, #{couponAmountMerchant,jdbcType=DECIMAL}, 
      #{couponPlatformDiscount,jdbcType=DECIMAL}, #{subsidyAmount,jdbcType=DECIMAL}, 
      #{productDeposit,jdbcType=DECIMAL}, #{discountAmount,jdbcType=DECIMAL}, #{subOrderId,jdbcType=DECIMAL}, 
      #{updateUserId,jdbcType=DECIMAL}, #{createTime,jdbcType=TIMESTAMP})
  </insert>

  <update id="updateOriginStatus" parameterType="com.wwwarehouse.xdw.datasync.dao.model.SeYhdItemDO">
    update se_yhd_item
    set update_time = sysdate,origin_order_status = #{originOrderStatus,jdbcType=DECIMAL}
    where trade_ukid = #{tradeUkid} and origin_order_status != #{originOrderStatus,jdbcType=DECIMAL}
    <if test="originOrderStatus == 200">
      and origin_order_status <![CDATA[ < ]]> #{originOrderStatus,jdbcType=DECIMAL}
    </if>
  </update>

  <select id="getsByTradeUkid" parameterType="java.lang.Long" resultMap="BaseResultMap">
    select
    <include refid="Base_Column_List" />
    from se_yhd_item
    where trade_ukid = #{tradeUkid,jdbcType=DECIMAL}
  </select>



  <insert id="insertSelective" parameterType="com.wwwarehouse.xdw.datasync.dao.model.SeYhdItemDO">
    insert into SE_YHD_ITEM
    <trim prefix="(" suffix=")" suffixOverrides=",">
      <if test="itemUkid != null">
        ITEM_UKID,
      </if>
      <if test="tradeUkid != null">
        TRADE_UKID,
      </if>
      <if test="originOrderStatus != null">
        ORIGIN_ORDER_STATUS,
      </if>
      <if test="shopProductUkid != null">
        SHOP_PRODUCT_UKID,
      </if>
      <if test="productCodeUkid != null">
        PRODUCT_CODE_UKID,
      </if>
      <if test="productCode != null">
        PRODUCT_CODE,
      </if>
      <if test="presaleDate != null">
        PRESALE_DATE,
      </if>
      <if test="downTime != null">
        DOWN_TIME,
      </if>
      <if test="updateTime != null">
        UPDATE_TIME,
      </if>
      <if test="workspaceId != null">
        WORKSPACE_ID,
      </if>
      <if test="orderId != null">
        ORDER_ID,
      </if>
      <if test="productCname != null">
        PRODUCT_CNAME,
      </if>
      <if test="orderItemAmount != null">
        ORDER_ITEM_AMOUNT,
      </if>
      <if test="orderItemNum != null">
        ORDER_ITEM_NUM,
      </if>
      <if test="orderItemPrice != null">
        ORDER_ITEM_PRICE,
      </if>
      <if test="originalPrice != null">
        ORIGINAL_PRICE,
      </if>
      <if test="productId != null">
        PRODUCT_ID,
      </if>
      <if test="groupFlag != null">
        GROUP_FLAG,
      </if>
      <if test="merchantId != null">
        MERCHANT_ID,
      </if>
      <if test="processFinishDate != null">
        PROCESS_FINISH_DATE,
      </if>
      <if test="outerId != null">
        OUTER_ID,
      </if>
      <if test="deliveryFeeAmount != null">
        DELIVERY_FEE_AMOUNT,
      </if>
      <if test="promotionAmount != null">
        PROMOTION_AMOUNT,
      </if>
      <if test="couponAmountMerchant != null">
        COUPON_AMOUNT_MERCHANT,
      </if>
      <if test="couponPlatformDiscount != null">
        COUPON_PLATFORM_DISCOUNT,
      </if>
      <if test="subsidyAmount != null">
        SUBSIDY_AMOUNT,
      </if>
      <if test="productDeposit != null">
        PRODUCT_DEPOSIT,
      </if>
      <if test="discountAmount != null">
        DISCOUNT_AMOUNT,
      </if>
      <if test="subOrderId != null">
        SUB_ORDER_ID,
      </if>
      <if test="updateUserId != null">
        UPDATE_USER_ID,
      </if>
      <if test="createTime != null">
        CREATE_TIME,
      </if>
    </trim>
    <trim prefix="values (" suffix=")" suffixOverrides=",">
      <if test="itemUkid != null">
        #{itemUkid,jdbcType=DECIMAL},
      </if>
      <if test="tradeUkid != null">
        #{tradeUkid,jdbcType=DECIMAL},
      </if>
      <if test="originOrderStatus != null">
        #{originOrderStatus,jdbcType=DECIMAL},
      </if>
      <if test="shopProductUkid != null">
        #{shopProductUkid,jdbcType=DECIMAL},
      </if>
      <if test="productCodeUkid != null">
        #{productCodeUkid,jdbcType=DECIMAL},
      </if>
      <if test="productCode != null">
        #{productCode,jdbcType=VARCHAR},
      </if>
      <if test="presaleDate != null">
        #{presaleDate,jdbcType=TIMESTAMP},
      </if>
      <if test="downTime != null">
        #{downTime,jdbcType=TIMESTAMP},
      </if>
      <if test="updateTime != null">
        #{updateTime,jdbcType=TIMESTAMP},
      </if>
      <if test="workspaceId != null">
        #{workspaceId,jdbcType=VARCHAR},
      </if>
      <if test="orderId != null">
        #{orderId,jdbcType=DECIMAL},
      </if>
      <if test="productCname != null">
        #{productCname,jdbcType=VARCHAR},
      </if>
      <if test="orderItemAmount != null">
        #{orderItemAmount,jdbcType=DECIMAL},
      </if>
      <if test="orderItemNum != null">
        #{orderItemNum,jdbcType=DECIMAL},
      </if>
      <if test="orderItemPrice != null">
        #{orderItemPrice,jdbcType=DECIMAL},
      </if>
      <if test="originalPrice != null">
        #{originalPrice,jdbcType=DECIMAL},
      </if>
      <if test="productId != null">
        #{productId,jdbcType=DECIMAL},
      </if>
      <if test="groupFlag != null">
        #{groupFlag,jdbcType=DECIMAL},
      </if>
      <if test="merchantId != null">
        #{merchantId,jdbcType=DECIMAL},
      </if>
      <if test="processFinishDate != null">
        #{processFinishDate,jdbcType=TIMESTAMP},
      </if>
      <if test="outerId != null">
        #{outerId,jdbcType=VARCHAR},
      </if>
      <if test="deliveryFeeAmount != null">
        #{deliveryFeeAmount,jdbcType=DECIMAL},
      </if>
      <if test="promotionAmount != null">
        #{promotionAmount,jdbcType=DECIMAL},
      </if>
      <if test="couponAmountMerchant != null">
        #{couponAmountMerchant,jdbcType=DECIMAL},
      </if>
      <if test="couponPlatformDiscount != null">
        #{couponPlatformDiscount,jdbcType=DECIMAL},
      </if>
      <if test="subsidyAmount != null">
        #{subsidyAmount,jdbcType=DECIMAL},
      </if>
      <if test="productDeposit != null">
        #{productDeposit,jdbcType=DECIMAL},
      </if>
      <if test="discountAmount != null">
        #{discountAmount,jdbcType=DECIMAL},
      </if>
      <if test="subOrderId != null">
        #{subOrderId,jdbcType=DECIMAL},
      </if>
      <if test="updateUserId != null">
        #{updateUserId,jdbcType=DECIMAL},
      </if>
      <if test="createTime != null">
        #{createTime,jdbcType=TIMESTAMP},
      </if>
    </trim>
  </insert>
  <select id="countByExample" parameterType="com.wwwarehouse.xdw.datasync.dao.model.SeYhdItemDOExample" resultType="java.lang.Long">
    select count(*) from SE_YHD_ITEM
    <if test="_parameter != null">
      <include refid="Example_Where_Clause" />
    </if>
  </select>
  <update id="updateByExampleSelective" parameterType="map">
    update SE_YHD_ITEM
    <set>
      <if test="record.itemUkid != null">
        ITEM_UKID = #{record.itemUkid,jdbcType=DECIMAL},
      </if>
      <if test="record.tradeUkid != null">
        TRADE_UKID = #{record.tradeUkid,jdbcType=DECIMAL},
      </if>
      <if test="record.originOrderStatus != null">
        ORIGIN_ORDER_STATUS = #{record.originOrderStatus,jdbcType=DECIMAL},
      </if>
      <if test="record.shopProductUkid != null">
        SHOP_PRODUCT_UKID = #{record.shopProductUkid,jdbcType=DECIMAL},
      </if>
      <if test="record.productCodeUkid != null">
        PRODUCT_CODE_UKID = #{record.productCodeUkid,jdbcType=DECIMAL},
      </if>
      <if test="record.productCode != null">
        PRODUCT_CODE = #{record.productCode,jdbcType=VARCHAR},
      </if>
      <if test="record.presaleDate != null">
        PRESALE_DATE = #{record.presaleDate,jdbcType=TIMESTAMP},
      </if>
      <if test="record.downTime != null">
        DOWN_TIME = #{record.downTime,jdbcType=TIMESTAMP},
      </if>
      <if test="record.updateTime != null">
        UPDATE_TIME = #{record.updateTime,jdbcType=TIMESTAMP},
      </if>
      <if test="record.workspaceId != null">
        WORKSPACE_ID = #{record.workspaceId,jdbcType=VARCHAR},
      </if>
      <if test="record.orderId != null">
        ORDER_ID = #{record.orderId,jdbcType=DECIMAL},
      </if>
      <if test="record.productCname != null">
        PRODUCT_CNAME = #{record.productCname,jdbcType=VARCHAR},
      </if>
      <if test="record.orderItemAmount != null">
        ORDER_ITEM_AMOUNT = #{record.orderItemAmount,jdbcType=DECIMAL},
      </if>
      <if test="record.orderItemNum != null">
        ORDER_ITEM_NUM = #{record.orderItemNum,jdbcType=DECIMAL},
      </if>
      <if test="record.orderItemPrice != null">
        ORDER_ITEM_PRICE = #{record.orderItemPrice,jdbcType=DECIMAL},
      </if>
      <if test="record.originalPrice != null">
        ORIGINAL_PRICE = #{record.originalPrice,jdbcType=DECIMAL},
      </if>
      <if test="record.productId != null">
        PRODUCT_ID = #{record.productId,jdbcType=DECIMAL},
      </if>
      <if test="record.groupFlag != null">
        GROUP_FLAG = #{record.groupFlag,jdbcType=DECIMAL},
      </if>
      <if test="record.merchantId != null">
        MERCHANT_ID = #{record.merchantId,jdbcType=DECIMAL},
      </if>
      <if test="record.processFinishDate != null">
        PROCESS_FINISH_DATE = #{record.processFinishDate,jdbcType=TIMESTAMP},
      </if>
      <if test="record.outerId != null">
        OUTER_ID = #{record.outerId,jdbcType=VARCHAR},
      </if>
      <if test="record.deliveryFeeAmount != null">
        DELIVERY_FEE_AMOUNT = #{record.deliveryFeeAmount,jdbcType=DECIMAL},
      </if>
      <if test="record.promotionAmount != null">
        PROMOTION_AMOUNT = #{record.promotionAmount,jdbcType=DECIMAL},
      </if>
      <if test="record.couponAmountMerchant != null">
        COUPON_AMOUNT_MERCHANT = #{record.couponAmountMerchant,jdbcType=DECIMAL},
      </if>
      <if test="record.couponPlatformDiscount != null">
        COUPON_PLATFORM_DISCOUNT = #{record.couponPlatformDiscount,jdbcType=DECIMAL},
      </if>
      <if test="record.subsidyAmount != null">
        SUBSIDY_AMOUNT = #{record.subsidyAmount,jdbcType=DECIMAL},
      </if>
      <if test="record.productDeposit != null">
        PRODUCT_DEPOSIT = #{record.productDeposit,jdbcType=DECIMAL},
      </if>
      <if test="record.discountAmount != null">
        DISCOUNT_AMOUNT = #{record.discountAmount,jdbcType=DECIMAL},
      </if>
      <if test="record.subOrderId != null">
        SUB_ORDER_ID = #{record.subOrderId,jdbcType=DECIMAL},
      </if>
      <if test="record.updateUserId != null">
        UPDATE_USER_ID = #{record.updateUserId,jdbcType=DECIMAL},
      </if>
      <if test="record.createTime != null">
        CREATE_TIME = #{record.createTime,jdbcType=TIMESTAMP},
      </if>
    </set>
    <if test="_parameter != null">
      <include refid="Update_By_Example_Where_Clause" />
    </if>
  </update>
  <update id="updateByExample" parameterType="map">
    update SE_YHD_ITEM
    set ITEM_UKID = #{record.itemUkid,jdbcType=DECIMAL},
      TRADE_UKID = #{record.tradeUkid,jdbcType=DECIMAL},
      ORIGIN_ORDER_STATUS = #{record.originOrderStatus,jdbcType=DECIMAL},
      SHOP_PRODUCT_UKID = #{record.shopProductUkid,jdbcType=DECIMAL},
      PRODUCT_CODE_UKID = #{record.productCodeUkid,jdbcType=DECIMAL},
      PRODUCT_CODE = #{record.productCode,jdbcType=VARCHAR},
      PRESALE_DATE = #{record.presaleDate,jdbcType=TIMESTAMP},
      DOWN_TIME = #{record.downTime,jdbcType=TIMESTAMP},
      UPDATE_TIME = #{record.updateTime,jdbcType=TIMESTAMP},
      WORKSPACE_ID = #{record.workspaceId,jdbcType=VARCHAR},
      ORDER_ID = #{record.orderId,jdbcType=DECIMAL},
      PRODUCT_CNAME = #{record.productCname,jdbcType=VARCHAR},
      ORDER_ITEM_AMOUNT = #{record.orderItemAmount,jdbcType=DECIMAL},
      ORDER_ITEM_NUM = #{record.orderItemNum,jdbcType=DECIMAL},
      ORDER_ITEM_PRICE = #{record.orderItemPrice,jdbcType=DECIMAL},
      ORIGINAL_PRICE = #{record.originalPrice,jdbcType=DECIMAL},
      PRODUCT_ID = #{record.productId,jdbcType=DECIMAL},
      GROUP_FLAG = #{record.groupFlag,jdbcType=DECIMAL},
      MERCHANT_ID = #{record.merchantId,jdbcType=DECIMAL},
      PROCESS_FINISH_DATE = #{record.processFinishDate,jdbcType=TIMESTAMP},
      OUTER_ID = #{record.outerId,jdbcType=VARCHAR},
      DELIVERY_FEE_AMOUNT = #{record.deliveryFeeAmount,jdbcType=DECIMAL},
      PROMOTION_AMOUNT = #{record.promotionAmount,jdbcType=DECIMAL},
      COUPON_AMOUNT_MERCHANT = #{record.couponAmountMerchant,jdbcType=DECIMAL},
      COUPON_PLATFORM_DISCOUNT = #{record.couponPlatformDiscount,jdbcType=DECIMAL},
      SUBSIDY_AMOUNT = #{record.subsidyAmount,jdbcType=DECIMAL},
      PRODUCT_DEPOSIT = #{record.productDeposit,jdbcType=DECIMAL},
      DISCOUNT_AMOUNT = #{record.discountAmount,jdbcType=DECIMAL},
      SUB_ORDER_ID = #{record.subOrderId,jdbcType=DECIMAL},
      UPDATE_USER_ID = #{record.updateUserId,jdbcType=DECIMAL},
      CREATE_TIME = #{record.createTime,jdbcType=TIMESTAMP}
    <if test="_parameter != null">
      <include refid="Update_By_Example_Where_Clause" />
    </if>
  </update>
  <update id="updateByPrimaryKeySelective" parameterType="com.wwwarehouse.xdw.datasync.dao.model.SeYhdItemDO">
    update SE_YHD_ITEM
    <set>
      <if test="tradeUkid != null">
        TRADE_UKID = #{tradeUkid,jdbcType=DECIMAL},
      </if>
      <if test="originOrderStatus != null">
        ORIGIN_ORDER_STATUS = #{originOrderStatus,jdbcType=DECIMAL},
      </if>
      <if test="shopProductUkid != null">
        SHOP_PRODUCT_UKID = #{shopProductUkid,jdbcType=DECIMAL},
      </if>
      <if test="productCodeUkid != null">
        PRODUCT_CODE_UKID = #{productCodeUkid,jdbcType=DECIMAL},
      </if>
      <if test="productCode != null">
        PRODUCT_CODE = #{productCode,jdbcType=VARCHAR},
      </if>
      <if test="presaleDate != null">
        PRESALE_DATE = #{presaleDate,jdbcType=TIMESTAMP},
      </if>
      <if test="downTime != null">
        DOWN_TIME = #{downTime,jdbcType=TIMESTAMP},
      </if>
      <if test="updateTime != null">
        UPDATE_TIME = #{updateTime,jdbcType=TIMESTAMP},
      </if>
      <if test="workspaceId != null">
        WORKSPACE_ID = #{workspaceId,jdbcType=VARCHAR},
      </if>
      <if test="orderId != null">
        ORDER_ID = #{orderId,jdbcType=DECIMAL},
      </if>
      <if test="productCname != null">
        PRODUCT_CNAME = #{productCname,jdbcType=VARCHAR},
      </if>
      <if test="orderItemAmount != null">
        ORDER_ITEM_AMOUNT = #{orderItemAmount,jdbcType=DECIMAL},
      </if>
      <if test="orderItemNum != null">
        ORDER_ITEM_NUM = #{orderItemNum,jdbcType=DECIMAL},
      </if>
      <if test="orderItemPrice != null">
        ORDER_ITEM_PRICE = #{orderItemPrice,jdbcType=DECIMAL},
      </if>
      <if test="originalPrice != null">
        ORIGINAL_PRICE = #{originalPrice,jdbcType=DECIMAL},
      </if>
      <if test="productId != null">
        PRODUCT_ID = #{productId,jdbcType=DECIMAL},
      </if>
      <if test="groupFlag != null">
        GROUP_FLAG = #{groupFlag,jdbcType=DECIMAL},
      </if>
      <if test="merchantId != null">
        MERCHANT_ID = #{merchantId,jdbcType=DECIMAL},
      </if>
      <if test="processFinishDate != null">
        PROCESS_FINISH_DATE = #{processFinishDate,jdbcType=TIMESTAMP},
      </if>
      <if test="outerId != null">
        OUTER_ID = #{outerId,jdbcType=VARCHAR},
      </if>
      <if test="deliveryFeeAmount != null">
        DELIVERY_FEE_AMOUNT = #{deliveryFeeAmount,jdbcType=DECIMAL},
      </if>
      <if test="promotionAmount != null">
        PROMOTION_AMOUNT = #{promotionAmount,jdbcType=DECIMAL},
      </if>
      <if test="couponAmountMerchant != null">
        COUPON_AMOUNT_MERCHANT = #{couponAmountMerchant,jdbcType=DECIMAL},
      </if>
      <if test="couponPlatformDiscount != null">
        COUPON_PLATFORM_DISCOUNT = #{couponPlatformDiscount,jdbcType=DECIMAL},
      </if>
      <if test="subsidyAmount != null">
        SUBSIDY_AMOUNT = #{subsidyAmount,jdbcType=DECIMAL},
      </if>
      <if test="productDeposit != null">
        PRODUCT_DEPOSIT = #{productDeposit,jdbcType=DECIMAL},
      </if>
      <if test="discountAmount != null">
        DISCOUNT_AMOUNT = #{discountAmount,jdbcType=DECIMAL},
      </if>
      <if test="subOrderId != null">
        SUB_ORDER_ID = #{subOrderId,jdbcType=DECIMAL},
      </if>
      <if test="updateUserId != null">
        UPDATE_USER_ID = #{updateUserId,jdbcType=DECIMAL},
      </if>
      <if test="createTime != null">
        CREATE_TIME = #{createTime,jdbcType=TIMESTAMP},
      </if>
    </set>
    where ITEM_UKID = #{itemUkid,jdbcType=DECIMAL}
  </update>
  <update id="updateByPrimaryKey" parameterType="com.wwwarehouse.xdw.datasync.dao.model.SeYhdItemDO">
    update SE_YHD_ITEM
    set TRADE_UKID = #{tradeUkid,jdbcType=DECIMAL},
      ORIGIN_ORDER_STATUS = #{originOrderStatus,jdbcType=DECIMAL},
      SHOP_PRODUCT_UKID = #{shopProductUkid,jdbcType=DECIMAL},
      PRODUCT_CODE_UKID = #{productCodeUkid,jdbcType=DECIMAL},
      PRODUCT_CODE = #{productCode,jdbcType=VARCHAR},
      PRESALE_DATE = #{presaleDate,jdbcType=TIMESTAMP},
      DOWN_TIME = #{downTime,jdbcType=TIMESTAMP},
      UPDATE_TIME = #{updateTime,jdbcType=TIMESTAMP},
      WORKSPACE_ID = #{workspaceId,jdbcType=VARCHAR},
      ORDER_ID = #{orderId,jdbcType=DECIMAL},
      PRODUCT_CNAME = #{productCname,jdbcType=VARCHAR},
      ORDER_ITEM_AMOUNT = #{orderItemAmount,jdbcType=DECIMAL},
      ORDER_ITEM_NUM = #{orderItemNum,jdbcType=DECIMAL},
      ORDER_ITEM_PRICE = #{orderItemPrice,jdbcType=DECIMAL},
      ORIGINAL_PRICE = #{originalPrice,jdbcType=DECIMAL},
      PRODUCT_ID = #{productId,jdbcType=DECIMAL},
      GROUP_FLAG = #{groupFlag,jdbcType=DECIMAL},
      MERCHANT_ID = #{merchantId,jdbcType=DECIMAL},
      PROCESS_FINISH_DATE = #{processFinishDate,jdbcType=TIMESTAMP},
      OUTER_ID = #{outerId,jdbcType=VARCHAR},
      DELIVERY_FEE_AMOUNT = #{deliveryFeeAmount,jdbcType=DECIMAL},
      PROMOTION_AMOUNT = #{promotionAmount,jdbcType=DECIMAL},
      COUPON_AMOUNT_MERCHANT = #{couponAmountMerchant,jdbcType=DECIMAL},
      COUPON_PLATFORM_DISCOUNT = #{couponPlatformDiscount,jdbcType=DECIMAL},
      SUBSIDY_AMOUNT = #{subsidyAmount,jdbcType=DECIMAL},
      PRODUCT_DEPOSIT = #{productDeposit,jdbcType=DECIMAL},
      DISCOUNT_AMOUNT = #{discountAmount,jdbcType=DECIMAL},
      SUB_ORDER_ID = #{subOrderId,jdbcType=DECIMAL},
      UPDATE_USER_ID = #{updateUserId,jdbcType=DECIMAL},
      CREATE_TIME = #{createTime,jdbcType=TIMESTAMP}
    where ITEM_UKID = #{itemUkid,jdbcType=DECIMAL}
  </update>
  <cache />
</mapper>