<?xml version="1.0" encoding="UTF-8"?>
<!DOCTYPE mapper PUBLIC "-//mybatis.org//DTD Mapper 3.0//EN" "http://mybatis.org/dtd/mybatis-3-mapper.dtd">
<mapper namespace="com.wwwarehouse.xdw.datasync.dao.mapper.SeYhdTradeDOMapper">
  <resultMap id="BaseResultMap" type="com.wwwarehouse.xdw.datasync.dao.model.SeYhdTradeDO">
    <id column="TRADE_UKID" jdbcType="DECIMAL" property="tradeUkid" />
    <result column="SHOP_ID" jdbcType="DECIMAL" property="shopId" />
    <result column="DOWN_TIME" jdbcType="TIMESTAMP" property="downTime" />
    <result column="RELEASE_TIME" jdbcType="TIMESTAMP" property="releaseTime" />
    <result column="ORIGIN_TRADE_STATUS" jdbcType="DECIMAL" property="originTradeStatus" />
    <result column="ORDER_ID" jdbcType="VARCHAR" property="orderId" />
    <result column="ORDER_CODE" jdbcType="VARCHAR" property="orderCode" />
    <result column="PLATFORM_ORDER_STATUS" jdbcType="VARCHAR" property="platformOrderStatus" />
    <result column="ORDER_AMOUNT" jdbcType="DECIMAL" property="orderAmount" />
    <result column="PRODUCT_AMOUNT" jdbcType="DECIMAL" property="productAmount" />
    <result column="ORDER_CREATE_TIME" jdbcType="TIMESTAMP" property="orderCreateTime" />
    <result column="FREIGHT_FEE" jdbcType="DECIMAL" property="freightFee" />
    <result column="ORDER_NEED_INVOICE" jdbcType="DECIMAL" property="orderNeedInvoice" />
    <result column="RECEIVER_NAME" jdbcType="VARCHAR" property="receiverName" />
    <result column="RECEIVER_ADDRESS" jdbcType="VARCHAR" property="receiverAddress" />
    <result column="RECEIVER_STATE" jdbcType="VARCHAR" property="receiverState" />
    <result column="RECEIVER_CITY" jdbcType="VARCHAR" property="receiverCity" />
    <result column="RECEIVER_COUNTY" jdbcType="VARCHAR" property="receiverCounty" />
    <result column="RECEIVER_ZIP" jdbcType="VARCHAR" property="receiverZip" />
    <result column="RECEIVER_PHONE" jdbcType="VARCHAR" property="receiverPhone" />
    <result column="RECEIVER_MOBILE" jdbcType="VARCHAR" property="receiverMobile" />
    <result column="DELIVERY_DATE" jdbcType="TIMESTAMP" property="deliveryDate" />
    <result column="CONSIGN_TIME" jdbcType="TIMESTAMP" property="consignTime" />
    <result column="BUYER_MESSAGE" jdbcType="VARCHAR" property="buyerMessage" />
    <result column="DELIVERY_SUPPLIER_ID" jdbcType="DECIMAL" property="deliverySupplierId" />
    <result column="SELLER_MEMO" jdbcType="VARCHAR" property="sellerMemo" />
    <result column="ORDER_PAY_TIME" jdbcType="TIMESTAMP" property="orderPayTime" />
    <result column="PAY_SERVICE_TYPE" jdbcType="DECIMAL" property="payServiceType" />
    <result column="ORDER_PROMOTION_DISCOUNT" jdbcType="DECIMAL" property="orderPromotionDiscount" />
    <result column="MERCHANT_EXPRESS_NBR" jdbcType="VARCHAR" property="merchantExpressNbr" />
    <result column="ORDER_MODIFY_TIME" jdbcType="TIMESTAMP" property="orderModifyTime" />
    <result column="ORDER_COUPON_DISCOUNT" jdbcType="DECIMAL" property="orderCouponDiscount" />
    <result column="ORDER_PLATFORM_DISCOUNT" jdbcType="DECIMAL" property="orderPlatformDiscount" />
    <result column="INVOICE_TITLE" jdbcType="VARCHAR" property="invoiceTitle" />
    <result column="INVOICE_CONTENT" jdbcType="VARCHAR" property="invoiceContent" />
    <result column="BUYER_NICK" jdbcType="VARCHAR" property="buyerNick" />
    <result column="REAL_AMOUNT" jdbcType="DECIMAL" property="realAmount" />
    <result column="WAREHOUSE_ID" jdbcType="DECIMAL" property="warehouseId" />
    <result column="IS_MOBILE_ORDER" jdbcType="DECIMAL" property="isMobileOrder" />
    <result column="BUSINESS_TYPE" jdbcType="DECIMAL" property="businessType" />
    <result column="ORDER_DEPOSIT" jdbcType="DECIMAL" property="orderDeposit" />
    <result column="IS_DEPOSIT_ORDER" jdbcType="DECIMAL" property="isDepositOrder" />
    <result column="DEPOSIT_PAID_TIME" jdbcType="TIMESTAMP" property="depositPaidTime" />
    <result column="APPLY_CANCEL" jdbcType="DECIMAL" property="applyCancel" />
    <result column="STORE_ID" jdbcType="DECIMAL" property="storeId" />
    <result column="STORE_NAME" jdbcType="VARCHAR" property="storeName" />
    <result column="EXTERNAL_STORE_ID" jdbcType="DECIMAL" property="externalStoreId" />
    <result column="COLLECT_ON_DELIVERY_AMOUNT" jdbcType="DECIMAL" property="collectOnDeliveryAmount" />
    <result column="ORDER_PROD_TYPE" jdbcType="DECIMAL" property="orderProdType" />
    <result column="PAYMENT_NO" jdbcType="VARCHAR" property="paymentNo" />
    <result column="GATEWAY_NAME" jdbcType="VARCHAR" property="gatewayName" />
    <result column="PAYMENT_TRANSACTION" jdbcType="VARCHAR" property="paymentTransaction" />
    <result column="TARGET_ORDER_UKID" jdbcType="DECIMAL" property="targetOrderUkid" />
    <result column="UPDATE_USER_ID" jdbcType="DECIMAL" property="updateUserId" />
    <result column="CREATE_USER_ID" jdbcType="DECIMAL" property="createUserId" />
    <result column="UPDATE_TIME" jdbcType="TIMESTAMP" property="updateTime" />
  </resultMap>
  <sql id="Example_Where_Clause">
    <where>
      <foreach collection="oredCriteria" item="criteria" separator="or">
        <if test="criteria.valid">
          <trim prefix="(" prefixOverrides="and" suffix=")">
            <foreach collection="criteria.criteria" item="criterion">
              <choose>
                <when test="criterion.noValue">
                  and ${criterion.condition}
                </when>
                <when test="criterion.singleValue">
                  and ${criterion.condition} #{criterion.value}
                </when>
                <when test="criterion.betweenValue">
                  and ${criterion.condition} #{criterion.value} and #{criterion.secondValue}
                </when>
                <when test="criterion.listValue">
                  and ${criterion.condition}
                  <foreach close=")" collection="criterion.value" item="listItem" open="(" separator=",">
                    #{listItem}
                  </foreach>
                </when>
              </choose>
            </foreach>
          </trim>
        </if>
      </foreach>
    </where>
  </sql>
  <sql id="Update_By_Example_Where_Clause">
    <where>
      <foreach collection="example.oredCriteria" item="criteria" separator="or">
        <if test="criteria.valid">
          <trim prefix="(" prefixOverrides="and" suffix=")">
            <foreach collection="criteria.criteria" item="criterion">
              <choose>
                <when test="criterion.noValue">
                  and ${criterion.condition}
                </when>
                <when test="criterion.singleValue">
                  and ${criterion.condition} #{criterion.value}
                </when>
                <when test="criterion.betweenValue">
                  and ${criterion.condition} #{criterion.value} and #{criterion.secondValue}
                </when>
                <when test="criterion.listValue">
                  and ${criterion.condition}
                  <foreach close=")" collection="criterion.value" item="listItem" open="(" separator=",">
                    #{listItem}
                  </foreach>
                </when>
              </choose>
            </foreach>
          </trim>
        </if>
      </foreach>
    </where>
  </sql>
  <sql id="Base_Column_List">
    TRADE_UKID, SHOP_ID, DOWN_TIME, RELEASE_TIME, ORIGIN_TRADE_STATUS, ORDER_ID, ORDER_CODE, 
    PLATFORM_ORDER_STATUS, ORDER_AMOUNT, PRODUCT_AMOUNT, ORDER_CREATE_TIME, FREIGHT_FEE, 
    ORDER_NEED_INVOICE, RECEIVER_NAME, RECEIVER_ADDRESS, RECEIVER_STATE, RECEIVER_CITY, 
    RECEIVER_COUNTY, RECEIVER_ZIP, RECEIVER_PHONE, RECEIVER_MOBILE, DELIVERY_DATE, CONSIGN_TIME, 
    BUYER_MESSAGE, DELIVERY_SUPPLIER_ID, SELLER_MEMO, ORDER_PAY_TIME, PAY_SERVICE_TYPE, 
    ORDER_PROMOTION_DISCOUNT, MERCHANT_EXPRESS_NBR, ORDER_MODIFY_TIME, ORDER_COUPON_DISCOUNT, 
    ORDER_PLATFORM_DISCOUNT, INVOICE_TITLE, INVOICE_CONTENT, BUYER_NICK, REAL_AMOUNT, 
    WAREHOUSE_ID, IS_MOBILE_ORDER, BUSINESS_TYPE, ORDER_DEPOSIT, IS_DEPOSIT_ORDER, DEPOSIT_PAID_TIME, 
    APPLY_CANCEL, STORE_ID, STORE_NAME, EXTERNAL_STORE_ID, COLLECT_ON_DELIVERY_AMOUNT, 
    ORDER_PROD_TYPE, PAYMENT_NO, GATEWAY_NAME, PAYMENT_TRANSACTION, TARGET_ORDER_UKID, 
    UPDATE_USER_ID, CREATE_USER_ID, UPDATE_TIME
  </sql>
  <select id="selectByExample" parameterType="com.wwwarehouse.xdw.datasync.dao.model.SeYhdTradeDOExample" resultMap="BaseResultMap">
    select
    <if test="distinct">
      distinct
    </if>
    <include refid="Base_Column_List" />
    from SE_YHD_TRADE
    <if test="_parameter != null">
      <include refid="Example_Where_Clause" />
    </if>
    <if test="orderByClause != null">
      order by ${orderByClause}
    </if>
    <if test="limit != null">
      <if test="offset != null">
        OFFSET ${offset} rows fetch first ${limit} rows only
      </if>
      <if test="offset == null">
        fetch first ${limit} rows only
      </if>
    </if>
  </select>
  <select id="selectByPrimaryKey" parameterType="java.lang.Short" resultMap="BaseResultMap">
    select 
    <include refid="Base_Column_List" />
    from SE_YHD_TRADE
    where TRADE_UKID = #{tradeUkid,jdbcType=DECIMAL}
  </select>
  <delete id="deleteByPrimaryKey" parameterType="java.lang.Short">
    delete from SE_YHD_TRADE
    where TRADE_UKID = #{tradeUkid,jdbcType=DECIMAL}
  </delete>
  <delete id="deleteByExample" parameterType="com.wwwarehouse.xdw.datasync.dao.model.SeYhdTradeDOExample">
    delete from SE_YHD_TRADE
    <if test="_parameter != null">
      <include refid="Example_Where_Clause" />
    </if>
  </delete>
  <insert id="insert" parameterType="com.wwwarehouse.xdw.datasync.dao.model.SeYhdTradeDO">
    insert into SE_YHD_TRADE (TRADE_UKID, SHOP_ID, DOWN_TIME, 
      RELEASE_TIME, ORIGIN_TRADE_STATUS, ORDER_ID, 
      ORDER_CODE, PLATFORM_ORDER_STATUS, ORDER_AMOUNT, 
      PRODUCT_AMOUNT, ORDER_CREATE_TIME, FREIGHT_FEE, 
      ORDER_NEED_INVOICE, RECEIVER_NAME, RECEIVER_ADDRESS, 
      RECEIVER_STATE, RECEIVER_CITY, RECEIVER_COUNTY, 
      RECEIVER_ZIP, RECEIVER_PHONE, RECEIVER_MOBILE, 
      DELIVERY_DATE, CONSIGN_TIME, BUYER_MESSAGE, 
      DELIVERY_SUPPLIER_ID, SELLER_MEMO, ORDER_PAY_TIME, 
      PAY_SERVICE_TYPE, ORDER_PROMOTION_DISCOUNT, 
      MERCHANT_EXPRESS_NBR, ORDER_MODIFY_TIME, 
      ORDER_COUPON_DISCOUNT, ORDER_PLATFORM_DISCOUNT, 
      INVOICE_TITLE, INVOICE_CONTENT, BUYER_NICK, 
      REAL_AMOUNT, WAREHOUSE_ID, IS_MOBILE_ORDER, 
      BUSINESS_TYPE, ORDER_DEPOSIT, IS_DEPOSIT_ORDER, 
      DEPOSIT_PAID_TIME, APPLY_CANCEL, STORE_ID, 
      STORE_NAME, EXTERNAL_STORE_ID, COLLECT_ON_DELIVERY_AMOUNT, 
      ORDER_PROD_TYPE, PAYMENT_NO, GATEWAY_NAME, 
      PAYMENT_TRANSACTION, TARGET_ORDER_UKID, UPDATE_USER_ID, 
      CREATE_USER_ID, UPDATE_TIME)
    values (#{tradeUkid,jdbcType=DECIMAL}, #{shopId,jdbcType=DECIMAL}, #{downTime,jdbcType=TIMESTAMP}, 
      #{releaseTime,jdbcType=TIMESTAMP}, #{originTradeStatus,jdbcType=DECIMAL}, #{orderId,jdbcType=VARCHAR}, 
      #{orderCode,jdbcType=VARCHAR}, #{platformOrderStatus,jdbcType=VARCHAR}, #{orderAmount,jdbcType=DECIMAL}, 
      #{productAmount,jdbcType=DECIMAL}, #{orderCreateTime,jdbcType=TIMESTAMP}, #{freightFee,jdbcType=DECIMAL}, 
      #{orderNeedInvoice,jdbcType=DECIMAL}, #{receiverName,jdbcType=VARCHAR}, #{receiverAddress,jdbcType=VARCHAR}, 
      #{receiverState,jdbcType=VARCHAR}, #{receiverCity,jdbcType=VARCHAR}, #{receiverCounty,jdbcType=VARCHAR}, 
      #{receiverZip,jdbcType=VARCHAR}, #{receiverPhone,jdbcType=VARCHAR}, #{receiverMobile,jdbcType=VARCHAR}, 
      #{deliveryDate,jdbcType=TIMESTAMP}, #{consignTime,jdbcType=TIMESTAMP}, #{buyerMessage,jdbcType=VARCHAR}, 
      #{deliverySupplierId,jdbcType=DECIMAL}, #{sellerMemo,jdbcType=VARCHAR}, #{orderPayTime,jdbcType=TIMESTAMP}, 
      #{payServiceType,jdbcType=DECIMAL}, #{orderPromotionDiscount,jdbcType=DECIMAL}, 
      #{merchantExpressNbr,jdbcType=VARCHAR}, #{orderModifyTime,jdbcType=TIMESTAMP}, 
      #{orderCouponDiscount,jdbcType=DECIMAL}, #{orderPlatformDiscount,jdbcType=DECIMAL}, 
      #{invoiceTitle,jdbcType=VARCHAR}, #{invoiceContent,jdbcType=VARCHAR}, #{buyerNick,jdbcType=VARCHAR}, 
      #{realAmount,jdbcType=DECIMAL}, #{warehouseId,jdbcType=DECIMAL}, #{isMobileOrder,jdbcType=DECIMAL}, 
      #{businessType,jdbcType=DECIMAL}, #{orderDeposit,jdbcType=DECIMAL}, #{isDepositOrder,jdbcType=DECIMAL}, 
      #{depositPaidTime,jdbcType=TIMESTAMP}, #{applyCancel,jdbcType=DECIMAL}, #{storeId,jdbcType=DECIMAL}, 
      #{storeName,jdbcType=VARCHAR}, #{externalStoreId,jdbcType=DECIMAL}, #{collectOnDeliveryAmount,jdbcType=DECIMAL}, 
      #{orderProdType,jdbcType=DECIMAL}, #{paymentNo,jdbcType=VARCHAR}, #{gatewayName,jdbcType=VARCHAR}, 
      #{paymentTransaction,jdbcType=VARCHAR}, #{targetOrderUkid,jdbcType=DECIMAL}, #{updateUserId,jdbcType=DECIMAL}, 
      #{createUserId,jdbcType=DECIMAL}, #{updateTime,jdbcType=TIMESTAMP})
  </insert>

  <select id="getByOrderId"  resultMap="BaseResultMap">
    select
    <include refid="Base_Column_List" />
    from SE_YHD_TRADE
    where SHOP_ID = #{shopId,jdbcType=DECIMAL}
    and ORDER_ID = #{orderId,jdbcType=VARCHAR}
  </select>

  <update id="updateOriginStatus" parameterType="com.wwwarehouse.xdw.datasync.dao.model.SeYhdTradeDO">
    update SE_YHD_TRADE
    set update_time = sysdate,origin_trade_status = #{originTradeStatus,jdbcType=DECIMAL}
    <if test="originTradeStatus == 200">
      ,release_time = sysdate,target_order_ukid=#{targetOrderUkid,jdbcType=DECIMAL}
    </if>
    where trade_ukid = #{tradeUkid} and origin_trade_status != #{originTradeStatus,jdbcType=DECIMAL}
    <if test="originTradeStatus == 200">
      and origin_trade_status <![CDATA[ < ]]> #{originTradeStatus,jdbcType=DECIMAL}
    </if>
  </update>

  <insert id="insertSelective" parameterType="com.wwwarehouse.xdw.datasync.dao.model.SeYhdTradeDO">
    insert into SE_YHD_TRADE
    <trim prefix="(" suffix=")" suffixOverrides=",">
      <if test="tradeUkid != null">
        TRADE_UKID,
      </if>
      <if test="shopId != null">
        SHOP_ID,
      </if>
      <if test="downTime != null">
        DOWN_TIME,
      </if>
      <if test="releaseTime != null">
        RELEASE_TIME,
      </if>
      <if test="originTradeStatus != null">
        ORIGIN_TRADE_STATUS,
      </if>
      <if test="orderId != null">
        ORDER_ID,
      </if>
      <if test="orderCode != null">
        ORDER_CODE,
      </if>
      <if test="platformOrderStatus != null">
        PLATFORM_ORDER_STATUS,
      </if>
      <if test="orderAmount != null">
        ORDER_AMOUNT,
      </if>
      <if test="productAmount != null">
        PRODUCT_AMOUNT,
      </if>
      <if test="orderCreateTime != null">
        ORDER_CREATE_TIME,
      </if>
      <if test="freightFee != null">
        FREIGHT_FEE,
      </if>
      <if test="orderNeedInvoice != null">
        ORDER_NEED_INVOICE,
      </if>
      <if test="receiverName != null">
        RECEIVER_NAME,
      </if>
      <if test="receiverAddress != null">
        RECEIVER_ADDRESS,
      </if>
      <if test="receiverState != null">
        RECEIVER_STATE,
      </if>
      <if test="receiverCity != null">
        RECEIVER_CITY,
      </if>
      <if test="receiverCounty != null">
        RECEIVER_COUNTY,
      </if>
      <if test="receiverZip != null">
        RECEIVER_ZIP,
      </if>
      <if test="receiverPhone != null">
        RECEIVER_PHONE,
      </if>
      <if test="receiverMobile != null">
        RECEIVER_MOBILE,
      </if>
      <if test="deliveryDate != null">
        DELIVERY_DATE,
      </if>
      <if test="consignTime != null">
        CONSIGN_TIME,
      </if>
      <if test="buyerMessage != null">
        BUYER_MESSAGE,
      </if>
      <if test="deliverySupplierId != null">
        DELIVERY_SUPPLIER_ID,
      </if>
      <if test="sellerMemo != null">
        SELLER_MEMO,
      </if>
      <if test="orderPayTime != null">
        ORDER_PAY_TIME,
      </if>
      <if test="payServiceType != null">
        PAY_SERVICE_TYPE,
      </if>
      <if test="orderPromotionDiscount != null">
        ORDER_PROMOTION_DISCOUNT,
      </if>
      <if test="merchantExpressNbr != null">
        MERCHANT_EXPRESS_NBR,
      </if>
      <if test="orderModifyTime != null">
        ORDER_MODIFY_TIME,
      </if>
      <if test="orderCouponDiscount != null">
        ORDER_COUPON_DISCOUNT,
      </if>
      <if test="orderPlatformDiscount != null">
        ORDER_PLATFORM_DISCOUNT,
      </if>
      <if test="invoiceTitle != null">
        INVOICE_TITLE,
      </if>
      <if test="invoiceContent != null">
        INVOICE_CONTENT,
      </if>
      <if test="buyerNick != null">
        BUYER_NICK,
      </if>
      <if test="realAmount != null">
        REAL_AMOUNT,
      </if>
      <if test="warehouseId != null">
        WAREHOUSE_ID,
      </if>
      <if test="isMobileOrder != null">
        IS_MOBILE_ORDER,
      </if>
      <if test="businessType != null">
        BUSINESS_TYPE,
      </if>
      <if test="orderDeposit != null">
        ORDER_DEPOSIT,
      </if>
      <if test="isDepositOrder != null">
        IS_DEPOSIT_ORDER,
      </if>
      <if test="depositPaidTime != null">
        DEPOSIT_PAID_TIME,
      </if>
      <if test="applyCancel != null">
        APPLY_CANCEL,
      </if>
      <if test="storeId != null">
        STORE_ID,
      </if>
      <if test="storeName != null">
        STORE_NAME,
      </if>
      <if test="externalStoreId != null">
        EXTERNAL_STORE_ID,
      </if>
      <if test="collectOnDeliveryAmount != null">
        COLLECT_ON_DELIVERY_AMOUNT,
      </if>
      <if test="orderProdType != null">
        ORDER_PROD_TYPE,
      </if>
      <if test="paymentNo != null">
        PAYMENT_NO,
      </if>
      <if test="gatewayName != null">
        GATEWAY_NAME,
      </if>
      <if test="paymentTransaction != null">
        PAYMENT_TRANSACTION,
      </if>
      <if test="targetOrderUkid != null">
        TARGET_ORDER_UKID,
      </if>
      <if test="updateUserId != null">
        UPDATE_USER_ID,
      </if>
      <if test="createUserId != null">
        CREATE_USER_ID,
      </if>
      <if test="updateTime != null">
        UPDATE_TIME,
      </if>
    </trim>
    <trim prefix="values (" suffix=")" suffixOverrides=",">
      <if test="tradeUkid != null">
        #{tradeUkid,jdbcType=DECIMAL},
      </if>
      <if test="shopId != null">
        #{shopId,jdbcType=DECIMAL},
      </if>
      <if test="downTime != null">
        #{downTime,jdbcType=TIMESTAMP},
      </if>
      <if test="releaseTime != null">
        #{releaseTime,jdbcType=TIMESTAMP},
      </if>
      <if test="originTradeStatus != null">
        #{originTradeStatus,jdbcType=DECIMAL},
      </if>
      <if test="orderId != null">
        #{orderId,jdbcType=VARCHAR},
      </if>
      <if test="orderCode != null">
        #{orderCode,jdbcType=VARCHAR},
      </if>
      <if test="platformOrderStatus != null">
        #{platformOrderStatus,jdbcType=VARCHAR},
      </if>
      <if test="orderAmount != null">
        #{orderAmount,jdbcType=DECIMAL},
      </if>
      <if test="productAmount != null">
        #{productAmount,jdbcType=DECIMAL},
      </if>
      <if test="orderCreateTime != null">
        #{orderCreateTime,jdbcType=TIMESTAMP},
      </if>
      <if test="freightFee != null">
        #{freightFee,jdbcType=DECIMAL},
      </if>
      <if test="orderNeedInvoice != null">
        #{orderNeedInvoice,jdbcType=DECIMAL},
      </if>
      <if test="receiverName != null">
        #{receiverName,jdbcType=VARCHAR},
      </if>
      <if test="receiverAddress != null">
        #{receiverAddress,jdbcType=VARCHAR},
      </if>
      <if test="receiverState != null">
        #{receiverState,jdbcType=VARCHAR},
      </if>
      <if test="receiverCity != null">
        #{receiverCity,jdbcType=VARCHAR},
      </if>
      <if test="receiverCounty != null">
        #{receiverCounty,jdbcType=VARCHAR},
      </if>
      <if test="receiverZip != null">
        #{receiverZip,jdbcType=VARCHAR},
      </if>
      <if test="receiverPhone != null">
        #{receiverPhone,jdbcType=VARCHAR},
      </if>
      <if test="receiverMobile != null">
        #{receiverMobile,jdbcType=VARCHAR},
      </if>
      <if test="deliveryDate != null">
        #{deliveryDate,jdbcType=TIMESTAMP},
      </if>
      <if test="consignTime != null">
        #{consignTime,jdbcType=TIMESTAMP},
      </if>
      <if test="buyerMessage != null">
        #{buyerMessage,jdbcType=VARCHAR},
      </if>
      <if test="deliverySupplierId != null">
        #{deliverySupplierId,jdbcType=DECIMAL},
      </if>
      <if test="sellerMemo != null">
        #{sellerMemo,jdbcType=VARCHAR},
      </if>
      <if test="orderPayTime != null">
        #{orderPayTime,jdbcType=TIMESTAMP},
      </if>
      <if test="payServiceType != null">
        #{payServiceType,jdbcType=DECIMAL},
      </if>
      <if test="orderPromotionDiscount != null">
        #{orderPromotionDiscount,jdbcType=DECIMAL},
      </if>
      <if test="merchantExpressNbr != null">
        #{merchantExpressNbr,jdbcType=VARCHAR},
      </if>
      <if test="orderModifyTime != null">
        #{orderModifyTime,jdbcType=TIMESTAMP},
      </if>
      <if test="orderCouponDiscount != null">
        #{orderCouponDiscount,jdbcType=DECIMAL},
      </if>
      <if test="orderPlatformDiscount != null">
        #{orderPlatformDiscount,jdbcType=DECIMAL},
      </if>
      <if test="invoiceTitle != null">
        #{invoiceTitle,jdbcType=VARCHAR},
      </if>
      <if test="invoiceContent != null">
        #{invoiceContent,jdbcType=VARCHAR},
      </if>
      <if test="buyerNick != null">
        #{buyerNick,jdbcType=VARCHAR},
      </if>
      <if test="realAmount != null">
        #{realAmount,jdbcType=DECIMAL},
      </if>
      <if test="warehouseId != null">
        #{warehouseId,jdbcType=DECIMAL},
      </if>
      <if test="isMobileOrder != null">
        #{isMobileOrder,jdbcType=DECIMAL},
      </if>
      <if test="businessType != null">
        #{businessType,jdbcType=DECIMAL},
      </if>
      <if test="orderDeposit != null">
        #{orderDeposit,jdbcType=DECIMAL},
      </if>
      <if test="isDepositOrder != null">
        #{isDepositOrder,jdbcType=DECIMAL},
      </if>
      <if test="depositPaidTime != null">
        #{depositPaidTime,jdbcType=TIMESTAMP},
      </if>
      <if test="applyCancel != null">
        #{applyCancel,jdbcType=DECIMAL},
      </if>
      <if test="storeId != null">
        #{storeId,jdbcType=DECIMAL},
      </if>
      <if test="storeName != null">
        #{storeName,jdbcType=VARCHAR},
      </if>
      <if test="externalStoreId != null">
        #{externalStoreId,jdbcType=DECIMAL},
      </if>
      <if test="collectOnDeliveryAmount != null">
        #{collectOnDeliveryAmount,jdbcType=DECIMAL},
      </if>
      <if test="orderProdType != null">
        #{orderProdType,jdbcType=DECIMAL},
      </if>
      <if test="paymentNo != null">
        #{paymentNo,jdbcType=VARCHAR},
      </if>
      <if test="gatewayName != null">
        #{gatewayName,jdbcType=VARCHAR},
      </if>
      <if test="paymentTransaction != null">
        #{paymentTransaction,jdbcType=VARCHAR},
      </if>
      <if test="targetOrderUkid != null">
        #{targetOrderUkid,jdbcType=DECIMAL},
      </if>
      <if test="updateUserId != null">
        #{updateUserId,jdbcType=DECIMAL},
      </if>
      <if test="createUserId != null">
        #{createUserId,jdbcType=DECIMAL},
      </if>
      <if test="updateTime != null">
        #{updateTime,jdbcType=TIMESTAMP},
      </if>
    </trim>
  </insert>
  <select id="countByExample" parameterType="com.wwwarehouse.xdw.datasync.dao.model.SeYhdTradeDOExample" resultType="java.lang.Long">
    select count(*) from SE_YHD_TRADE
    <if test="_parameter != null">
      <include refid="Example_Where_Clause" />
    </if>
  </select>
  <update id="updateByExampleSelective" parameterType="map">
    update SE_YHD_TRADE
    <set>
      <if test="record.tradeUkid != null">
        TRADE_UKID = #{record.tradeUkid,jdbcType=DECIMAL},
      </if>
      <if test="record.shopId != null">
        SHOP_ID = #{record.shopId,jdbcType=DECIMAL},
      </if>
      <if test="record.downTime != null">
        DOWN_TIME = #{record.downTime,jdbcType=TIMESTAMP},
      </if>
      <if test="record.releaseTime != null">
        RELEASE_TIME = #{record.releaseTime,jdbcType=TIMESTAMP},
      </if>
      <if test="record.originTradeStatus != null">
        ORIGIN_TRADE_STATUS = #{record.originTradeStatus,jdbcType=DECIMAL},
      </if>
      <if test="record.orderId != null">
        ORDER_ID = #{record.orderId,jdbcType=VARCHAR},
      </if>
      <if test="record.orderCode != null">
        ORDER_CODE = #{record.orderCode,jdbcType=VARCHAR},
      </if>
      <if test="record.platformOrderStatus != null">
        PLATFORM_ORDER_STATUS = #{record.platformOrderStatus,jdbcType=VARCHAR},
      </if>
      <if test="record.orderAmount != null">
        ORDER_AMOUNT = #{record.orderAmount,jdbcType=DECIMAL},
      </if>
      <if test="record.productAmount != null">
        PRODUCT_AMOUNT = #{record.productAmount,jdbcType=DECIMAL},
      </if>
      <if test="record.orderCreateTime != null">
        ORDER_CREATE_TIME = #{record.orderCreateTime,jdbcType=TIMESTAMP},
      </if>
      <if test="record.freightFee != null">
        FREIGHT_FEE = #{record.freightFee,jdbcType=DECIMAL},
      </if>
      <if test="record.orderNeedInvoice != null">
        ORDER_NEED_INVOICE = #{record.orderNeedInvoice,jdbcType=DECIMAL},
      </if>
      <if test="record.receiverName != null">
        RECEIVER_NAME = #{record.receiverName,jdbcType=VARCHAR},
      </if>
      <if test="record.receiverAddress != null">
        RECEIVER_ADDRESS = #{record.receiverAddress,jdbcType=VARCHAR},
      </if>
      <if test="record.receiverState != null">
        RECEIVER_STATE = #{record.receiverState,jdbcType=VARCHAR},
      </if>
      <if test="record.receiverCity != null">
        RECEIVER_CITY = #{record.receiverCity,jdbcType=VARCHAR},
      </if>
      <if test="record.receiverCounty != null">
        RECEIVER_COUNTY = #{record.receiverCounty,jdbcType=VARCHAR},
      </if>
      <if test="record.receiverZip != null">
        RECEIVER_ZIP = #{record.receiverZip,jdbcType=VARCHAR},
      </if>
      <if test="record.receiverPhone != null">
        RECEIVER_PHONE = #{record.receiverPhone,jdbcType=VARCHAR},
      </if>
      <if test="record.receiverMobile != null">
        RECEIVER_MOBILE = #{record.receiverMobile,jdbcType=VARCHAR},
      </if>
      <if test="record.deliveryDate != null">
        DELIVERY_DATE = #{record.deliveryDate,jdbcType=TIMESTAMP},
      </if>
      <if test="record.consignTime != null">
        CONSIGN_TIME = #{record.consignTime,jdbcType=TIMESTAMP},
      </if>
      <if test="record.buyerMessage != null">
        BUYER_MESSAGE = #{record.buyerMessage,jdbcType=VARCHAR},
      </if>
      <if test="record.deliverySupplierId != null">
        DELIVERY_SUPPLIER_ID = #{record.deliverySupplierId,jdbcType=DECIMAL},
      </if>
      <if test="record.sellerMemo != null">
        SELLER_MEMO = #{record.sellerMemo,jdbcType=VARCHAR},
      </if>
      <if test="record.orderPayTime != null">
        ORDER_PAY_TIME = #{record.orderPayTime,jdbcType=TIMESTAMP},
      </if>
      <if test="record.payServiceType != null">
        PAY_SERVICE_TYPE = #{record.payServiceType,jdbcType=DECIMAL},
      </if>
      <if test="record.orderPromotionDiscount != null">
        ORDER_PROMOTION_DISCOUNT = #{record.orderPromotionDiscount,jdbcType=DECIMAL},
      </if>
      <if test="record.merchantExpressNbr != null">
        MERCHANT_EXPRESS_NBR = #{record.merchantExpressNbr,jdbcType=VARCHAR},
      </if>
      <if test="record.orderModifyTime != null">
        ORDER_MODIFY_TIME = #{record.orderModifyTime,jdbcType=TIMESTAMP},
      </if>
      <if test="record.orderCouponDiscount != null">
        ORDER_COUPON_DISCOUNT = #{record.orderCouponDiscount,jdbcType=DECIMAL},
      </if>
      <if test="record.orderPlatformDiscount != null">
        ORDER_PLATFORM_DISCOUNT = #{record.orderPlatformDiscount,jdbcType=DECIMAL},
      </if>
      <if test="record.invoiceTitle != null">
        INVOICE_TITLE = #{record.invoiceTitle,jdbcType=VARCHAR},
      </if>
      <if test="record.invoiceContent != null">
        INVOICE_CONTENT = #{record.invoiceContent,jdbcType=VARCHAR},
      </if>
      <if test="record.buyerNick != null">
        BUYER_NICK = #{record.buyerNick,jdbcType=VARCHAR},
      </if>
      <if test="record.realAmount != null">
        REAL_AMOUNT = #{record.realAmount,jdbcType=DECIMAL},
      </if>
      <if test="record.warehouseId != null">
        WAREHOUSE_ID = #{record.warehouseId,jdbcType=DECIMAL},
      </if>
      <if test="record.isMobileOrder != null">
        IS_MOBILE_ORDER = #{record.isMobileOrder,jdbcType=DECIMAL},
      </if>
      <if test="record.businessType != null">
        BUSINESS_TYPE = #{record.businessType,jdbcType=DECIMAL},
      </if>
      <if test="record.orderDeposit != null">
        ORDER_DEPOSIT = #{record.orderDeposit,jdbcType=DECIMAL},
      </if>
      <if test="record.isDepositOrder != null">
        IS_DEPOSIT_ORDER = #{record.isDepositOrder,jdbcType=DECIMAL},
      </if>
      <if test="record.depositPaidTime != null">
        DEPOSIT_PAID_TIME = #{record.depositPaidTime,jdbcType=TIMESTAMP},
      </if>
      <if test="record.applyCancel != null">
        APPLY_CANCEL = #{record.applyCancel,jdbcType=DECIMAL},
      </if>
      <if test="record.storeId != null">
        STORE_ID = #{record.storeId,jdbcType=DECIMAL},
      </if>
      <if test="record.storeName != null">
        STORE_NAME = #{record.storeName,jdbcType=VARCHAR},
      </if>
      <if test="record.externalStoreId != null">
        EXTERNAL_STORE_ID = #{record.externalStoreId,jdbcType=DECIMAL},
      </if>
      <if test="record.collectOnDeliveryAmount != null">
        COLLECT_ON_DELIVERY_AMOUNT = #{record.collectOnDeliveryAmount,jdbcType=DECIMAL},
      </if>
      <if test="record.orderProdType != null">
        ORDER_PROD_TYPE = #{record.orderProdType,jdbcType=DECIMAL},
      </if>
      <if test="record.paymentNo != null">
        PAYMENT_NO = #{record.paymentNo,jdbcType=VARCHAR},
      </if>
      <if test="record.gatewayName != null">
        GATEWAY_NAME = #{record.gatewayName,jdbcType=VARCHAR},
      </if>
      <if test="record.paymentTransaction != null">
        PAYMENT_TRANSACTION = #{record.paymentTransaction,jdbcType=VARCHAR},
      </if>
      <if test="record.targetOrderUkid != null">
        TARGET_ORDER_UKID = #{record.targetOrderUkid,jdbcType=DECIMAL},
      </if>
      <if test="record.updateUserId != null">
        UPDATE_USER_ID = #{record.updateUserId,jdbcType=DECIMAL},
      </if>
      <if test="record.createUserId != null">
        CREATE_USER_ID = #{record.createUserId,jdbcType=DECIMAL},
      </if>
      <if test="record.updateTime != null">
        UPDATE_TIME = #{record.updateTime,jdbcType=TIMESTAMP},
      </if>
    </set>
    <if test="_parameter != null">
      <include refid="Update_By_Example_Where_Clause" />
    </if>
  </update>
  <update id="updateByExample" parameterType="map">
    update SE_YHD_TRADE
    set TRADE_UKID = #{record.tradeUkid,jdbcType=DECIMAL},
      SHOP_ID = #{record.shopId,jdbcType=DECIMAL},
      DOWN_TIME = #{record.downTime,jdbcType=TIMESTAMP},
      RELEASE_TIME = #{record.releaseTime,jdbcType=TIMESTAMP},
      ORIGIN_TRADE_STATUS = #{record.originTradeStatus,jdbcType=DECIMAL},
      ORDER_ID = #{record.orderId,jdbcType=VARCHAR},
      ORDER_CODE = #{record.orderCode,jdbcType=VARCHAR},
      PLATFORM_ORDER_STATUS = #{record.platformOrderStatus,jdbcType=VARCHAR},
      ORDER_AMOUNT = #{record.orderAmount,jdbcType=DECIMAL},
      PRODUCT_AMOUNT = #{record.productAmount,jdbcType=DECIMAL},
      ORDER_CREATE_TIME = #{record.orderCreateTime,jdbcType=TIMESTAMP},
      FREIGHT_FEE = #{record.freightFee,jdbcType=DECIMAL},
      ORDER_NEED_INVOICE = #{record.orderNeedInvoice,jdbcType=DECIMAL},
      RECEIVER_NAME = #{record.receiverName,jdbcType=VARCHAR},
      RECEIVER_ADDRESS = #{record.receiverAddress,jdbcType=VARCHAR},
      RECEIVER_STATE = #{record.receiverState,jdbcType=VARCHAR},
      RECEIVER_CITY = #{record.receiverCity,jdbcType=VARCHAR},
      RECEIVER_COUNTY = #{record.receiverCounty,jdbcType=VARCHAR},
      RECEIVER_ZIP = #{record.receiverZip,jdbcType=VARCHAR},
      RECEIVER_PHONE = #{record.receiverPhone,jdbcType=VARCHAR},
      RECEIVER_MOBILE = #{record.receiverMobile,jdbcType=VARCHAR},
      DELIVERY_DATE = #{record.deliveryDate,jdbcType=TIMESTAMP},
      CONSIGN_TIME = #{record.consignTime,jdbcType=TIMESTAMP},
      BUYER_MESSAGE = #{record.buyerMessage,jdbcType=VARCHAR},
      DELIVERY_SUPPLIER_ID = #{record.deliverySupplierId,jdbcType=DECIMAL},
      SELLER_MEMO = #{record.sellerMemo,jdbcType=VARCHAR},
      ORDER_PAY_TIME = #{record.orderPayTime,jdbcType=TIMESTAMP},
      PAY_SERVICE_TYPE = #{record.payServiceType,jdbcType=DECIMAL},
      ORDER_PROMOTION_DISCOUNT = #{record.orderPromotionDiscount,jdbcType=DECIMAL},
      MERCHANT_EXPRESS_NBR = #{record.merchantExpressNbr,jdbcType=VARCHAR},
      ORDER_MODIFY_TIME = #{record.orderModifyTime,jdbcType=TIMESTAMP},
      ORDER_COUPON_DISCOUNT = #{record.orderCouponDiscount,jdbcType=DECIMAL},
      ORDER_PLATFORM_DISCOUNT = #{record.orderPlatformDiscount,jdbcType=DECIMAL},
      INVOICE_TITLE = #{record.invoiceTitle,jdbcType=VARCHAR},
      INVOICE_CONTENT = #{record.invoiceContent,jdbcType=VARCHAR},
      BUYER_NICK = #{record.buyerNick,jdbcType=VARCHAR},
      REAL_AMOUNT = #{record.realAmount,jdbcType=DECIMAL},
      WAREHOUSE_ID = #{record.warehouseId,jdbcType=DECIMAL},
      IS_MOBILE_ORDER = #{record.isMobileOrder,jdbcType=DECIMAL},
      BUSINESS_TYPE = #{record.businessType,jdbcType=DECIMAL},
      ORDER_DEPOSIT = #{record.orderDeposit,jdbcType=DECIMAL},
      IS_DEPOSIT_ORDER = #{record.isDepositOrder,jdbcType=DECIMAL},
      DEPOSIT_PAID_TIME = #{record.depositPaidTime,jdbcType=TIMESTAMP},
      APPLY_CANCEL = #{record.applyCancel,jdbcType=DECIMAL},
      STORE_ID = #{record.storeId,jdbcType=DECIMAL},
      STORE_NAME = #{record.storeName,jdbcType=VARCHAR},
      EXTERNAL_STORE_ID = #{record.externalStoreId,jdbcType=DECIMAL},
      COLLECT_ON_DELIVERY_AMOUNT = #{record.collectOnDeliveryAmount,jdbcType=DECIMAL},
      ORDER_PROD_TYPE = #{record.orderProdType,jdbcType=DECIMAL},
      PAYMENT_NO = #{record.paymentNo,jdbcType=VARCHAR},
      GATEWAY_NAME = #{record.gatewayName,jdbcType=VARCHAR},
      PAYMENT_TRANSACTION = #{record.paymentTransaction,jdbcType=VARCHAR},
      TARGET_ORDER_UKID = #{record.targetOrderUkid,jdbcType=DECIMAL},
      UPDATE_USER_ID = #{record.updateUserId,jdbcType=DECIMAL},
      CREATE_USER_ID = #{record.createUserId,jdbcType=DECIMAL},
      UPDATE_TIME = #{record.updateTime,jdbcType=TIMESTAMP}
    <if test="_parameter != null">
      <include refid="Update_By_Example_Where_Clause" />
    </if>
  </update>
  <update id="updateByPrimaryKeySelective" parameterType="com.wwwarehouse.xdw.datasync.dao.model.SeYhdTradeDO">
    update SE_YHD_TRADE
    <set>
      <if test="shopId != null">
        SHOP_ID = #{shopId,jdbcType=DECIMAL},
      </if>
      <if test="downTime != null">
        DOWN_TIME = #{downTime,jdbcType=TIMESTAMP},
      </if>
      <if test="releaseTime != null">
        RELEASE_TIME = #{releaseTime,jdbcType=TIMESTAMP},
      </if>
      <if test="originTradeStatus != null">
        ORIGIN_TRADE_STATUS = #{originTradeStatus,jdbcType=DECIMAL},
      </if>
      <if test="orderId != null">
        ORDER_ID = #{orderId,jdbcType=VARCHAR},
      </if>
      <if test="orderCode != null">
        ORDER_CODE = #{orderCode,jdbcType=VARCHAR},
      </if>
      <if test="platformOrderStatus != null">
        PLATFORM_ORDER_STATUS = #{platformOrderStatus,jdbcType=VARCHAR},
      </if>
      <if test="orderAmount != null">
        ORDER_AMOUNT = #{orderAmount,jdbcType=DECIMAL},
      </if>
      <if test="productAmount != null">
        PRODUCT_AMOUNT = #{productAmount,jdbcType=DECIMAL},
      </if>
      <if test="orderCreateTime != null">
        ORDER_CREATE_TIME = #{orderCreateTime,jdbcType=TIMESTAMP},
      </if>
      <if test="freightFee != null">
        FREIGHT_FEE = #{freightFee,jdbcType=DECIMAL},
      </if>
      <if test="orderNeedInvoice != null">
        ORDER_NEED_INVOICE = #{orderNeedInvoice,jdbcType=DECIMAL},
      </if>
      <if test="receiverName != null">
        RECEIVER_NAME = #{receiverName,jdbcType=VARCHAR},
      </if>
      <if test="receiverAddress != null">
        RECEIVER_ADDRESS = #{receiverAddress,jdbcType=VARCHAR},
      </if>
      <if test="receiverState != null">
        RECEIVER_STATE = #{receiverState,jdbcType=VARCHAR},
      </if>
      <if test="receiverCity != null">
        RECEIVER_CITY = #{receiverCity,jdbcType=VARCHAR},
      </if>
      <if test="receiverCounty != null">
        RECEIVER_COUNTY = #{receiverCounty,jdbcType=VARCHAR},
      </if>
      <if test="receiverZip != null">
        RECEIVER_ZIP = #{receiverZip,jdbcType=VARCHAR},
      </if>
      <if test="receiverPhone != null">
        RECEIVER_PHONE = #{receiverPhone,jdbcType=VARCHAR},
      </if>
      <if test="receiverMobile != null">
        RECEIVER_MOBILE = #{receiverMobile,jdbcType=VARCHAR},
      </if>
      <if test="deliveryDate != null">
        DELIVERY_DATE = #{deliveryDate,jdbcType=TIMESTAMP},
      </if>
      <if test="consignTime != null">
        CONSIGN_TIME = #{consignTime,jdbcType=TIMESTAMP},
      </if>
      <if test="buyerMessage != null">
        BUYER_MESSAGE = #{buyerMessage,jdbcType=VARCHAR},
      </if>
      <if test="deliverySupplierId != null">
        DELIVERY_SUPPLIER_ID = #{deliverySupplierId,jdbcType=DECIMAL},
      </if>
      <if test="sellerMemo != null">
        SELLER_MEMO = #{sellerMemo,jdbcType=VARCHAR},
      </if>
      <if test="orderPayTime != null">
        ORDER_PAY_TIME = #{orderPayTime,jdbcType=TIMESTAMP},
      </if>
      <if test="payServiceType != null">
        PAY_SERVICE_TYPE = #{payServiceType,jdbcType=DECIMAL},
      </if>
      <if test="orderPromotionDiscount != null">
        ORDER_PROMOTION_DISCOUNT = #{orderPromotionDiscount,jdbcType=DECIMAL},
      </if>
      <if test="merchantExpressNbr != null">
        MERCHANT_EXPRESS_NBR = #{merchantExpressNbr,jdbcType=VARCHAR},
      </if>
      <if test="orderModifyTime != null">
        ORDER_MODIFY_TIME = #{orderModifyTime,jdbcType=TIMESTAMP},
      </if>
      <if test="orderCouponDiscount != null">
        ORDER_COUPON_DISCOUNT = #{orderCouponDiscount,jdbcType=DECIMAL},
      </if>
      <if test="orderPlatformDiscount != null">
        ORDER_PLATFORM_DISCOUNT = #{orderPlatformDiscount,jdbcType=DECIMAL},
      </if>
      <if test="invoiceTitle != null">
        INVOICE_TITLE = #{invoiceTitle,jdbcType=VARCHAR},
      </if>
      <if test="invoiceContent != null">
        INVOICE_CONTENT = #{invoiceContent,jdbcType=VARCHAR},
      </if>
      <if test="buyerNick != null">
        BUYER_NICK = #{buyerNick,jdbcType=VARCHAR},
      </if>
      <if test="realAmount != null">
        REAL_AMOUNT = #{realAmount,jdbcType=DECIMAL},
      </if>
      <if test="warehouseId != null">
        WAREHOUSE_ID = #{warehouseId,jdbcType=DECIMAL},
      </if>
      <if test="isMobileOrder != null">
        IS_MOBILE_ORDER = #{isMobileOrder,jdbcType=DECIMAL},
      </if>
      <if test="businessType != null">
        BUSINESS_TYPE = #{businessType,jdbcType=DECIMAL},
      </if>
      <if test="orderDeposit != null">
        ORDER_DEPOSIT = #{orderDeposit,jdbcType=DECIMAL},
      </if>
      <if test="isDepositOrder != null">
        IS_DEPOSIT_ORDER = #{isDepositOrder,jdbcType=DECIMAL},
      </if>
      <if test="depositPaidTime != null">
        DEPOSIT_PAID_TIME = #{depositPaidTime,jdbcType=TIMESTAMP},
      </if>
      <if test="applyCancel != null">
        APPLY_CANCEL = #{applyCancel,jdbcType=DECIMAL},
      </if>
      <if test="storeId != null">
        STORE_ID = #{storeId,jdbcType=DECIMAL},
      </if>
      <if test="storeName != null">
        STORE_NAME = #{storeName,jdbcType=VARCHAR},
      </if>
      <if test="externalStoreId != null">
        EXTERNAL_STORE_ID = #{externalStoreId,jdbcType=DECIMAL},
      </if>
      <if test="collectOnDeliveryAmount != null">
        COLLECT_ON_DELIVERY_AMOUNT = #{collectOnDeliveryAmount,jdbcType=DECIMAL},
      </if>
      <if test="orderProdType != null">
        ORDER_PROD_TYPE = #{orderProdType,jdbcType=DECIMAL},
      </if>
      <if test="paymentNo != null">
        PAYMENT_NO = #{paymentNo,jdbcType=VARCHAR},
      </if>
      <if test="gatewayName != null">
        GATEWAY_NAME = #{gatewayName,jdbcType=VARCHAR},
      </if>
      <if test="paymentTransaction != null">
        PAYMENT_TRANSACTION = #{paymentTransaction,jdbcType=VARCHAR},
      </if>
      <if test="targetOrderUkid != null">
        TARGET_ORDER_UKID = #{targetOrderUkid,jdbcType=DECIMAL},
      </if>
      <if test="updateUserId != null">
        UPDATE_USER_ID = #{updateUserId,jdbcType=DECIMAL},
      </if>
      <if test="createUserId != null">
        CREATE_USER_ID = #{createUserId,jdbcType=DECIMAL},
      </if>
      <if test="updateTime != null">
        UPDATE_TIME = #{updateTime,jdbcType=TIMESTAMP},
      </if>
    </set>
    where TRADE_UKID = #{tradeUkid,jdbcType=DECIMAL}
  </update>
  <update id="updateByPrimaryKey" parameterType="com.wwwarehouse.xdw.datasync.dao.model.SeYhdTradeDO">
    update SE_YHD_TRADE
    set SHOP_ID = #{shopId,jdbcType=DECIMAL},
      DOWN_TIME = #{downTime,jdbcType=TIMESTAMP},
      RELEASE_TIME = #{releaseTime,jdbcType=TIMESTAMP},
      ORIGIN_TRADE_STATUS = #{originTradeStatus,jdbcType=DECIMAL},
      ORDER_ID = #{orderId,jdbcType=VARCHAR},
      ORDER_CODE = #{orderCode,jdbcType=VARCHAR},
      PLATFORM_ORDER_STATUS = #{platformOrderStatus,jdbcType=VARCHAR},
      ORDER_AMOUNT = #{orderAmount,jdbcType=DECIMAL},
      PRODUCT_AMOUNT = #{productAmount,jdbcType=DECIMAL},
      ORDER_CREATE_TIME = #{orderCreateTime,jdbcType=TIMESTAMP},
      FREIGHT_FEE = #{freightFee,jdbcType=DECIMAL},
      ORDER_NEED_INVOICE = #{orderNeedInvoice,jdbcType=DECIMAL},
      RECEIVER_NAME = #{receiverName,jdbcType=VARCHAR},
      RECEIVER_ADDRESS = #{receiverAddress,jdbcType=VARCHAR},
      RECEIVER_STATE = #{receiverState,jdbcType=VARCHAR},
      RECEIVER_CITY = #{receiverCity,jdbcType=VARCHAR},
      RECEIVER_COUNTY = #{receiverCounty,jdbcType=VARCHAR},
      RECEIVER_ZIP = #{receiverZip,jdbcType=VARCHAR},
      RECEIVER_PHONE = #{receiverPhone,jdbcType=VARCHAR},
      RECEIVER_MOBILE = #{receiverMobile,jdbcType=VARCHAR},
      DELIVERY_DATE = #{deliveryDate,jdbcType=TIMESTAMP},
      CONSIGN_TIME = #{consignTime,jdbcType=TIMESTAMP},
      BUYER_MESSAGE = #{buyerMessage,jdbcType=VARCHAR},
      DELIVERY_SUPPLIER_ID = #{deliverySupplierId,jdbcType=DECIMAL},
      SELLER_MEMO = #{sellerMemo,jdbcType=VARCHAR},
      ORDER_PAY_TIME = #{orderPayTime,jdbcType=TIMESTAMP},
      PAY_SERVICE_TYPE = #{payServiceType,jdbcType=DECIMAL},
      ORDER_PROMOTION_DISCOUNT = #{orderPromotionDiscount,jdbcType=DECIMAL},
      MERCHANT_EXPRESS_NBR = #{merchantExpressNbr,jdbcType=VARCHAR},
      ORDER_MODIFY_TIME = #{orderModifyTime,jdbcType=TIMESTAMP},
      ORDER_COUPON_DISCOUNT = #{orderCouponDiscount,jdbcType=DECIMAL},
      ORDER_PLATFORM_DISCOUNT = #{orderPlatformDiscount,jdbcType=DECIMAL},
      INVOICE_TITLE = #{invoiceTitle,jdbcType=VARCHAR},
      INVOICE_CONTENT = #{invoiceContent,jdbcType=VARCHAR},
      BUYER_NICK = #{buyerNick,jdbcType=VARCHAR},
      REAL_AMOUNT = #{realAmount,jdbcType=DECIMAL},
      WAREHOUSE_ID = #{warehouseId,jdbcType=DECIMAL},
      IS_MOBILE_ORDER = #{isMobileOrder,jdbcType=DECIMAL},
      BUSINESS_TYPE = #{businessType,jdbcType=DECIMAL},
      ORDER_DEPOSIT = #{orderDeposit,jdbcType=DECIMAL},
      IS_DEPOSIT_ORDER = #{isDepositOrder,jdbcType=DECIMAL},
      DEPOSIT_PAID_TIME = #{depositPaidTime,jdbcType=TIMESTAMP},
      APPLY_CANCEL = #{applyCancel,jdbcType=DECIMAL},
      STORE_ID = #{storeId,jdbcType=DECIMAL},
      STORE_NAME = #{storeName,jdbcType=VARCHAR},
      EXTERNAL_STORE_ID = #{externalStoreId,jdbcType=DECIMAL},
      COLLECT_ON_DELIVERY_AMOUNT = #{collectOnDeliveryAmount,jdbcType=DECIMAL},
      ORDER_PROD_TYPE = #{orderProdType,jdbcType=DECIMAL},
      PAYMENT_NO = #{paymentNo,jdbcType=VARCHAR},
      GATEWAY_NAME = #{gatewayName,jdbcType=VARCHAR},
      PAYMENT_TRANSACTION = #{paymentTransaction,jdbcType=VARCHAR},
      TARGET_ORDER_UKID = #{targetOrderUkid,jdbcType=DECIMAL},
      UPDATE_USER_ID = #{updateUserId,jdbcType=DECIMAL},
      CREATE_USER_ID = #{createUserId,jdbcType=DECIMAL},
      UPDATE_TIME = #{updateTime,jdbcType=TIMESTAMP}
    where TRADE_UKID = #{tradeUkid,jdbcType=DECIMAL}
  </update>
  <cache />
</mapper>