<?xml version="1.0" encoding="UTF-8"?>
<!DOCTYPE mapper PUBLIC "-//mybatis.org//DTD Mapper 3.0//EN" "http://mybatis.org/dtd/mybatis-3-mapper.dtd">
<mapper namespace="com.wwwarehouse.xdw.datasync.dao.mapper.SyParamDOMapper">
  <resultMap id="BaseResultMap" type="com.wwwarehouse.xdw.datasync.dao.model.SyParamDO">
    <id column="RELATED_ID" jdbcType="DECIMAL" property="relatedId" />
    <id column="PARAM_NAME" jdbcType="VARCHAR" property="paramName" />
    <result column="PARAM_VALUE" jdbcType="VARCHAR" property="paramValue" />
    <result column="REMARK" jdbcType="VARCHAR" property="remark" />
    <result column="UPDATE_TIME" jdbcType="TIMESTAMP" property="updateTime" />
    <result column="UPDATE_USER_ID" jdbcType="DECIMAL" property="updateUserId" />
    <result column="CREATE_USER_ID" jdbcType="DECIMAL" property="createUserId" />
    <result column="CREATE_TIME" jdbcType="TIMESTAMP" property="createTime" />
  </resultMap>
  <sql id="Example_Where_Clause">
    <where>
      <foreach collection="oredCriteria" item="criteria" separator="or">
        <if test="criteria.valid">
          <trim prefix="(" prefixOverrides="and" suffix=")">
            <foreach collection="criteria.criteria" item="criterion">
              <choose>
                <when test="criterion.noValue">
                  and ${criterion.condition}
                </when>
                <when test="criterion.singleValue">
                  and ${criterion.condition} #{criterion.value}
                </when>
                <when test="criterion.betweenValue">
                  and ${criterion.condition} #{criterion.value} and #{criterion.secondValue}
                </when>
                <when test="criterion.listValue">
                  and ${criterion.condition}
                  <foreach close=")" collection="criterion.value" item="listItem" open="(" separator=",">
                    #{listItem}
                  </foreach>
                </when>
              </choose>
            </foreach>
          </trim>
        </if>
      </foreach>
    </where>
  </sql>
  <sql id="Update_By_Example_Where_Clause">
    <where>
      <foreach collection="example.oredCriteria" item="criteria" separator="or">
        <if test="criteria.valid">
          <trim prefix="(" prefixOverrides="and" suffix=")">
            <foreach collection="criteria.criteria" item="criterion">
              <choose>
                <when test="criterion.noValue">
                  and ${criterion.condition}
                </when>
                <when test="criterion.singleValue">
                  and ${criterion.condition} #{criterion.value}
                </when>
                <when test="criterion.betweenValue">
                  and ${criterion.condition} #{criterion.value} and #{criterion.secondValue}
                </when>
                <when test="criterion.listValue">
                  and ${criterion.condition}
                  <foreach close=")" collection="criterion.value" item="listItem" open="(" separator=",">
                    #{listItem}
                  </foreach>
                </when>
              </choose>
            </foreach>
          </trim>
        </if>
      </foreach>
    </where>
  </sql>
  <sql id="Base_Column_List">
    RELATED_ID, PARAM_NAME, PARAM_VALUE, REMARK, UPDATE_TIME, UPDATE_USER_ID, CREATE_USER_ID, 
    CREATE_TIME
  </sql>
  <select id="selectByExample" parameterType="com.wwwarehouse.xdw.datasync.dao.model.SyParamDOExample" resultMap="BaseResultMap">
    select
    <if test="distinct">
      distinct
    </if>
    <include refid="Base_Column_List" />
    from SY_PARAM
    <if test="_parameter != null">
      <include refid="Example_Where_Clause" />
    </if>
    <if test="orderByClause != null">
      order by ${orderByClause}
    </if>
    <if test="limit != null">
      <if test="offset != null">
        OFFSET ${offset} rows fetch first ${limit} rows only
      </if>
      <if test="offset == null">
        fetch first ${limit} rows only
      </if>
    </if>
  </select>
  <select id="selectByPrimaryKey" parameterType="map" resultMap="BaseResultMap">
    select 
    <include refid="Base_Column_List" />
    from SY_PARAM
    where RELATED_ID = #{relatedId,jdbcType=DECIMAL}
      and PARAM_NAME = #{paramName,jdbcType=VARCHAR}
  </select>
  <delete id="deleteByPrimaryKey" parameterType="map">
    delete from SY_PARAM
    where RELATED_ID = #{relatedId,jdbcType=DECIMAL}
      and PARAM_NAME = #{paramName,jdbcType=VARCHAR}
  </delete>
  <delete id="deleteByExample" parameterType="com.wwwarehouse.xdw.datasync.dao.model.SyParamDOExample">
    delete from SY_PARAM
    <if test="_parameter != null">
      <include refid="Example_Where_Clause" />
    </if>
  </delete>
  <insert id="insert" parameterType="com.wwwarehouse.xdw.datasync.dao.model.SyParamDO">
    insert into SY_PARAM (RELATED_ID, PARAM_NAME, PARAM_VALUE, 
      REMARK, UPDATE_TIME, UPDATE_USER_ID, 
      CREATE_USER_ID, CREATE_TIME)
    values (#{relatedId,jdbcType=DECIMAL}, #{paramName,jdbcType=VARCHAR}, #{paramValue,jdbcType=VARCHAR}, 
      #{remark,jdbcType=VARCHAR}, #{updateTime,jdbcType=TIMESTAMP}, #{updateUserId,jdbcType=DECIMAL}, 
      #{createUserId,jdbcType=DECIMAL}, #{createTime,jdbcType=TIMESTAMP})
  </insert>
  <insert id="insertSelective" parameterType="com.wwwarehouse.xdw.datasync.dao.model.SyParamDO">
    insert into SY_PARAM
    <trim prefix="(" suffix=")" suffixOverrides=",">
      <if test="relatedId != null">
        RELATED_ID,
      </if>
      <if test="paramName != null">
        PARAM_NAME,
      </if>
      <if test="paramValue != null">
        PARAM_VALUE,
      </if>
      <if test="remark != null">
        REMARK,
      </if>
      <if test="updateTime != null">
        UPDATE_TIME,
      </if>
      <if test="updateUserId != null">
        UPDATE_USER_ID,
      </if>
      <if test="createUserId != null">
        CREATE_USER_ID,
      </if>
      <if test="createTime != null">
        CREATE_TIME,
      </if>
    </trim>
    <trim prefix="values (" suffix=")" suffixOverrides=",">
      <if test="relatedId != null">
        #{relatedId,jdbcType=DECIMAL},
      </if>
      <if test="paramName != null">
        #{paramName,jdbcType=VARCHAR},
      </if>
      <if test="paramValue != null">
        #{paramValue,jdbcType=VARCHAR},
      </if>
      <if test="remark != null">
        #{remark,jdbcType=VARCHAR},
      </if>
      <if test="updateTime != null">
        #{updateTime,jdbcType=TIMESTAMP},
      </if>
      <if test="updateUserId != null">
        #{updateUserId,jdbcType=DECIMAL},
      </if>
      <if test="createUserId != null">
        #{createUserId,jdbcType=DECIMAL},
      </if>
      <if test="createTime != null">
        #{createTime,jdbcType=TIMESTAMP},
      </if>
    </trim>
  </insert>
  <select id="countByExample" parameterType="com.wwwarehouse.xdw.datasync.dao.model.SyParamDOExample" resultType="java.lang.Long">
    select count(*) from SY_PARAM
    <if test="_parameter != null">
      <include refid="Example_Where_Clause" />
    </if>
  </select>
  <update id="updateByExampleSelective" parameterType="map">
    update SY_PARAM
    <set>
      <if test="record.relatedId != null">
        RELATED_ID = #{record.relatedId,jdbcType=DECIMAL},
      </if>
      <if test="record.paramName != null">
        PARAM_NAME = #{record.paramName,jdbcType=VARCHAR},
      </if>
      <if test="record.paramValue != null">
        PARAM_VALUE = #{record.paramValue,jdbcType=VARCHAR},
      </if>
      <if test="record.remark != null">
        REMARK = #{record.remark,jdbcType=VARCHAR},
      </if>
      <if test="record.updateTime != null">
        UPDATE_TIME = #{record.updateTime,jdbcType=TIMESTAMP},
      </if>
      <if test="record.updateUserId != null">
        UPDATE_USER_ID = #{record.updateUserId,jdbcType=DECIMAL},
      </if>
      <if test="record.createUserId != null">
        CREATE_USER_ID = #{record.createUserId,jdbcType=DECIMAL},
      </if>
      <if test="record.createTime != null">
        CREATE_TIME = #{record.createTime,jdbcType=TIMESTAMP},
      </if>
    </set>
    <if test="_parameter != null">
      <include refid="Update_By_Example_Where_Clause" />
    </if>
  </update>
  <update id="updateByExample" parameterType="map">
    update SY_PARAM
    set RELATED_ID = #{record.relatedId,jdbcType=DECIMAL},
      PARAM_NAME = #{record.paramName,jdbcType=VARCHAR},
      PARAM_VALUE = #{record.paramValue,jdbcType=VARCHAR},
      REMARK = #{record.remark,jdbcType=VARCHAR},
      UPDATE_TIME = #{record.updateTime,jdbcType=TIMESTAMP},
      UPDATE_USER_ID = #{record.updateUserId,jdbcType=DECIMAL},
      CREATE_USER_ID = #{record.createUserId,jdbcType=DECIMAL},
      CREATE_TIME = #{record.createTime,jdbcType=TIMESTAMP}
    <if test="_parameter != null">
      <include refid="Update_By_Example_Where_Clause" />
    </if>
  </update>
  <update id="updateByPrimaryKeySelective" parameterType="com.wwwarehouse.xdw.datasync.dao.model.SyParamDO">
    update SY_PARAM
    <set>
      <if test="paramValue != null">
        PARAM_VALUE = #{paramValue,jdbcType=VARCHAR},
      </if>
      <if test="remark != null">
        REMARK = #{remark,jdbcType=VARCHAR},
      </if>
      <if test="updateTime != null">
        UPDATE_TIME = #{updateTime,jdbcType=TIMESTAMP},
      </if>
      <if test="updateUserId != null">
        UPDATE_USER_ID = #{updateUserId,jdbcType=DECIMAL},
      </if>
      <if test="createUserId != null">
        CREATE_USER_ID = #{createUserId,jdbcType=DECIMAL},
      </if>
      <if test="createTime != null">
        CREATE_TIME = #{createTime,jdbcType=TIMESTAMP},
      </if>
    </set>
    where RELATED_ID = #{relatedId,jdbcType=DECIMAL}
      and PARAM_NAME = #{paramName,jdbcType=VARCHAR}
  </update>
  <update id="updateByPrimaryKey" parameterType="com.wwwarehouse.xdw.datasync.dao.model.SyParamDO">
    update SY_PARAM
    set PARAM_VALUE = #{paramValue,jdbcType=VARCHAR},
      REMARK = #{remark,jdbcType=VARCHAR},
      UPDATE_TIME = #{updateTime,jdbcType=TIMESTAMP},
      UPDATE_USER_ID = #{updateUserId,jdbcType=DECIMAL},
      CREATE_USER_ID = #{createUserId,jdbcType=DECIMAL},
      CREATE_TIME = #{createTime,jdbcType=TIMESTAMP}
    where RELATED_ID = #{relatedId,jdbcType=DECIMAL}
      and PARAM_NAME = #{paramName,jdbcType=VARCHAR}
  </update>
  <cache />
</mapper>