<?xml version="1.0" encoding="UTF-8"?>
<!DOCTYPE bes-web-app PUBLIC "-//BES Tech Service(HK) Co., Ltd.//DTD BES Application Server Servlet 2.5//EN" "http://www.bessystem.com/appserver/dtds/bes-web-app_2_5-0.dtd">
<bes-web-app error-url="">
	<context-root>/web-examples</context-root>
	<class-loader delegate="false"/>
	<jsp-config>
		<property name="keepgenerated" value="true">
			<description>Keep a copy of the generated servlet class' java code.</description>
		</property>
	</jsp-config>
	<security-role-mapping>
		<role-name>admin</role-name>
		<group-name>besadmin</group-name>
	</security-role-mapping>
</bes-web-app>
