<?xml version="1.0" encoding="UTF-8"?>
<beans xmlns="http://www.springframework.org/schema/beans"
       xmlns:xsi="http://www.w3.org/2001/XMLSchema-instance"
       xmlns:aop="http://www.springframework.org/schema/aop"
       xmlns:mvc="http://www.springframework.org/schema/mvc"
       xmlns:context="http://www.springframework.org/schema/context"
       xmlns:util="http://www.springframework.org/schema/util"
       xsi:schemaLocation="http://www.springframework.org/schema/beans
            http://www.springframework.org/schema/beans/spring-beans.xsd
            http://www.springframework.org/schema/context
            http://www.springframework.org/schema/context/spring-context.xsd
            http://www.springframework.org/schema/aop
            http://www.springframework.org/schema/aop/spring-aop.xsd
            http://www.springframework.org/schema/mvc
            http://www.springframework.org/schema/mvc/spring-mvc.xsd
            http://www.springframework.org/schema/util
            http://www.springframework.org/schema/util/spring-util.xsd"
>

    <!-- 包扫描-->
    <context:component-scan base-package="com.wwwarehouse.xdw.contractcenter.web.controller">
    </context:component-scan>

    <mvc:annotation-driven>
        <mvc:message-converters>
            <ref bean="fastJsonHttpMessageConverter" />
        </mvc:message-converters>
    </mvc:annotation-driven>

    <bean id="stringHttpMessageConverter"
          class="org.springframework.http.converter.StringHttpMessageConverter">
        <constructor-arg value="UTF-8" index="0"></constructor-arg>
        <!-- 避免出现乱码 -->
        <property name="supportedMediaTypes">
            <list>
                <value>text/plain;charset=UTF-8</value>
            </list>
        </property>
    </bean>
    <bean id="fastJsonHttpMessageConverter" class="com.alibaba.fastjson.support.spring.FastJsonHttpMessageConverter">
        <property name="supportedMediaTypes">
            <list>
                <value>application/json;charset=UTF-8</value>
                <value>text/html;charset=UTF-8</value><!-- 避免IE出现下载JSON文件的情况 -->
            </list>
        </property>
    </bean>

    <!-- 返回类型定义 -->
    <util:list id="messageConverters">
        <ref bean="fastJsonHttpMessageConverter" />
    </util:list>

    <!-- AOP自动注解功能 -->
    <!--<aop:aspectj-autoproxy />-->

    <!-- 静态资源映射 -->
    <!--<mvc:resources location="/static/" mapping="/static/**" />-->

    <!-- 支持上传文件 -->
    <bean id="multipartResolver" class="org.springframework.web.multipart.commons.CommonsMultipartResolver">
        <property name="maxUploadSize" value="20971500"/>
        <property name="defaultEncoding" value="UTF-8"/>
        <property name="resolveLazily" value="true"/>
    </bean>

    <!-- restTemplate -->
    <bean id="restTemplate" class="org.springframework.web.client.RestTemplate">
        <property name="messageConverters" ref="messageConverters">
        </property>
    </bean>

    <!--<mvc:interceptors>-->
        <!--&lt;!&ndash; 操作权限拦截器 &ndash;&gt;-->
        <!--<mvc:interceptor>-->
            <!--<mvc:mapping path="/**"/>-->
            <!--<mvc:exclude-mapping path="/auth/login"/>-->
            <!--<mvc:exclude-mapping path="/static/**"/>-->
            <!--<bean class=""/>-->
        <!--</mvc:interceptor>-->
    <!--</mvc:interceptors>-->
</beans>