﻿<?xml version="1.0" encoding="UTF-8"?>
<beans xmlns="http://www.springframework.org/schema/beans"
	xmlns:xsi="http://www.w3.org/2001/XMLSchema-instance"
	xmlns:context="http://www.springframework.org/schema/context"
	xsi:schemaLocation="http://www.springframework.org/schema/beans
       http://www.springframework.org/schema/beans/spring-beans-4.3.xsd
       http://www.springframework.org/schema/context
       http://www.springframework.org/schema/context/spring-context-4.3.xsd">

	<import resource="spring-dubbo-consumer.xml" />

	<!-- 国际化资源,错误代码 -->
	<bean id="errorCodeSrource"
				class="org.springframework.context.support.ResourceBundleMessageSource">
		<property name="basename" value="i18n.message"></property>
		<!--<property name="parentMessageSource">-->
			<!--<bean class="org.springframework.context.support.ResourceBundleMessageSource">-->
				<!--<property name="basename">-->
					<!--<value>baseMessage</value>-->
				<!--</property>-->
			<!--</bean>-->
		<!--</property>-->
	</bean>

</beans>