<?xml version="1.0" encoding="UTF-8"?>
<configuration status="debug">
    <properties>
        <!-- 基本的文件的输出信息的配置 -->
        <property name="LOG_HOME">${sys:catalina.home}</property>
        <!-- 日志备份目录 -->
        <property name="SERVER_NAME">supply</property>
        <property name="PROBLEM_LOG">problemlog</property>
        <property name="BACKUP_HOME">{LOG_HOME}/${SERVER_NAME}</property>
        <property name="STAT_NAME">stat</property>
    </properties>
    <appenders>
        <!-- 定义控制台输出 -->
        <CONSOLE name="CONSOLE" target="SYSTEM_OUT" follow="true">
            <PatternLayout pattern="%date{yyyyMMdd HH:mm:ss.SSS} %level [%thread]%l - %msg%n"/>
        </CONSOLE>
        <!-- 文件日志 -->
        <RollingRandomAccessFile name="DAILY-ROLL-FILE" fileName="${LOG_HOME}/${SERVER_NAME}.log"
                                 filePattern="${LOG_HOME}/${SERVER_NAME}.%d{yyyy-MM-dd-HH}.log">
            <PatternLayout pattern="%date{yyyyMMdd HH:mm:ss.SSS} %level [%thread]%l - %msg%n"/>
            <Policies>
                <TimeBasedTriggeringPolicy interval="1" modulate="true"/>
            </Policies>
        </RollingRandomAccessFile>
        <RollingRandomAccessFile name="DAILY-ROLL-FILE-PROBLEM" fileName="${LOG_HOME}/${PROBLEM_LOG}.log"
                                 filePattern="${LOG_HOME}/${PROBLEM_LOG}.%d{yyyy-MM-dd-HH}.log">
            <PatternLayout pattern="%date{yyyyMMdd HH:mm:ss.SSS} %level [%thread]%l - %msg%n"/>
            <Policies>
                <TimeBasedTriggeringPolicy interval="24" modulate="true"/>
            </Policies>
        </RollingRandomAccessFile>
    </appenders>
    <loggers>
        <logger name="com.wwwarehouse.xdw.common.util" level="info" additivity="false">
            <appender-ref ref="DAILY-ROLL-FILE-PROBLEM"/>
        </logger>
        <logger name="org.springframework" level="info" additivity="false">
            <appender-ref ref="CONSOLE"/>
            <appender-ref ref="DAILY-ROLL-FILE"/>
        </logger>
        <logger name="java.sql" level="warn" additivity="false">
            <appender-ref ref="CONSOLE"/>
            <appender-ref ref="DAILY-ROLL-FILE"/>
        </logger>
        <logger name="org.apache.ibatis" level="debug" additivity="false">
            <appender-ref ref="CONSOLE"/>
            <appender-ref ref="DAILY-ROLL-FILE"/>
        </logger>
        <logger name="com.wwwarehouse.xdw" level="DEBUG" additivity="false">
            <appender-ref ref="CONSOLE"/>
            <appender-ref ref="DAILY-ROLL-FILE"/>
        </logger>

        <!-- kafka -->
        <logger name="org.apache.kafka" level="error" additivity="false">
            <appender-ref ref="CONSOLE"/>
            <appender-ref ref="DAILY-ROLL-FILE"/>
        </logger>

        <!-- mongodb -->
        <logger name="org.mongodb.driver.cluster" level="error" additivity="false">
            <appender-ref ref="CONSOLE"/>
            <appender-ref ref="DAILY-ROLL-FILE"/>
        </logger>

        <!-- 异步执行 -->
        <!--<AsyncLogger name="cn.com.iscs.labor" level="debug" additivity="false">-->
        <!--<appender-ref ref="CONSOLE" />-->
        <!--</AsyncLogger>-->

        <!-- Root Logger -->
        <root level="debug">
            <appender-ref ref="CONSOLE"/>
            <appender-ref ref="DAILY-ROLL-FILE"/>
        </root>
    </loggers>
</configuration>  