<beans xmlns="http://www.springframework.org/schema/beans"
       xmlns:xsi="http://www.w3.org/2001/XMLSchema-instance"
       xmlns:context="http://www.springframework.org/schema/context"
       xmlns:dubbo="http://code.alibabatech.com/schema/dubbo"
       xmlns:tx="http://www.springframework.org/schema/tx"
       xmlns:aop="http://www.springframework.org/schema/aop"
       xsi:schemaLocation="http://www.springframework.org/schema/beans
       http://www.springframework.org/schema/beans/spring-beans.xsd
       http://www.springframework.org/schema/context
       http://www.springframework.org/schema/context/spring-context.xsd
	     http://code.alibabatech.com/schema/dubbo
	     http://code.alibabatech.com/schema/dubbo/dubbo.xsd
       http://www.springframework.org/schema/tx
       http://www.springframework.org/schema/tx/spring-tx.xsd
       http://www.springframework.org/schema/aop
       http://www.springframework.org/schema/aop/spring-aop.xsd">

    <context:property-placeholder location="classpath:service-config.properties" ignore-unresolvable="true" />

    <dubbo:application name="contractcenter-biz" owner="xdw" organization="wwwarehouse"/>

    <!-- zookeeper注册中心 -->
    <dubbo:registry address="${dubbo.registry.address}" />
    <!-- 服务协议. -->
    <dubbo:protocol name="dubbo" port="20883" />
    <dubbo:protocol name="hessian" port="9093" />

    <!-- 配置监控的服务地址和IP-->
    <!--<dubbo:monitor address="127.0.0.1:7070"/>-->

    <!-- 服务和协议的缺省值配置 -->
    <dubbo:provider timeout="1000" connections="100" />

    <!-- 通过注解发布服务 -->
    <dubbo:annotation package="com.wwwarehouse.xdw.contractcenter.service" />

    <!-- 服务配置,用于暴露一个服务 -->
    <!--<bean class="com.wwwarehouse.dubbo.demo.service.impl.AServiceImpl" id="aService"/>-->
    <!--<dubbo:service interface="com.wwwarehouse.demo.service.AService" protocol="dubbo" ref="aService" connections="100" timeout="2000">-->
        <!-- 方法配置 -->
        <!--<dubbo:method name="a" timeout="3000" />-->
    <!--</dubbo:service>-->

</beans>