<?xml version="1.0" encoding="UTF-8"?>
<!DOCTYPE mapper PUBLIC "-//mybatis.org//DTD Mapper 3.0//EN" "http://mybatis.org/dtd/mybatis-3-mapper.dtd">
<mapper namespace="com.wwwarehouse.xdw.datasync.dao.mapper.ItemMapper">
    <resultMap id="BaseResultMap" type="com.wwwarehouse.xdw.datasync.dao.model.ItemDO">
        <id column="ITEM_UKID" jdbcType="DECIMAL" property="itemId" />
        <result column="ITEM_NAME" jdbcType="VARCHAR" property="itemName" />
    </resultMap>
    <sql id="Base_Column_List">
        ITEM_UKID, ITEM_NAME
    </sql>
    <select id="selectByPrimaryKey" parameterType="java.lang.Long" resultMap="BaseResultMap">
        select
        <include refid="Base_Column_List" />
        from IM_ITEM
        where ITEM_UKID = #{itemId,jdbcType=DECIMAL}
    </select>
    <insert id="insert" parameterType="com.wwwarehouse.xdw.datasync.dao.model.ItemDO">
        insert into IM_ITEM (ITEM_UKID, ITEM_NAME)
        values (#{itemId,jdbcType=DECIMAL}, #{itemName,jdbcType=VARCHAR})
    </insert>
</mapper>