<?xml version="1.0" encoding="UTF-8" standalone="no"?>
<module xsi:noNamespaceSchemaLocation="http://10.10.10.149/easyframe/schema/biz.xsd">
  <service name="cdrServ" bind-entity="false" scope="both" ejb="true" session-bean-type="stateless">
    <method name="qryCdrByWechatId" scope="both">
      <parameter name="wechatId" type="String" primitive="false" collection="none" output="false" input="true"/>
      <parameter name="startDate" type="String" primitive="false" collection="none" output="false" input="true"/>
      <parameter name="endDate" type="String" primitive="false" collection="none" output="false" input="true"/>
      <parameter name="combineFlag" type="Boolean" primitive="false" collection="none" output="false" input="true"/>
      <return-type type="Map&lt;String,entity&gt;" ref="ref://java.util.List" collection="none" primitive="false"/>
    </method>
    <method name="qryCdrByAct" scope="both">
      <parameter name="acctId" type="Long" primitive="false" collection="none" output="false" input="true"/>
      <parameter name="startDate" type="String" primitive="false" collection="none" output="false" input="true"/>
      <parameter name="endDate" type="String" primitive="false" collection="none" output="false" input="true"/>
      <parameter name="combineFlag" type="Boolean" primitive="false" collection="none" output="false" input="true"/>
      <return-type type="List&lt;entity&gt;" ref="ref://com.ailk.emcc.busi.xdr.CdrDis" collection="none" primitive="false"/>
    </method>
    <method name="getPic" scope="action-only">
      <parameter name="picKey" type="String" primitive="false" collection="none" output="false" input="true"/>
      <parameter name="exchange" type="entity" ref="ref://jef.http.server.actions.ServletExchange" primitive="false" collection="none" output="false" input="false"/>
    </method>
  </service>
</module>