<?xml version="1.0" encoding="UTF-8"?>
<beans xmlns="http://www.springframework.org/schema/beans"
	xmlns:xsi="http://www.w3.org/2001/XMLSchema-instance" xmlns:tx="http://www.springframework.org/schema/tx"
	xmlns:aop="http://www.springframework.org/schema/aop" xmlns:mvc="http://www.springframework.org/schema/mvc"
	xmlns:context="http://www.springframework.org/schema/context"
	xmlns:jee="http://www.springframework.org/schema/jee"
	xsi:schemaLocation="http://www.springframework.org/schema/beans  
	http://www.springframework.org/schema/beans/spring-beans-3.0.xsd  
	http://www.springframework.org/schema/context http://www.springframework.org/schema/context/spring-context-3.0.xsd
	http://www.springframework.org/schema/tx http://www.springframework.org/schema/tx/spring-tx-3.0.xsd  
	http://www.springframework.org/schema/aop http://www.springframework.org/schema/aop/spring-aop-3.0.xsd
	http://www.springframework.org/schema/mvc http://www.springframework.org/schema/mvc/spring-mvc-3.0.xsd
	http://www.springframework.org/schema/jee http://www.springframework.org/schema/jee/spring-jee-3.0.xsd"
	default-autowire="byName">
	
	<!-- EJB -->
	<bean class="com.ailk.easyframe.web.common.ejb.ConfigureLoader" id="ejbEnv"/>
	<bean class="com.ailk.easyframe.web.common.ejb.EjbBeatHeartLoader" id="ejbBeatHeartLoader">
		<constructor-arg index="0" ref="ejbEnv"></constructor-arg>
	</bean>
	
	<jee:jndi-lookup environment-ref="ejbEnv" id="resourceService_jndi" jndi-name="${jndi_prefix}ResourceServiceEjbImpl!com.ailk.easyframe.web.service.resource.ResourceServiceRemote" resource-ref="false"/>
	<bean class="com.ailk.easyframe.web.common.ejb.EjbClientInvokProxy" id="resourceService">
		<property name="target" ref="resourceService_jndi"/>
		<property name="intClazz" value="com.ailk.easyframe.web.service.resource.ResourceServiceRemote"/>
	</bean>
	<jee:jndi-lookup environment-ref="ejbEnv" id="authUserService_jndi" jndi-name="${jndi_prefix}AuthUserServiceEjbImpl!com.ailk.easyframe.web.common.auth.service.AuthUserServiceRemote" resource-ref="false"/>
	<bean class="com.ailk.easyframe.web.common.ejb.EjbClientInvokProxy" id="authUserService">
		<property name="target" ref="authUserService_jndi"/>
		<property name="intClazz" value="com.ailk.easyframe.web.common.auth.service.AuthUserServiceRemote"/>
	</bean>
	<jee:jndi-lookup environment-ref="ejbEnv" id="authUrlResService_jndi" jndi-name="${jndi_prefix}AuthUrlResServiceEjbImpl!com.ailk.easyframe.web.common.auth.service.AuthUrlResServiceRemote" resource-ref="false"/>
	<bean class="com.ailk.easyframe.web.common.ejb.EjbClientInvokProxy" id="authUrlResService">
		<property name="target" ref="authUrlResService_jndi"/>
		<property name="intClazz" value="com.ailk.easyframe.web.common.auth.service.AuthUrlResServiceRemote"/>
	</bean>
	
	<jee:jndi-lookup environment-ref="ejbEnv" id="systemMonitorService_jndi" jndi-name="${jndi_prefix}SystemMonitorServiceEjbImpl!com.ailk.easyframe.web.action.framemonitor.SystemMonitorServiceRemote" resource-ref="false"/>
	<bean class="com.ailk.easyframe.web.common.ejb.EjbClientInvokProxy" id="systemMonitorService">
		<property name="target" ref="systemMonitorService_jndi"/>
		<property name="intClazz" value="com.ailk.easyframe.web.action.framemonitor.SystemMonitorServiceRemote"/>
	</bean>
	
	<jee:jndi-lookup environment-ref="ejbEnv" id="clearCacheService_jndi" jndi-name="${jndi_prefix}ClearCacheServiceEjbImpl!com.ailk.easyframe.web.common.ejb.clearCacheService.ClearCacheService" resource-ref="false"/>
	<bean class="com.ailk.easyframe.web.common.ejb.EjbClientInvokProxy" id="clearCacheService">
		<property name="target" ref="clearCacheService_jndi"/>
		<property name="intClazz" value="com.ailk.easyframe.web.common.ejb.clearCacheService.ClearCacheService"/>
	</bean>
	
</beans>
