<?xml version="1.0" encoding="UTF-8"?>
<beans xmlns="http://www.springframework.org/schema/beans"
	xmlns:xsi="http://www.w3.org/2001/XMLSchema-instance" xmlns:tx="http://www.springframework.org/schema/tx"
	xmlns:aop="http://www.springframework.org/schema/aop" xmlns:mvc="http://www.springframework.org/schema/mvc"
	xmlns:context="http://www.springframework.org/schema/context"
	xsi:schemaLocation="http://www.springframework.org/schema/beans  
	http://www.springframework.org/schema/beans/spring-beans-3.0.xsd  
	http://www.springframework.org/schema/context http://www.springframework.org/schema/context/spring-context-3.0.xsd
	http://www.springframework.org/schema/tx http://www.springframework.org/schema/tx/spring-tx-3.0.xsd  
	http://www.springframework.org/schema/aop http://www.springframework.org/schema/aop/spring-aop-3.0.xsd
	http://www.springframework.org/schema/mvc http://www.springframework.org/schema/mvc/spring-mvc-3.0.xsd"
	default-autowire="byName">

	<!-- 系统默认的Action -->
	<bean id="resource_resourceAction" class="com.ailk.easyframe.web.action.resource.ResourceAction"
		autowire="byName">
		<aop:scoped-proxy proxy-target-class="true" />
	</bean>
	<bean id="export_exportAction" class="com.ailk.easyframe.web.action.export.ExportAction"
		autowire="byName">
		<aop:scoped-proxy proxy-target-class="true" />
	</bean>
	<!--框架内置的系统监控action-->
	<bean id="framemonitor_systemMonitorAction" class="com.ailk.easyframe.web.action.framemonitor.SystemMonitorAction"
		autowire="byName">
		<aop:scoped-proxy proxy-target-class="true" />
	</bean>
	<!--验证码相关-->
	<bean id="captcha_captchaAction" class="com.ailk.easyframe.web.action.captcha.CaptchaAction">
		<aop:scoped-proxy proxy-target-class="true" />
	</bean>
	
	<!-- 其他和请求处理有关的 -->
	<bean id="validatorManager" class="com.ailk.easyframe.web.common.invoker.ValidatorManager" />
	<bean id="actionInvokerFactory"
		class="com.ailk.easyframe.web.common.invoker.InterceptableActionInvokerFactory">
		<property name="validatorManager" ref="validatorManager" />
		<property name="interceptors">
			<!-- 多个拦截器,顺序执行 -->
			<list>
				<ref bean="tokenInterceptor" />
				<ref bean="evalInterceptor" />
				<ref bean="captchaInterceptor" />
			</list>
		</property>
	</bean>

	<bean id="tokenInterceptor"
		class="com.ailk.easyframe.web.action.interceptor.TokenInterceptor" />
	<bean id="evalInterceptor"
		class="com.ailk.easyframe.web.action.interceptor.ResultEvalInterceptor" />
	<bean id="captchaInterceptor" class="com.ailk.easyframe.web.action.interceptor.CaptchaInterceptor" />
	
	<bean id="aiLog_aiBrowserLogAction" class="com.ailk.easyframe.web.action.aiLog.AiBrowserLogAction">
		<aop:scoped-proxy proxy-target-class="true" />
	</bean>

	<bean id="clearCache_clearCacheAction" class="com.ailk.easyframe.web.action.clearCache.ClearCacheAction" autowire="byName">
		<aop:scoped-proxy proxy-target-class="true" />
	</bean>
</beans>
