<?xml version="1.0" encoding="UTF-8"?><beans xmlns="http://www.springframework.org/schema/beans" xmlns:aop="http://www.springframework.org/schema/aop" xmlns:context="http://www.springframework.org/schema/context" xmlns:jee="http://www.springframework.org/schema/jee" xmlns:mvc="http://www.springframework.org/schema/mvc" xmlns:tx="http://www.springframework.org/schema/tx" xmlns:xsi="http://www.w3.org/2001/XMLSchema-instance" xsi:schemaLocation="http://www.springframework.org/schema/beans http://www.springframework.org/schema/beans/spring-beans-3.0.xsd    http://www.springframework.org/schema/context http://www.springframework.org/schema/context/spring-context-3.0.xsd  http://www.springframework.org/schema/tx http://www.springframework.org/schema/tx/spring-tx-3.0.xsd    http://www.springframework.org/schema/aop http://www.springframework.org/schema/aop/spring-aop-3.0.xsd  http://www.springframework.org/schema/mvc http://www.springframework.org/schema/mvc/spring-mvc-3.0.xsd  http://www.springframework.org/schema/jee http://www.springframework.org/schema/jee/spring-jee-3.0.xsd">
	
<bean class="jef.common.Entry" id="_REMOTE_MODE"/>
    <bean class="com.ailk.easyframe.ws.JaxWsProxyBeanFactory" id="resourceService">
        <property name="url">
            <value>/resourceService</value>
        </property>
        <property name="serviceInterface">
            <value>com.ailk.easyframe.web.service.resource.ResourceService</value>
        </property>
    </bean>
    <bean class="com.ailk.easyframe.ws.JaxWsProxyBeanFactory" id="billServ_billServService">
        <property name="url">
            <value>/billServ_billServService</value>
        </property>
        <property name="serviceInterface">
            <value>com.ailk.emcc.service.billServ.BillServService</value>
        </property>
    </bean>
    <bean class="com.ailk.easyframe.ws.JaxWsProxyBeanFactory" id="cdrServ_cdrServService">
        <property name="url">
            <value>/cdrServ_cdrServService</value>
        </property>
        <property name="serviceInterface">
            <value>com.ailk.emcc.service.cdrServ.CdrServService</value>
        </property>
    </bean>
    <bean class="com.ailk.easyframe.ws.JaxWsProxyBeanFactory" id="userServ_userServService">
        <property name="url">
            <value>/userServ_userServService</value>
        </property>
        <property name="serviceInterface">
            <value>com.ailk.emcc.service.userServ.UserServService</value>
        </property>
    </bean>
</beans>
