<?xml version="1.0" encoding="UTF-8"?><beans xmlns="http://www.springframework.org/schema/beans" xmlns:aop="http://www.springframework.org/schema/aop" xmlns:context="http://www.springframework.org/schema/context" xmlns:jee="http://www.springframework.org/schema/jee" xmlns:mvc="http://www.springframework.org/schema/mvc" xmlns:tx="http://www.springframework.org/schema/tx" xmlns:xsi="http://www.w3.org/2001/XMLSchema-instance" xsi:schemaLocation="http://www.springframework.org/schema/beans http://www.springframework.org/schema/beans/spring-beans-3.0.xsd    http://www.springframework.org/schema/context http://www.springframework.org/schema/context/spring-context-3.0.xsd  http://www.springframework.org/schema/tx http://www.springframework.org/schema/tx/spring-tx-3.0.xsd    http://www.springframework.org/schema/aop http://www.springframework.org/schema/aop/spring-aop-3.0.xsd  http://www.springframework.org/schema/mvc http://www.springframework.org/schema/mvc/spring-mvc-3.0.xsd  http://www.springframework.org/schema/jee http://www.springframework.org/schema/jee/spring-jee-3.0.xsd">
	
<bean autowire="byName" class="com.ailk.emcc.action.billServ.BillServActionImpl" id="billServ_billServAction">
        <aop:scoped-proxy proxy-target-class="true"/>
    </bean>
    <bean autowire="byName" class="com.ailk.emcc.action.cdrServ.CdrServActionImpl" id="cdrServ_cdrServAction">
        <aop:scoped-proxy proxy-target-class="true"/>
    </bean>
    <bean autowire="byName" class="com.ailk.emcc.action.userServ.UserServActionImpl" id="userServ_userServAction">
        <aop:scoped-proxy proxy-target-class="true"/>
    </bean>
    <bean autowire="byName" class="com.ailk.emcc.action.validate.ValidateActionImpl" id="validate_validateAction">
        <aop:scoped-proxy proxy-target-class="true"/>
    </bean>
</beans>
