<?xml version="1.0" encoding="UTF-8"?>
<!DOCTYPE mapper PUBLIC "-//mybatis.org//DTD Mapper 3.0//EN" "http://mybatis.org/dtd/mybatis-3-mapper.dtd">
<mapper namespace="com.wwwarehouse.xdw.contractcenter.dao.mapper.PbPlatformHisLogDOMapper">
  <resultMap id="BaseResultMap" type="com.wwwarehouse.xdw.contractcenter.dao.model.PbPlatformHisLogDO">
    <id column="PB_PLATFORM_HIS_LOG_UKID" jdbcType="DECIMAL" property="pbPlatformHisLogUkid" />
    <result column="PB_SHOP_RULE_UKID" jdbcType="DECIMAL" property="pbShopRuleUkid" />
    <result column="OWNER_UKID" jdbcType="DECIMAL" property="ownerUkid" />
    <result column="SHOP_UKID" jdbcType="DECIMAL" property="shopUkid" />
    <result column="PLATFORM_UKID" jdbcType="DECIMAL" property="platformUkid" />
    <result column="RESOURCE_UKID" jdbcType="DECIMAL" property="resourceUkid" />
    <result column="ITEM_UKID" jdbcType="DECIMAL" property="itemUkid" />
    <result column="ORIGIN_QTY" jdbcType="DECIMAL" property="originQty" />
    <result column="RESOURCE_QTY" jdbcType="DECIMAL" property="resourceQty" />
    <result column="CREATE_TIME" jdbcType="TIMESTAMP" property="createTime" />
  </resultMap>
  <sql id="Example_Where_Clause">
    <where>
      <foreach collection="oredCriteria" item="criteria" separator="or">
        <if test="criteria.valid">
          <trim prefix="(" prefixOverrides="and" suffix=")">
            <foreach collection="criteria.criteria" item="criterion">
              <choose>
                <when test="criterion.noValue">
                  and ${criterion.condition}
                </when>
                <when test="criterion.singleValue">
                  and ${criterion.condition} #{criterion.value}
                </when>
                <when test="criterion.betweenValue">
                  and ${criterion.condition} #{criterion.value} and #{criterion.secondValue}
                </when>
                <when test="criterion.listValue">
                  and ${criterion.condition}
                  <foreach close=")" collection="criterion.value" item="listItem" open="(" separator=",">
                    #{listItem}
                  </foreach>
                </when>
              </choose>
            </foreach>
          </trim>
        </if>
      </foreach>
    </where>
  </sql>
  <sql id="Update_By_Example_Where_Clause">
    <where>
      <foreach collection="example.oredCriteria" item="criteria" separator="or">
        <if test="criteria.valid">
          <trim prefix="(" prefixOverrides="and" suffix=")">
            <foreach collection="criteria.criteria" item="criterion">
              <choose>
                <when test="criterion.noValue">
                  and ${criterion.condition}
                </when>
                <when test="criterion.singleValue">
                  and ${criterion.condition} #{criterion.value}
                </when>
                <when test="criterion.betweenValue">
                  and ${criterion.condition} #{criterion.value} and #{criterion.secondValue}
                </when>
                <when test="criterion.listValue">
                  and ${criterion.condition}
                  <foreach close=")" collection="criterion.value" item="listItem" open="(" separator=",">
                    #{listItem}
                  </foreach>
                </when>
              </choose>
            </foreach>
          </trim>
        </if>
      </foreach>
    </where>
  </sql>
  <sql id="Base_Column_List">
    PB_PLATFORM_HIS_LOG_UKID, PB_SHOP_RULE_UKID, OWNER_UKID, SHOP_UKID, PLATFORM_UKID, 
    RESOURCE_UKID, ITEM_UKID, ORIGIN_QTY, RESOURCE_QTY, CREATE_TIME
  </sql>
  <select id="selectByExample" parameterType="com.wwwarehouse.xdw.contractcenter.dao.model.PbPlatformHisLogDOExample" resultMap="BaseResultMap">
    select
    <if test="distinct">
      distinct
    </if>
    <include refid="Base_Column_List" />
    from PB_PLATFORM_HIS_LOG
    <if test="_parameter != null">
      <include refid="Example_Where_Clause" />
    </if>
    <if test="orderByClause != null">
      order by ${orderByClause}
    </if>
    <if test="limit != null">
      <if test="offset != null">
        OFFSET ${offset} rows fetch first ${limit} rows only
      </if>
      <if test="offset == null">
        fetch first ${limit} rows only
      </if>
    </if>
  </select>
  <select id="selectByPrimaryKey" parameterType="java.lang.Long" resultMap="BaseResultMap">
    select 
    <include refid="Base_Column_List" />
    from PB_PLATFORM_HIS_LOG
    where PB_PLATFORM_HIS_LOG_UKID = #{pbPlatformHisLogUkid,jdbcType=DECIMAL}
  </select>
  <delete id="deleteByPrimaryKey" parameterType="java.lang.Long">
    delete from PB_PLATFORM_HIS_LOG
    where PB_PLATFORM_HIS_LOG_UKID = #{pbPlatformHisLogUkid,jdbcType=DECIMAL}
  </delete>
  <delete id="deleteByExample" parameterType="com.wwwarehouse.xdw.contractcenter.dao.model.PbPlatformHisLogDOExample">
    delete from PB_PLATFORM_HIS_LOG
    <if test="_parameter != null">
      <include refid="Example_Where_Clause" />
    </if>
  </delete>
  <insert id="insert" parameterType="com.wwwarehouse.xdw.contractcenter.dao.model.PbPlatformHisLogDO">
    insert into PB_PLATFORM_HIS_LOG (PB_PLATFORM_HIS_LOG_UKID, PB_SHOP_RULE_UKID, 
      OWNER_UKID, SHOP_UKID, PLATFORM_UKID, 
      RESOURCE_UKID, ITEM_UKID, ORIGIN_QTY, 
      RESOURCE_QTY, CREATE_TIME)
    values (#{pbPlatformHisLogUkid,jdbcType=DECIMAL}, #{pbShopRuleUkid,jdbcType=DECIMAL}, 
      #{ownerUkid,jdbcType=DECIMAL}, #{shopUkid,jdbcType=DECIMAL}, #{platformUkid,jdbcType=DECIMAL}, 
      #{resourceUkid,jdbcType=DECIMAL}, #{itemUkid,jdbcType=DECIMAL}, #{originQty,jdbcType=DECIMAL}, 
      #{resourceQty,jdbcType=DECIMAL}, sysdate)
  </insert>
  <insert id="insertSelective" parameterType="com.wwwarehouse.xdw.contractcenter.dao.model.PbPlatformHisLogDO">
    insert into PB_PLATFORM_HIS_LOG
    <trim prefix="(" suffix=")" suffixOverrides=",">
      <if test="pbPlatformHisLogUkid != null">
        PB_PLATFORM_HIS_LOG_UKID,
      </if>
      <if test="pbShopRuleUkid != null">
        PB_SHOP_RULE_UKID,
      </if>
      <if test="ownerUkid != null">
        OWNER_UKID,
      </if>
      <if test="shopUkid != null">
        SHOP_UKID,
      </if>
      <if test="platformUkid != null">
        PLATFORM_UKID,
      </if>
      <if test="resourceUkid != null">
        RESOURCE_UKID,
      </if>
      <if test="itemUkid != null">
        ITEM_UKID,
      </if>
      <if test="originQty != null">
        ORIGIN_QTY,
      </if>
      <if test="resourceQty != null">
        RESOURCE_QTY,
      </if>
      <if test="createTime != null">
        CREATE_TIME,
      </if>
    </trim>
    <trim prefix="values (" suffix=")" suffixOverrides=",">
      <if test="pbPlatformHisLogUkid != null">
        #{pbPlatformHisLogUkid,jdbcType=DECIMAL},
      </if>
      <if test="pbShopRuleUkid != null">
        #{pbShopRuleUkid,jdbcType=DECIMAL},
      </if>
      <if test="ownerUkid != null">
        #{ownerUkid,jdbcType=DECIMAL},
      </if>
      <if test="shopUkid != null">
        #{shopUkid,jdbcType=DECIMAL},
      </if>
      <if test="platformUkid != null">
        #{platformUkid,jdbcType=DECIMAL},
      </if>
      <if test="resourceUkid != null">
        #{resourceUkid,jdbcType=DECIMAL},
      </if>
      <if test="itemUkid != null">
        #{itemUkid,jdbcType=DECIMAL},
      </if>
      <if test="originQty != null">
        #{originQty,jdbcType=DECIMAL},
      </if>
      <if test="resourceQty != null">
        #{resourceQty,jdbcType=DECIMAL},
      </if>
      sysdate,
    </trim>
  </insert>
  <select id="countByExample" parameterType="com.wwwarehouse.xdw.contractcenter.dao.model.PbPlatformHisLogDOExample" resultType="java.lang.Long">
    select count(*) from PB_PLATFORM_HIS_LOG
    <if test="_parameter != null">
      <include refid="Example_Where_Clause" />
    </if>
  </select>
  <update id="updateByExampleSelective" parameterType="map">
    update PB_PLATFORM_HIS_LOG
    <set>
      <if test="record.pbPlatformHisLogUkid != null">
        PB_PLATFORM_HIS_LOG_UKID = #{record.pbPlatformHisLogUkid,jdbcType=DECIMAL},
      </if>
      <if test="record.pbShopRuleUkid != null">
        PB_SHOP_RULE_UKID = #{record.pbShopRuleUkid,jdbcType=DECIMAL},
      </if>
      <if test="record.ownerUkid != null">
        OWNER_UKID = #{record.ownerUkid,jdbcType=DECIMAL},
      </if>
      <if test="record.shopUkid != null">
        SHOP_UKID = #{record.shopUkid,jdbcType=DECIMAL},
      </if>
      <if test="record.platformUkid != null">
        PLATFORM_UKID = #{record.platformUkid,jdbcType=DECIMAL},
      </if>
      <if test="record.resourceUkid != null">
        RESOURCE_UKID = #{record.resourceUkid,jdbcType=DECIMAL},
      </if>
      <if test="record.itemUkid != null">
        ITEM_UKID = #{record.itemUkid,jdbcType=DECIMAL},
      </if>
      <if test="record.originQty != null">
        ORIGIN_QTY = #{record.originQty,jdbcType=DECIMAL},
      </if>
      <if test="record.resourceQty != null">
        RESOURCE_QTY = #{record.resourceQty,jdbcType=DECIMAL},
      </if>
    </set>
    <if test="_parameter != null">
      <include refid="Update_By_Example_Where_Clause" />
    </if>
  </update>
  <update id="updateByExample" parameterType="map">
    update PB_PLATFORM_HIS_LOG
    set PB_PLATFORM_HIS_LOG_UKID = #{record.pbPlatformHisLogUkid,jdbcType=DECIMAL},
      PB_SHOP_RULE_UKID = #{record.pbShopRuleUkid,jdbcType=DECIMAL},
      OWNER_UKID = #{record.ownerUkid,jdbcType=DECIMAL},
      SHOP_UKID = #{record.shopUkid,jdbcType=DECIMAL},
      PLATFORM_UKID = #{record.platformUkid,jdbcType=DECIMAL},
      RESOURCE_UKID = #{record.resourceUkid,jdbcType=DECIMAL},
      ITEM_UKID = #{record.itemUkid,jdbcType=DECIMAL},
      ORIGIN_QTY = #{record.originQty,jdbcType=DECIMAL},
      RESOURCE_QTY = #{record.resourceQty,jdbcType=DECIMAL},
      CREATE_TIME = #{record.createTime,jdbcType=TIMESTAMP}
    <if test="_parameter != null">
      <include refid="Update_By_Example_Where_Clause" />
    </if>
  </update>
  <update id="updateByPrimaryKeySelective" parameterType="com.wwwarehouse.xdw.contractcenter.dao.model.PbPlatformHisLogDO">
    update PB_PLATFORM_HIS_LOG
    <set>
      <if test="pbShopRuleUkid != null">
        PB_SHOP_RULE_UKID = #{pbShopRuleUkid,jdbcType=DECIMAL},
      </if>
      <if test="ownerUkid != null">
        OWNER_UKID = #{ownerUkid,jdbcType=DECIMAL},
      </if>
      <if test="shopUkid != null">
        SHOP_UKID = #{shopUkid,jdbcType=DECIMAL},
      </if>
      <if test="platformUkid != null">
        PLATFORM_UKID = #{platformUkid,jdbcType=DECIMAL},
      </if>
      <if test="resourceUkid != null">
        RESOURCE_UKID = #{resourceUkid,jdbcType=DECIMAL},
      </if>
      <if test="itemUkid != null">
        ITEM_UKID = #{itemUkid,jdbcType=DECIMAL},
      </if>
      <if test="originQty != null">
        ORIGIN_QTY = #{originQty,jdbcType=DECIMAL},
      </if>
      <if test="resourceQty != null">
        RESOURCE_QTY = #{resourceQty,jdbcType=DECIMAL},
      </if>
    </set>
    where PB_PLATFORM_HIS_LOG_UKID = #{pbPlatformHisLogUkid,jdbcType=DECIMAL}
  </update>
  <update id="updateByPrimaryKey" parameterType="com.wwwarehouse.xdw.contractcenter.dao.model.PbPlatformHisLogDO">
    update PB_PLATFORM_HIS_LOG
    set PB_SHOP_RULE_UKID = #{pbShopRuleUkid,jdbcType=DECIMAL},
      OWNER_UKID = #{ownerUkid,jdbcType=DECIMAL},
      SHOP_UKID = #{shopUkid,jdbcType=DECIMAL},
      PLATFORM_UKID = #{platformUkid,jdbcType=DECIMAL},
      RESOURCE_UKID = #{resourceUkid,jdbcType=DECIMAL},
      ITEM_UKID = #{itemUkid,jdbcType=DECIMAL},
      ORIGIN_QTY = #{originQty,jdbcType=DECIMAL},
      RESOURCE_QTY = #{resourceQty,jdbcType=DECIMAL},
      CREATE_TIME = #{createTime,jdbcType=TIMESTAMP}
    where PB_PLATFORM_HIS_LOG_UKID = #{pbPlatformHisLogUkid,jdbcType=DECIMAL}
  </update>
  <cache />
</mapper>