﻿<?xml version="1.0" encoding="UTF-8"?>
<beans xmlns="http://www.springframework.org/schema/beans"
	xmlns:xsi="http://www.w3.org/2001/XMLSchema-instance" xmlns:tx="http://www.springframework.org/schema/tx"
	xmlns:aop="http://www.springframework.org/schema/aop" xmlns:mvc="http://www.springframework.org/schema/mvc"
	xmlns:context="http://www.springframework.org/schema/context"
	xmlns:ehcache="http://ehcache-spring-annotations.googlecode.com/svn/schema/ehcache-spring"
	xsi:schemaLocation="http://www.springframework.org/schema/beans
	http://www.springframework.org/schema/beans/spring-beans-3.0.xsd
	http://www.springframework.org/schema/context http://www.springframework.org/schema/context/spring-context-3.0.xsd
	http://www.springframework.org/schema/tx http://www.springframework.org/schema/tx/spring-tx-3.0.xsd
	http://www.springframework.org/schema/aop http://www.springframework.org/schema/aop/spring-aop-3.0.xsd
	http://www.springframework.org/schema/mvc http://www.springframework.org/schema/mvc/spring-mvc-3.0.xsd
	http://ehcache-spring-annotations.googlecode.com/svn/schema/ehcache-spring   
	http://ehcache-spring-annotations.googlecode.com/svn/schema/ehcache-spring/ehcache-spring-1.1.xsd">

	<!-- 框架的服务层定义 -->
	<import resource="classpath:generated/applicationContext-frame-server.xml" />
	
	<!-- 数据源配置 -->
	<import resource="classpath:datasource.xml" />

	<!-- 引入EasyFrame Service/Dao(框架维护) -->
	<import resource="classpath:generated/applicationContext-bean.xml" />

	<!-- 引入EasyFrame JMX监控配置（可选） -->
	<!-- <import resource="classpath:generated/applicationContext-mb.xml"/>-->
	

	<!--  ========================== 管控日志配置 =========================== -->
	<!-- 说明：管控日志拦截的配置包括两个切面，即此处的配置，此外还包括在web.xml中的Servlet和Filter等配置。
	管控日志对于各种应用来说，不是必须的功能，如果你需要此功能，可以去除下面的三个bean和web.xml中的相关信息。
	管控日志配置的帮助说明位于：http://10.10.10.158:8088/aiwiki/Wiki.jsp?page=EF_CTRL_LOG_CONFIG
	 -->	
	<bean class="com.ailk.easyframe.web.common.ailog.AiLogMaster" />
	<bean id="aiLogAspectj" class="com.ailk.easyframe.web.common.ailog.AiLogServerAspectj">
		<property name="aiLogSupport" ref="aiLogSupport"></property>
	</bean>
	<bean id="aiLogSupport" class="com.ailk.easyframe.web.common.ailog.AiLogDefaultSupportImpl"></bean>
	<bean id="aiDumpAspectj" class="com.ailk.easyframe.web.common.ailog.AiDumpAspectj" />
</beans>
