<?xml version="1.0" encoding="UTF-8"?>
<beans xmlns="http://www.springframework.org/schema/beans" xmlns:aop="http://www.springframework.org/schema/aop" xmlns:context="http://www.springframework.org/schema/context" xmlns:mvc="http://www.springframework.org/schema/mvc" xmlns:tx="http://www.springframework.org/schema/tx" xmlns:xsi="http://www.w3.org/2001/XMLSchema-instance" xsi:schemaLocation="http://www.springframework.org/schema/beans http://www.springframework.org/schema/beans/spring-beans-3.0.xsd    http://www.springframework.org/schema/context http://www.springframework.org/schema/context/spring-context-3.0.xsd  http://www.springframework.org/schema/tx http://www.springframework.org/schema/tx/spring-tx-3.0.xsd    http://www.springframework.org/schema/aop http://www.springframework.org/schema/aop/spring-aop-3.0.xsd  http://www.springframework.org/schema/mvc http://www.springframework.org/schema/mvc/spring-mvc-3.0.xsd">
<bean id="propertyConfigurer"
		class="org.springframework.beans.factory.config.PropertyPlaceholderConfigurer">
		<property name="systemPropertiesModeName" value="SYSTEM_PROPERTIES_MODE_OVERRIDE" />
		<property name="searchSystemEnvironment" value="true" />
		<property name="ignoreUnresolvablePlaceholders" value="true" />
		<!--找不到资源文件不报错 <property name="ignoreResourceNotFound" value="true"/> -->
		<property name="location">
			<value>classpath:config.properties</value>
		</property>
	</bean>

	<!-- redis连接池的配置 -->
	<bean id="jedisPoolConfig" class="redis.clients.jedis.JedisPoolConfig">
		<property name="maxIdle" value="${redisPoolMaxIdle}"/>
		<property name="minIdle" value="${redisPoolMinIdle}"/>
		<property name="testOnBorrow" value="${redisPoolTestOnBorrow}"/>
		<property name="testOnReturn" value="${redisPoolTestOnReturn}"/>
	</bean>
	<!-- redis的连接池pool，不是必选项：timeout/password  -->
	<bean id = "jedisPool" class="com.ailk.emcc.util.validate.MyJedisPool">
		<constructor-arg index="0" ref="jedisPoolConfig"/>
		<constructor-arg index="1" value="${redisHost}"/>
		<constructor-arg index="2" value="${redisPort}" type="int"/>
		<constructor-arg index="3" value="${redisTimeout}" type="int"/>
	</bean>  
	<bean autowire="byName" class="com.ailk.emcc.util.validate.BindCacheImpl" id ="validate_bindCache"/>
	
</beans>