﻿<?xml version="1.0" encoding="UTF-8"?>
<beans xmlns="http://www.springframework.org/schema/beans"
	xmlns:xsi="http://www.w3.org/2001/XMLSchema-instance" xmlns:tx="http://www.springframework.org/schema/tx"
	xmlns:aop="http://www.springframework.org/schema/aop" xmlns:mvc="http://www.springframework.org/schema/mvc"
	xmlns:context="http://www.springframework.org/schema/context"
	xsi:schemaLocation="http://www.springframework.org/schema/beans http://www.springframework.org/schema/beans/spring-beans-3.0.xsd  
	http://www.springframework.org/schema/context http://www.springframework.org/schema/context/spring-context-3.0.xsd
	http://www.springframework.org/schema/tx http://www.springframework.org/schema/tx/spring-tx-3.0.xsd  
	http://www.springframework.org/schema/aop http://www.springframework.org/schema/aop/spring-aop-3.0.xsd
	http://www.springframework.org/schema/mvc http://www.springframework.org/schema/mvc/spring-mvc-3.0.xsd">

	
	<!-- 引入EasyFrame 服务层 --> 
	<import resource="classpath:META-INF/applicationContext-server.xml" />
		<import resource="classpath:META-INF/tfs.xml"/>
	
	<!-- 引入EasyFrame 服务层 WebSerivice Client
	<import resource="classpath:generated/applicationContext-bean-ws.xml"/>
	-->
	<!-- 引入EasyFrame 服务层 EJB Client
	<import resource="classpath:generated/applicationContext-bean-ejbclient.xml"/>
	-->
	
	<!-- 引入EasyFrame Action层 -->
<!-- 	<import resource="classpath:META-INF/applicationContext-redis.xml" />
 -->	
 	<import resource="classpath:META-INF/applicationContext-action.xml" />
	<import resource="classpath:META-INF/ims-emcc-applicationContext-export.xml" />
	<bean id="wechat_config" class="org.sword.wechat4j.common.Config" init-method="instance" lazy-init="false" scope="singleton" />
	<bean id="init_config" class="com.ailk.emcc.util.common.Config" lazy-init="false" init-method="initProperties" scope="singleton" depends-on="wechat_config"/>
	<bean autowire="byName" class="com.ailk.emcc.action.wechat.WeChatServlet" id="wechat_weChatServlet"/>
	<bean autowire="byName" class="com.ailk.emcc.util.common.GetBeanUtil" id="commont_getBeanUtil"/>
<!-- 	<bean autowire="byName" class="com.ailk.emcc.action.wechat.MyWechat" id="wechat_myWechat"/>
 --></beans>
