<beans xmlns="http://www.springframework.org/schema/beans"
       xmlns:xsi="http://www.w3.org/2001/XMLSchema-instance"
       xmlns:context="http://www.springframework.org/schema/context"
       xmlns:dubbo="http://code.alibabatech.com/schema/dubbo"
       xmlns:tx="http://www.springframework.org/schema/tx"
       xmlns:aop="http://www.springframework.org/schema/aop"
       xsi:schemaLocation="http://www.springframework.org/schema/beans
       http://www.springframework.org/schema/beans/spring-beans.xsd
       http://www.springframework.org/schema/context
       http://www.springframework.org/schema/context/spring-context.xsd
	     http://code.alibabatech.com/schema/dubbo
	     http://code.alibabatech.com/schema/dubbo/dubbo.xsd
       http://www.springframework.org/schema/tx
       http://www.springframework.org/schema/tx/spring-tx.xsd
       http://www.springframework.org/schema/aop
       http://www.springframework.org/schema/aop/spring-aop.xsd">

  <context:property-placeholder location="classpath:service-config.properties" ignore-unresolvable="true" />

  <dubbo:application name="datasync-biz" owner="xdw" organization="wwwarehouse"/>

  <!--zookeeper注册中心 -->
  <dubbo:registry address="${dubbo.registry.address}" />
  <!---->
  <dubbo:protocol name="dubbo" port="20880"/>
  <dubbo:protocol name="hessian" port="9090" />
  <!-- 配置监控的服务地址和IP-->
  <!--<dubbo:monitor address="127.0.0.1:7070"/>-->

  <dubbo:annotation package="com.wwwarehouse.xdw.datasync.service" />

  <!-- 发布这个服务 -->
  <!--<dubbo:service connections="100" interface="com.wwwarehouse.dubbo.demo.service.AService" protocol="dubbo" ref="aService" timeout="2000"/>-->
  <!-- 和本地bean一样实现服务 -->
  <!--<bean class="com.wwwarehouse.dubbo.demo.service.impl.AServiceImpl" id="aService"/>-->

</beans>