﻿<?xml version="1.0" encoding="UTF-8"?>
<beans xmlns="http://www.springframework.org/schema/beans"
       xmlns:xsi="http://www.w3.org/2001/XMLSchema-instance"
       xmlns:context="http://www.springframework.org/schema/context"
       xsi:schemaLocation="http://www.springframework.org/schema/beans
       http://www.springframework.org/schema/beans/spring-beans-4.3.xsd
       http://www.springframework.org/schema/context
       http://www.springframework.org/schema/context/spring-context-4.3.xsd">

    <!-- 也可以放到spring-config-mvc中,启用对Controller层的事务.那么 component-scan 不需要排除注解扫描. -->
    <import resource="spring-config-db.xml"/>
    <import resource="spring-config-listener.xml"/>
    <import resource="spring-dubbo-provider.xml"/>
    <import resource="classpath*:spring-context-config.xml"/>
    <import resource="classpath*:spring-ukid-initialize.xml"/>
    <import resource="spring-config-mq.xml"/>
    <import resource="spring-config-redis.xml"/>

    <context:component-scan base-package="com.wwwarehouse.xdw.datasync"/>
</beans>